cycle_ts,env,row_id,status
2026-08-09T22:30:27Z,hw292,1,PASS
2026-08-09T22:30:27Z,hw292,10,PASS
2026-08-09T22:30:27Z,hw292,100,NOTRUN
2026-08-09T22:30:27Z,hw292,101,PASS
2026-08-09T22:30:27Z,hw292,102,FAIL
2026-08-09T22:30:27Z,hw292,103,FAIL
2026-08-09T22:30:27Z,hw292,104,PASS
2026-08-09T22:30:27Z,hw292,105,PASS
2026-08-09T22:30:27Z,hw292,106,FAIL
2026-08-09T22:30:27Z,hw292,107,PASS
2026-08-09T22:30:27Z,hw292,108,PASS
2026-08-09T22:30:27Z,hw292,109,PASS
2026-08-09T22:30:27Z,hw292,11,PASS
2026-08-09T22:30:27Z,hw292,110,PASS
2026-08-09T22:30:27Z,hw292,111,PASS
2026-08-09T22:30:27Z,hw292,112,PASS
2026-08-09T22:30:27Z,hw292,113,PASS
2026-08-09T22:30:27Z,hw292,114,PASS
2026-08-09T22:30:27Z,hw292,115,FAIL
2026-08-09T22:30:27Z,hw292,116,PASS
2026-08-09T22:30:27Z,hw292,117,PASS
2026-08-09T22:30:27Z,hw292,118,PASS
2026-08-09T22:30:27Z,hw292,119,PASS
2026-08-09T22:30:27Z,hw292,12,PASS
2026-08-09T22:30:27Z,hw292,120,PASS
2026-08-09T22:30:27Z,hw292,121,FAIL
2026-08-09T22:30:27Z,hw292,122,PASS
2026-08-09T22:30:27Z,hw292,123,FAIL
2026-08-09T22:30:27Z,hw292,124,PASS
2026-08-09T22:30:27Z,hw292,125,PASS
2026-08-09T22:30:27Z,hw292,126,PASS
2026-08-09T22:30:27Z,hw292,127,PASS
2026-08-09T22:30:27Z,hw292,128,PASS
2026-08-09T22:30:27Z,hw292,129,PASS
2026-08-09T22:30:27Z,hw292,13,PASS
2026-08-09T22:30:27Z,hw292,130,PASS
2026-08-09T22:30:27Z,hw292,131,PASS
2026-08-09T22:30:27Z,hw292,132,PASS
2026-08-09T22:30:27Z,hw292,133,PASS
2026-08-09T22:30:27Z,hw292,134,PASS
2026-08-09T22:30:27Z,hw292,135,PASS
2026-08-09T22:30:27Z,hw292,136,PASS
2026-08-09T22:30:27Z,hw292,137,PASS
2026-08-09T22:30:27Z,hw292,138,PASS
2026-08-09T22:30:27Z,hw292,139,PASS
2026-08-09T22:30:27Z,hw292,14,PASS
2026-08-09T22:30:27Z,hw292,140,PASS
2026-08-09T22:30:27Z,hw292,141,PASS
2026-08-09T22:30:27Z,hw292,142,PASS
2026-08-09T22:30:27Z,hw292,143,PASS
2026-08-09T22:30:27Z,hw292,144,PASS
2026-08-09T22:30:27Z,hw292,145,PASS
2026-08-09T22:30:27Z,hw292,146,PASS
2026-08-09T22:30:27Z,hw292,147,PASS
2026-08-09T22:30:27Z,hw292,148,PASS
2026-08-09T22:30:27Z,hw292,149,PASS
2026-08-09T22:30:27Z,hw292,15,FAIL
2026-08-09T22:30:27Z,hw292,150,PASS
2026-08-09T22:30:27Z,hw292,151,PASS
2026-08-09T22:30:27Z,hw292,152,PASS
2026-08-09T22:30:27Z,hw292,153,PASS
2026-08-09T22:30:27Z,hw292,154,PASS
2026-08-09T22:30:27Z,hw292,155,PASS
2026-08-09T22:30:27Z,hw292,156,PASS
2026-08-09T22:30:27Z,hw292,157,PASS
2026-08-09T22:30:27Z,hw292,158,PASS
2026-08-09T22:30:27Z,hw292,159,PASS
2026-08-09T22:30:27Z,hw292,16,PASS
2026-08-09T22:30:27Z,hw292,160,PASS
2026-08-09T22:30:27Z,hw292,161,PASS
2026-08-09T22:30:27Z,hw292,162,PASS
2026-08-09T22:30:27Z,hw292,163,PASS
2026-08-09T22:30:27Z,hw292,164,FAIL
2026-08-09T22:30:27Z,hw292,165,NOTRUN
2026-08-09T22:30:27Z,hw292,166,PASS
2026-08-09T22:30:27Z,hw292,167,PASS
2026-08-09T22:30:27Z,hw292,168,PASS
2026-08-09T22:30:27Z,hw292,169,PASS
2026-08-09T22:30:27Z,hw292,17,PASS
2026-08-09T22:30:27Z,hw292,170,PASS
2026-08-09T22:30:27Z,hw292,171,PASS
2026-08-09T22:30:27Z,hw292,172,PASS
2026-08-09T22:30:27Z,hw292,173,PASS
2026-08-09T22:30:27Z,hw292,174,PASS
2026-08-09T22:30:27Z,hw292,175,PASS
2026-08-09T22:30:27Z,hw292,176,NOTRUN
2026-08-09T22:30:27Z,hw292,177,NOTRUN
2026-08-09T22:30:27Z,hw292,178,FAIL
2026-08-09T22:30:27Z,hw292,179,PASS
2026-08-09T22:30:27Z,hw292,18,PASS
2026-08-09T22:30:27Z,hw292,180,PASS
2026-08-09T22:30:27Z,hw292,181,PASS
2026-08-09T22:30:27Z,hw292,182,PASS
2026-08-09T22:30:27Z,hw292,183,NOTRUN
2026-08-09T22:30:27Z,hw292,184,NOTRUN
2026-08-09T22:30:27Z,hw292,185,PASS
2026-08-09T22:30:27Z,hw292,186,PASS
2026-08-09T22:30:27Z,hw292,187,PASS
2026-08-09T22:30:27Z,hw292,188,NOTRUN
2026-08-09T22:30:27Z,hw292,189,PASS
2026-08-09T22:30:27Z,hw292,19,NOTRUN
2026-08-09T22:30:27Z,hw292,190,PASS
2026-08-09T22:30:27Z,hw292,191,PASS
2026-08-09T22:30:27Z,hw292,192,NOTRUN
2026-08-09T22:30:27Z,hw292,193,PASS
2026-08-09T22:30:27Z,hw292,194,PASS
2026-08-09T22:30:27Z,hw292,195,NOTRUN
2026-08-09T22:30:27Z,hw292,196,PASS
2026-08-09T22:30:27Z,hw292,197,PASS
2026-08-09T22:30:27Z,hw292,198,PASS
2026-08-09T22:30:27Z,hw292,199,PASS
2026-08-09T22:30:27Z,hw292,2,PASS
2026-08-09T22:30:27Z,hw292,20,PASS
2026-08-09T22:30:27Z,hw292,200,PASS
2026-08-09T22:30:27Z,hw292,201,PASS
2026-08-09T22:30:27Z,hw292,202,PASS
2026-08-09T22:30:27Z,hw292,203,PASS
2026-08-09T22:30:27Z,hw292,204,PASS
2026-08-09T22:30:27Z,hw292,205,PASS
2026-08-09T22:30:27Z,hw292,206,PASS
2026-08-09T22:30:27Z,hw292,207,PASS
2026-08-09T22:30:27Z,hw292,208,PASS
2026-08-09T22:30:27Z,hw292,209,PASS
2026-08-09T22:30:27Z,hw292,21,PASS
2026-08-09T22:30:27Z,hw292,210,PASS
2026-08-09T22:30:27Z,hw292,211,PASS
2026-08-09T22:30:27Z,hw292,212,FAIL
2026-08-09T22:30:27Z,hw292,213,FAIL
2026-08-09T22:30:27Z,hw292,214,PASS
2026-08-09T22:30:27Z,hw292,215,PASS
2026-08-09T22:30:27Z,hw292,216,FAIL
2026-08-09T22:30:27Z,hw292,217,FAIL
2026-08-09T22:30:27Z,hw292,218,NOTRUN
2026-08-09T22:30:27Z,hw292,219,FAIL
2026-08-09T22:30:27Z,hw292,22,PASS
2026-08-09T22:30:27Z,hw292,220,NOTRUN
2026-08-09T22:30:27Z,hw292,221,NOTRUN
2026-08-09T22:30:27Z,hw292,222,NOTRUN
2026-08-09T22:30:27Z,hw292,223,FAIL
2026-08-09T22:30:27Z,hw292,224,PASS
2026-08-09T22:30:27Z,hw292,225,NOTRUN
2026-08-09T22:30:27Z,hw292,226,PASS
2026-08-09T22:30:27Z,hw292,227,NOTRUN
2026-08-09T22:30:27Z,hw292,228,FAIL
2026-08-09T22:30:27Z,hw292,229,PASS
2026-08-09T22:30:27Z,hw292,23,PASS
2026-08-09T22:30:27Z,hw292,230,PASS
2026-08-09T22:30:27Z,hw292,231,PASS
2026-08-09T22:30:27Z,hw292,232,PASS
2026-08-09T22:30:27Z,hw292,233,FAIL
2026-08-09T22:30:27Z,hw292,234,FAIL
2026-08-09T22:30:27Z,hw292,235,PASS
2026-08-09T22:30:27Z,hw292,236,PASS
2026-08-09T22:30:27Z,hw292,237,PASS
2026-08-09T22:30:27Z,hw292,238,FAIL
2026-08-09T22:30:27Z,hw292,239,PASS
2026-08-09T22:30:27Z,hw292,24,PASS
2026-08-09T22:30:27Z,hw292,240,PASS
2026-08-09T22:30:27Z,hw292,241,FAIL
2026-08-09T22:30:27Z,hw292,242,NOTRUN
2026-08-09T22:30:27Z,hw292,243,PASS
2026-08-09T22:30:27Z,hw292,25,NOTRUN
2026-08-09T22:30:27Z,hw292,26,PASS
2026-08-09T22:30:27Z,hw292,27,PASS
2026-08-09T22:30:27Z,hw292,28,PASS
2026-08-09T22:30:27Z,hw292,29,FAIL
2026-08-09T22:30:27Z,hw292,3,FAIL
2026-08-09T22:30:27Z,hw292,30,PASS
2026-08-09T22:30:27Z,hw292,31,PASS
2026-08-09T22:30:27Z,hw292,32,PASS
2026-08-09T22:30:27Z,hw292,33,FAIL
2026-08-09T22:30:27Z,hw292,34,PASS
2026-08-09T22:30:27Z,hw292,35,PASS
2026-08-09T22:30:27Z,hw292,36,PASS
2026-08-09T22:30:27Z,hw292,37,FAIL
2026-08-09T22:30:27Z,hw292,38,NOTRUN
2026-08-09T22:30:27Z,hw292,39,PASS
2026-08-09T22:30:27Z,hw292,4,NOTRUN
2026-08-09T22:30:27Z,hw292,40,PASS
2026-08-09T22:30:27Z,hw292,41,FAIL
2026-08-09T22:30:27Z,hw292,42,PASS
2026-08-09T22:30:27Z,hw292,43,PASS
2026-08-09T22:30:27Z,hw292,44,PASS
2026-08-09T22:30:27Z,hw292,45,PASS
2026-08-09T22:30:27Z,hw292,46,PASS
2026-08-09T22:30:27Z,hw292,47,PASS
2026-08-09T22:30:27Z,hw292,48,NOTRUN
2026-08-09T22:30:27Z,hw292,49,PASS
2026-08-09T22:30:27Z,hw292,5,PASS
2026-08-09T22:30:27Z,hw292,50,PASS
2026-08-09T22:30:27Z,hw292,51,PASS
2026-08-09T22:30:27Z,hw292,52,PASS
2026-08-09T22:30:27Z,hw292,53,PASS
2026-08-09T22:30:27Z,hw292,54,PASS
2026-08-09T22:30:27Z,hw292,55,NOTRUN
2026-08-09T22:30:27Z,hw292,56,PASS
2026-08-09T22:30:27Z,hw292,57,FAIL
2026-08-09T22:30:27Z,hw292,58,PASS
2026-08-09T22:30:27Z,hw292,59,NOTRUN
2026-08-09T22:30:27Z,hw292,6,PASS
2026-08-09T22:30:27Z,hw292,60,FAIL
2026-08-09T22:30:27Z,hw292,61,PASS
2026-08-09T22:30:27Z,hw292,62,NOTRUN
2026-08-09T22:30:27Z,hw292,63,NOTRUN
2026-08-09T22:30:27Z,hw292,64,PASS
2026-08-09T22:30:27Z,hw292,65,PASS
2026-08-09T22:30:27Z,hw292,66,PASS
2026-08-09T22:30:27Z,hw292,67,FAIL
2026-08-09T22:30:27Z,hw292,68,PASS
2026-08-09T22:30:27Z,hw292,69,FAIL
2026-08-09T22:30:27Z,hw292,7,NOTRUN
2026-08-09T22:30:27Z,hw292,70,PASS
2026-08-09T22:30:27Z,hw292,71,NOTRUN
2026-08-09T22:30:27Z,hw292,72,PASS
2026-08-09T22:30:27Z,hw292,73,PASS
2026-08-09T22:30:27Z,hw292,74,PASS
2026-08-09T22:30:27Z,hw292,75,NOTRUN
2026-08-09T22:30:27Z,hw292,76,PASS
2026-08-09T22:30:27Z,hw292,77,PASS
2026-08-09T22:30:27Z,hw292,78,PASS
2026-08-09T22:30:27Z,hw292,79,PASS
2026-08-09T22:30:27Z,hw292,8,PASS
2026-08-09T22:30:27Z,hw292,80,PASS
2026-08-09T22:30:27Z,hw292,81,PASS
2026-08-09T22:30:27Z,hw292,82,PASS
2026-08-09T22:30:27Z,hw292,83,PASS
2026-08-09T22:30:27Z,hw292,84,FAIL
2026-08-09T22:30:27Z,hw292,85,FAIL
2026-08-09T22:30:27Z,hw292,86,FAIL
2026-08-09T22:30:27Z,hw292,87,FAIL
2026-08-09T22:30:27Z,hw292,88,FAIL
2026-08-09T22:30:27Z,hw292,89,PASS
2026-08-09T22:30:27Z,hw292,9,PASS
2026-08-09T22:30:27Z,hw292,90,FAIL
2026-08-09T22:30:27Z,hw292,91,FAIL
2026-08-09T22:30:27Z,hw292,92,FAIL
2026-08-09T22:30:27Z,hw292,93,PASS
2026-08-09T22:30:27Z,hw292,94,FAIL
2026-08-09T22:30:27Z,hw292,95,FAIL
2026-08-09T22:30:27Z,hw292,96,NOTRUN
2026-08-09T22:30:27Z,hw292,97,PASS
2026-08-09T22:30:27Z,hw292,98,FAIL
2026-08-09T22:30:27Z,hw292,99,PASS
2026-08-09T22:30:27Z,hw292,G1,PASS
2026-08-09T22:30:27Z,hw292,G10,PASS
2026-08-09T22:30:27Z,hw292,G11,PASS
2026-08-09T22:30:27Z,hw292,G12,PASS
2026-08-09T22:30:27Z,hw292,G2,NOTRUN
2026-08-09T22:30:27Z,hw292,G3,NOTRUN
2026-08-09T22:30:27Z,hw292,G4,NOTRUN
2026-08-09T22:30:27Z,hw292,G5,PASS
2026-08-09T22:30:27Z,hw292,G6,PASS
2026-08-09T22:30:27Z,hw292,G7,NOTRUN
2026-08-09T22:30:27Z,hw292,G8,NOTRUN
2026-08-09T22:30:27Z,hw292,G9,NOTRUN
2026-08-09T22:30:27Z,hw292,M1,PASS
2026-08-09T22:30:27Z,hw292,M2,PASS
2026-08-09T22:30:27Z,hw292,M3,PASS
2026-08-09T22:30:27Z,hw292,M4,PASS
2026-08-09T22:30:27Z,hw292,R1,PASS
2026-08-09T22:30:27Z,hw292,R10,PASS
2026-08-09T22:30:27Z,hw292,R11,PASS
2026-08-09T22:30:27Z,hw292,R12,PASS
2026-08-09T22:30:27Z,hw292,R13,PASS
2026-08-09T22:30:27Z,hw292,R14,PASS
2026-08-09T22:30:27Z,hw292,R15,PASS
2026-08-09T22:30:27Z,hw292,R16,NOTRUN
2026-08-09T22:30:27Z,hw292,R17,FAIL
2026-08-09T22:30:27Z,hw292,R18,PASS
2026-08-09T22:30:27Z,hw292,R19,PASS
2026-08-09T22:30:27Z,hw292,R2,PASS
2026-08-09T22:30:27Z,hw292,R20,PASS
2026-08-09T22:30:27Z,hw292,R21,PASS
2026-08-09T22:30:27Z,hw292,R22,NOTRUN
2026-08-09T22:30:27Z,hw292,R3,PASS
2026-08-09T22:30:27Z,hw292,R4,PASS
2026-08-09T22:30:27Z,hw292,R5,PASS
2026-08-09T22:30:27Z,hw292,R6,PASS
2026-08-09T22:30:27Z,hw292,R7,PASS
2026-08-09T22:30:27Z,hw292,R8,PASS
2026-08-09T22:30:27Z,hw292,R9,PASS
2026-08-09T22:30:27Z,hw292,W1,FAIL
2026-08-09T22:30:27Z,hw292,W2,FAIL
2026-08-09T22:30:27Z,hw292,W3,PASS
2026-08-09T22:30:27Z,hw292,W4,PASS
2026-08-09T22:30:27Z,hw292,W5,FAIL
2026-08-09T22:51:41Z,hw292,1,PASS
2026-08-09T22:51:41Z,hw292,10,PASS
2026-08-09T22:51:41Z,hw292,100,NOTRUN
2026-08-09T22:51:41Z,hw292,101,PASS
2026-08-09T22:51:41Z,hw292,102,FAIL
2026-08-09T22:51:41Z,hw292,103,FAIL
2026-08-09T22:51:41Z,hw292,104,PASS
2026-08-09T22:51:41Z,hw292,105,PASS
2026-08-09T22:51:41Z,hw292,106,FAIL
2026-08-09T22:51:41Z,hw292,107,PASS
2026-08-09T22:51:41Z,hw292,108,PASS
2026-08-09T22:51:41Z,hw292,109,PASS
2026-08-09T22:51:41Z,hw292,11,PASS
2026-08-09T22:51:41Z,hw292,110,PASS
2026-08-09T22:51:41Z,hw292,111,PASS
2026-08-09T22:51:41Z,hw292,112,PASS
2026-08-09T22:51:41Z,hw292,113,PASS
2026-08-09T22:51:41Z,hw292,114,PASS
2026-08-09T22:51:41Z,hw292,115,FAIL
2026-08-09T22:51:41Z,hw292,116,PASS
2026-08-09T22:51:41Z,hw292,117,PASS
2026-08-09T22:51:41Z,hw292,118,PASS
2026-08-09T22:51:41Z,hw292,119,PASS
2026-08-09T22:51:41Z,hw292,12,PASS
2026-08-09T22:51:41Z,hw292,120,PASS
2026-08-09T22:51:41Z,hw292,121,FAIL
2026-08-09T22:51:41Z,hw292,122,PASS
2026-08-09T22:51:41Z,hw292,123,FAIL
2026-08-09T22:51:41Z,hw292,124,PASS
2026-08-09T22:51:41Z,hw292,125,PASS
2026-08-09T22:51:41Z,hw292,126,PASS
2026-08-09T22:51:41Z,hw292,127,PASS
2026-08-09T22:51:41Z,hw292,128,PASS
2026-08-09T22:51:41Z,hw292,129,PASS
2026-08-09T22:51:41Z,hw292,13,PASS
2026-08-09T22:51:41Z,hw292,130,PASS
2026-08-09T22:51:41Z,hw292,131,PASS
2026-08-09T22:51:41Z,hw292,132,PASS
2026-08-09T22:51:41Z,hw292,133,PASS
2026-08-09T22:51:41Z,hw292,134,PASS
2026-08-09T22:51:41Z,hw292,135,PASS
2026-08-09T22:51:41Z,hw292,136,PASS
2026-08-09T22:51:41Z,hw292,137,PASS
2026-08-09T22:51:41Z,hw292,138,PASS
2026-08-09T22:51:41Z,hw292,139,PASS
2026-08-09T22:51:41Z,hw292,14,PASS
2026-08-09T22:51:41Z,hw292,140,PASS
2026-08-09T22:51:41Z,hw292,141,PASS
2026-08-09T22:51:41Z,hw292,142,PASS
2026-08-09T22:51:41Z,hw292,143,PASS
2026-08-09T22:51:41Z,hw292,144,PASS
2026-08-09T22:51:41Z,hw292,145,PASS
2026-08-09T22:51:41Z,hw292,146,PASS
2026-08-09T22:51:41Z,hw292,147,PASS
2026-08-09T22:51:41Z,hw292,148,PASS
2026-08-09T22:51:41Z,hw292,149,PASS
2026-08-09T22:51:41Z,hw292,15,FAIL
2026-08-09T22:51:41Z,hw292,150,PASS
2026-08-09T22:51:41Z,hw292,151,PASS
2026-08-09T22:51:41Z,hw292,152,PASS
2026-08-09T22:51:41Z,hw292,153,PASS
2026-08-09T22:51:41Z,hw292,154,PASS
2026-08-09T22:51:41Z,hw292,155,PASS
2026-08-09T22:51:41Z,hw292,156,PASS
2026-08-09T22:51:41Z,hw292,157,PASS
2026-08-09T22:51:41Z,hw292,158,PASS
2026-08-09T22:51:41Z,hw292,159,PASS
2026-08-09T22:51:41Z,hw292,16,PASS
2026-08-09T22:51:41Z,hw292,160,PASS
2026-08-09T22:51:41Z,hw292,161,PASS
2026-08-09T22:51:41Z,hw292,162,PASS
2026-08-09T22:51:41Z,hw292,163,PASS
2026-08-09T22:51:41Z,hw292,164,FAIL
2026-08-09T22:51:41Z,hw292,165,NOTRUN
2026-08-09T22:51:41Z,hw292,166,PASS
2026-08-09T22:51:41Z,hw292,167,PASS
2026-08-09T22:51:41Z,hw292,168,PASS
2026-08-09T22:51:41Z,hw292,169,PASS
2026-08-09T22:51:41Z,hw292,17,PASS
2026-08-09T22:51:41Z,hw292,170,PASS
2026-08-09T22:51:41Z,hw292,171,PASS
2026-08-09T22:51:41Z,hw292,172,PASS
2026-08-09T22:51:41Z,hw292,173,PASS
2026-08-09T22:51:41Z,hw292,174,PASS
2026-08-09T22:51:41Z,hw292,175,PASS
2026-08-09T22:51:41Z,hw292,176,NOTRUN
2026-08-09T22:51:41Z,hw292,177,NOTRUN
2026-08-09T22:51:41Z,hw292,178,FAIL
2026-08-09T22:51:41Z,hw292,179,PASS
2026-08-09T22:51:41Z,hw292,18,PASS
2026-08-09T22:51:41Z,hw292,180,PASS
2026-08-09T22:51:41Z,hw292,181,PASS
2026-08-09T22:51:41Z,hw292,182,PASS
2026-08-09T22:51:41Z,hw292,183,NOTRUN
2026-08-09T22:51:41Z,hw292,184,NOTRUN
2026-08-09T22:51:41Z,hw292,185,PASS
2026-08-09T22:51:41Z,hw292,186,PASS
2026-08-09T22:51:41Z,hw292,187,PASS
2026-08-09T22:51:41Z,hw292,188,NOTRUN
2026-08-09T22:51:41Z,hw292,189,PASS
2026-08-09T22:51:41Z,hw292,19,NOTRUN
2026-08-09T22:51:41Z,hw292,190,PASS
2026-08-09T22:51:41Z,hw292,191,PASS
2026-08-09T22:51:41Z,hw292,192,NOTRUN
2026-08-09T22:51:41Z,hw292,193,PASS
2026-08-09T22:51:41Z,hw292,194,PASS
2026-08-09T22:51:41Z,hw292,195,NOTRUN
2026-08-09T22:51:41Z,hw292,196,PASS
2026-08-09T22:51:41Z,hw292,197,PASS
2026-08-09T22:51:41Z,hw292,198,PASS
2026-08-09T22:51:41Z,hw292,199,PASS
2026-08-09T22:51:41Z,hw292,2,PASS
2026-08-09T22:51:41Z,hw292,20,PASS
2026-08-09T22:51:41Z,hw292,200,PASS
2026-08-09T22:51:41Z,hw292,201,PASS
2026-08-09T22:51:41Z,hw292,202,PASS
2026-08-09T22:51:41Z,hw292,203,PASS
2026-08-09T22:51:41Z,hw292,204,PASS
2026-08-09T22:51:41Z,hw292,205,PASS
2026-08-09T22:51:41Z,hw292,206,PASS
2026-08-09T22:51:41Z,hw292,207,PASS
2026-08-09T22:51:41Z,hw292,208,PASS
2026-08-09T22:51:41Z,hw292,209,PASS
2026-08-09T22:51:41Z,hw292,21,PASS
2026-08-09T22:51:41Z,hw292,210,PASS
2026-08-09T22:51:41Z,hw292,211,PASS
2026-08-09T22:51:41Z,hw292,212,FAIL
2026-08-09T22:51:41Z,hw292,213,FAIL
2026-08-09T22:51:41Z,hw292,214,PASS
2026-08-09T22:51:41Z,hw292,215,PASS
2026-08-09T22:51:41Z,hw292,216,FAIL
2026-08-09T22:51:41Z,hw292,217,FAIL
2026-08-09T22:51:41Z,hw292,218,NOTRUN
2026-08-09T22:51:41Z,hw292,219,FAIL
2026-08-09T22:51:41Z,hw292,22,PASS
2026-08-09T22:51:41Z,hw292,220,NOTRUN
2026-08-09T22:51:41Z,hw292,221,FAIL
2026-08-09T22:51:41Z,hw292,222,FAIL
2026-08-09T22:51:41Z,hw292,223,FAIL
2026-08-09T22:51:41Z,hw292,224,PASS
2026-08-09T22:51:41Z,hw292,225,NOTRUN
2026-08-09T22:51:41Z,hw292,226,PASS
2026-08-09T22:51:41Z,hw292,227,PASS
2026-08-09T22:51:41Z,hw292,228,FAIL
2026-08-09T22:51:41Z,hw292,229,PASS
2026-08-09T22:51:41Z,hw292,23,PASS
2026-08-09T22:51:41Z,hw292,230,PASS
2026-08-09T22:51:41Z,hw292,231,PASS
2026-08-09T22:51:41Z,hw292,232,PASS
2026-08-09T22:51:41Z,hw292,233,FAIL
2026-08-09T22:51:41Z,hw292,234,FAIL
2026-08-09T22:51:41Z,hw292,235,PASS
2026-08-09T22:51:41Z,hw292,236,PASS
2026-08-09T22:51:41Z,hw292,237,PASS
2026-08-09T22:51:41Z,hw292,238,FAIL
2026-08-09T22:51:41Z,hw292,239,PASS
2026-08-09T22:51:41Z,hw292,24,PASS
2026-08-09T22:51:41Z,hw292,240,PASS
2026-08-09T22:51:41Z,hw292,241,FAIL
2026-08-09T22:51:41Z,hw292,242,NOTRUN
2026-08-09T22:51:41Z,hw292,243,PASS
2026-08-09T22:51:41Z,hw292,25,NOTRUN
2026-08-09T22:51:41Z,hw292,26,PASS
2026-08-09T22:51:41Z,hw292,27,PASS
2026-08-09T22:51:41Z,hw292,28,PASS
2026-08-09T22:51:41Z,hw292,29,FAIL
2026-08-09T22:51:41Z,hw292,3,FAIL
2026-08-09T22:51:41Z,hw292,30,PASS
2026-08-09T22:51:41Z,hw292,31,PASS
2026-08-09T22:51:41Z,hw292,32,PASS
2026-08-09T22:51:41Z,hw292,33,FAIL
2026-08-09T22:51:41Z,hw292,34,PASS
2026-08-09T22:51:41Z,hw292,35,PASS
2026-08-09T22:51:41Z,hw292,36,PASS
2026-08-09T22:51:41Z,hw292,37,FAIL
2026-08-09T22:51:41Z,hw292,38,FAIL
2026-08-09T22:51:41Z,hw292,39,PASS
2026-08-09T22:51:41Z,hw292,4,NOTRUN
2026-08-09T22:51:41Z,hw292,40,PASS
2026-08-09T22:51:41Z,hw292,41,FAIL
2026-08-09T22:51:41Z,hw292,42,PASS
2026-08-09T22:51:41Z,hw292,43,PASS
2026-08-09T22:51:41Z,hw292,44,PASS
2026-08-09T22:51:41Z,hw292,45,PASS
2026-08-09T22:51:41Z,hw292,46,PASS
2026-08-09T22:51:41Z,hw292,47,PASS
2026-08-09T22:51:41Z,hw292,48,NOTRUN
2026-08-09T22:51:41Z,hw292,49,PASS
2026-08-09T22:51:41Z,hw292,5,PASS
2026-08-09T22:51:41Z,hw292,50,PASS
2026-08-09T22:51:41Z,hw292,51,PASS
2026-08-09T22:51:41Z,hw292,52,PASS
2026-08-09T22:51:41Z,hw292,53,PASS
2026-08-09T22:51:41Z,hw292,54,PASS
2026-08-09T22:51:41Z,hw292,55,NOTRUN
2026-08-09T22:51:41Z,hw292,56,PASS
2026-08-09T22:51:41Z,hw292,57,FAIL
2026-08-09T22:51:41Z,hw292,58,PASS
2026-08-09T22:51:41Z,hw292,59,NOTRUN
2026-08-09T22:51:41Z,hw292,6,PASS
2026-08-09T22:51:41Z,hw292,60,FAIL
2026-08-09T22:51:41Z,hw292,61,PASS
2026-08-09T22:51:41Z,hw292,62,NOTRUN
2026-08-09T22:51:41Z,hw292,63,NOTRUN
2026-08-09T22:51:41Z,hw292,64,PASS
2026-08-09T22:51:41Z,hw292,65,PASS
2026-08-09T22:51:41Z,hw292,66,PASS
2026-08-09T22:51:41Z,hw292,67,FAIL
2026-08-09T22:51:41Z,hw292,68,PASS
2026-08-09T22:51:41Z,hw292,69,FAIL
2026-08-09T22:51:41Z,hw292,7,NOTRUN
2026-08-09T22:51:41Z,hw292,70,PASS
2026-08-09T22:51:41Z,hw292,71,NOTRUN
2026-08-09T22:51:41Z,hw292,72,PASS
2026-08-09T22:51:41Z,hw292,73,PASS
2026-08-09T22:51:41Z,hw292,74,PASS
2026-08-09T22:51:41Z,hw292,75,NOTRUN
2026-08-09T22:51:41Z,hw292,76,PASS
2026-08-09T22:51:41Z,hw292,77,PASS
2026-08-09T22:51:41Z,hw292,78,PASS
2026-08-09T22:51:41Z,hw292,79,PASS
2026-08-09T22:51:41Z,hw292,8,PASS
2026-08-09T22:51:41Z,hw292,80,PASS
2026-08-09T22:51:41Z,hw292,81,PASS
2026-08-09T22:51:41Z,hw292,82,PASS
2026-08-09T22:51:41Z,hw292,83,PASS
2026-08-09T22:51:41Z,hw292,84,FAIL
2026-08-09T22:51:41Z,hw292,85,FAIL
2026-08-09T22:51:41Z,hw292,86,FAIL
2026-08-09T22:51:41Z,hw292,87,FAIL
2026-08-09T22:51:41Z,hw292,88,FAIL
2026-08-09T22:51:41Z,hw292,89,PASS
2026-08-09T22:51:41Z,hw292,9,PASS
2026-08-09T22:51:41Z,hw292,90,FAIL
2026-08-09T22:51:41Z,hw292,91,FAIL
2026-08-09T22:51:41Z,hw292,92,FAIL
2026-08-09T22:51:41Z,hw292,93,PASS
2026-08-09T22:51:41Z,hw292,94,FAIL
2026-08-09T22:51:41Z,hw292,95,FAIL
2026-08-09T22:51:41Z,hw292,96,FAIL
2026-08-09T22:51:41Z,hw292,97,PASS
2026-08-09T22:51:41Z,hw292,98,FAIL
2026-08-09T22:51:41Z,hw292,99,PASS
2026-08-09T22:51:41Z,hw292,G1,PASS
2026-08-09T22:51:41Z,hw292,G10,PASS
2026-08-09T22:51:41Z,hw292,G11,PASS
2026-08-09T22:51:41Z,hw292,G12,PASS
2026-08-09T22:51:41Z,hw292,G2,NOTRUN
2026-08-09T22:51:41Z,hw292,G3,PASS
2026-08-09T22:51:41Z,hw292,G4,PASS
2026-08-09T22:51:41Z,hw292,G5,PASS
2026-08-09T22:51:41Z,hw292,G6,PASS
2026-08-09T22:51:41Z,hw292,G7,NOTRUN
2026-08-09T22:51:41Z,hw292,G8,NOTRUN
2026-08-09T22:51:41Z,hw292,G9,NOTRUN
2026-08-09T22:51:41Z,hw292,M1,PASS
2026-08-09T22:51:41Z,hw292,M2,PASS
2026-08-09T22:51:41Z,hw292,M3,PASS
2026-08-09T22:51:41Z,hw292,M4,PASS
2026-08-09T22:51:41Z,hw292,R1,PASS
2026-08-09T22:51:41Z,hw292,R10,PASS
2026-08-09T22:51:41Z,hw292,R11,PASS
2026-08-09T22:51:41Z,hw292,R12,PASS
2026-08-09T22:51:41Z,hw292,R13,PASS
2026-08-09T22:51:41Z,hw292,R14,PASS
2026-08-09T22:51:41Z,hw292,R15,PASS
2026-08-09T22:51:41Z,hw292,R16,NOTRUN
2026-08-09T22:51:41Z,hw292,R17,FAIL
2026-08-09T22:51:41Z,hw292,R18,PASS
2026-08-09T22:51:41Z,hw292,R19,PASS
2026-08-09T22:51:41Z,hw292,R2,PASS
2026-08-09T22:51:41Z,hw292,R20,PASS
2026-08-09T22:51:41Z,hw292,R21,PASS
2026-08-09T22:51:41Z,hw292,R22,NOTRUN
2026-08-09T22:51:41Z,hw292,R3,PASS
2026-08-09T22:51:41Z,hw292,R4,PASS
2026-08-09T22:51:41Z,hw292,R5,PASS
2026-08-09T22:51:41Z,hw292,R6,PASS
2026-08-09T22:51:41Z,hw292,R7,PASS
2026-08-09T22:51:41Z,hw292,R8,PASS
2026-08-09T22:51:41Z,hw292,R9,PASS
2026-08-09T22:51:41Z,hw292,W1,FAIL
2026-08-09T22:51:41Z,hw292,W2,FAIL
2026-08-09T22:51:41Z,hw292,W3,PASS
2026-08-09T22:51:41Z,hw292,W4,PASS
2026-08-09T22:51:41Z,hw292,W5,FAIL
2026-08-09T23:22:31Z,hw292,1,PASS
2026-08-09T23:22:31Z,hw292,10,PASS
2026-08-09T23:22:31Z,hw292,100,FAIL
2026-08-09T23:22:31Z,hw292,101,PASS
2026-08-09T23:22:31Z,hw292,102,FAIL
2026-08-09T23:22:31Z,hw292,103,FAIL
2026-08-09T23:22:31Z,hw292,104,PASS
2026-08-09T23:22:31Z,hw292,105,PASS
2026-08-09T23:22:31Z,hw292,106,FAIL
2026-08-09T23:22:31Z,hw292,107,PASS
2026-08-09T23:22:31Z,hw292,108,PASS
2026-08-09T23:22:31Z,hw292,109,PASS
2026-08-09T23:22:31Z,hw292,11,PASS
2026-08-09T23:22:31Z,hw292,110,PASS
2026-08-09T23:22:31Z,hw292,111,PASS
2026-08-09T23:22:31Z,hw292,112,PASS
2026-08-09T23:22:31Z,hw292,113,PASS
2026-08-09T23:22:31Z,hw292,114,PASS
2026-08-09T23:22:31Z,hw292,115,FAIL
2026-08-09T23:22:31Z,hw292,116,PASS
2026-08-09T23:22:31Z,hw292,117,PASS
2026-08-09T23:22:31Z,hw292,118,PASS
2026-08-09T23:22:31Z,hw292,119,PASS
2026-08-09T23:22:31Z,hw292,12,PASS
2026-08-09T23:22:31Z,hw292,120,PASS
2026-08-09T23:22:31Z,hw292,121,FAIL
2026-08-09T23:22:31Z,hw292,122,PASS
2026-08-09T23:22:31Z,hw292,123,FAIL
2026-08-09T23:22:31Z,hw292,124,PASS
2026-08-09T23:22:31Z,hw292,125,PASS
2026-08-09T23:22:31Z,hw292,126,PASS
2026-08-09T23:22:31Z,hw292,127,PASS
2026-08-09T23:22:31Z,hw292,128,PASS
2026-08-09T23:22:31Z,hw292,129,PASS
2026-08-09T23:22:31Z,hw292,13,PASS
2026-08-09T23:22:31Z,hw292,130,PASS
2026-08-09T23:22:31Z,hw292,131,PASS
2026-08-09T23:22:31Z,hw292,132,PASS
2026-08-09T23:22:31Z,hw292,133,PASS
2026-08-09T23:22:31Z,hw292,134,PASS
2026-08-09T23:22:31Z,hw292,135,PASS
2026-08-09T23:22:31Z,hw292,136,PASS
2026-08-09T23:22:31Z,hw292,137,PASS
2026-08-09T23:22:31Z,hw292,138,PASS
2026-08-09T23:22:31Z,hw292,139,PASS
2026-08-09T23:22:31Z,hw292,14,PASS
2026-08-09T23:22:31Z,hw292,140,PASS
2026-08-09T23:22:31Z,hw292,141,PASS
2026-08-09T23:22:31Z,hw292,142,PASS
2026-08-09T23:22:31Z,hw292,143,PASS
2026-08-09T23:22:31Z,hw292,144,PASS
2026-08-09T23:22:31Z,hw292,145,PASS
2026-08-09T23:22:31Z,hw292,146,PASS
2026-08-09T23:22:31Z,hw292,147,PASS
2026-08-09T23:22:31Z,hw292,148,PASS
2026-08-09T23:22:31Z,hw292,149,PASS
2026-08-09T23:22:31Z,hw292,15,FAIL
2026-08-09T23:22:31Z,hw292,150,PASS
2026-08-09T23:22:31Z,hw292,151,PASS
2026-08-09T23:22:31Z,hw292,152,PASS
2026-08-09T23:22:31Z,hw292,153,PASS
2026-08-09T23:22:31Z,hw292,154,PASS
2026-08-09T23:22:31Z,hw292,155,PASS
2026-08-09T23:22:31Z,hw292,156,PASS
2026-08-09T23:22:31Z,hw292,157,PASS
2026-08-09T23:22:31Z,hw292,158,PASS
2026-08-09T23:22:31Z,hw292,159,PASS
2026-08-09T23:22:31Z,hw292,16,PASS
2026-08-09T23:22:31Z,hw292,160,PASS
2026-08-09T23:22:31Z,hw292,161,PASS
2026-08-09T23:22:31Z,hw292,162,PASS
2026-08-09T23:22:31Z,hw292,163,PASS
2026-08-09T23:22:31Z,hw292,164,FAIL
2026-08-09T23:22:31Z,hw292,165,FAIL
2026-08-09T23:22:31Z,hw292,166,PASS
2026-08-09T23:22:31Z,hw292,167,PASS
2026-08-09T23:22:31Z,hw292,168,PASS
2026-08-09T23:22:31Z,hw292,169,PASS
2026-08-09T23:22:31Z,hw292,17,PASS
2026-08-09T23:22:31Z,hw292,170,PASS
2026-08-09T23:22:31Z,hw292,171,PASS
2026-08-09T23:22:31Z,hw292,172,PASS
2026-08-09T23:22:31Z,hw292,173,PASS
2026-08-09T23:22:31Z,hw292,174,PASS
2026-08-09T23:22:31Z,hw292,175,PASS
2026-08-09T23:22:31Z,hw292,176,FAIL
2026-08-09T23:22:31Z,hw292,177,FAIL
2026-08-09T23:22:31Z,hw292,178,FAIL
2026-08-09T23:22:31Z,hw292,179,PASS
2026-08-09T23:22:31Z,hw292,18,PASS
2026-08-09T23:22:31Z,hw292,180,PASS
2026-08-09T23:22:31Z,hw292,181,PASS
2026-08-09T23:22:31Z,hw292,182,PASS
2026-08-09T23:22:31Z,hw292,183,FAIL
2026-08-09T23:22:31Z,hw292,184,FAIL
2026-08-09T23:22:31Z,hw292,185,PASS
2026-08-09T23:22:31Z,hw292,186,PASS
2026-08-09T23:22:31Z,hw292,187,PASS
2026-08-09T23:22:31Z,hw292,188,FAIL
2026-08-09T23:22:31Z,hw292,189,PASS
2026-08-09T23:22:31Z,hw292,19,FAIL
2026-08-09T23:22:31Z,hw292,190,PASS
2026-08-09T23:22:31Z,hw292,191,PASS
2026-08-09T23:22:31Z,hw292,192,FAIL
2026-08-09T23:22:31Z,hw292,193,PASS
2026-08-09T23:22:31Z,hw292,194,PASS
2026-08-09T23:22:31Z,hw292,195,FAIL
2026-08-09T23:22:31Z,hw292,196,PASS
2026-08-09T23:22:31Z,hw292,197,PASS
2026-08-09T23:22:31Z,hw292,198,PASS
2026-08-09T23:22:31Z,hw292,199,PASS
2026-08-09T23:22:31Z,hw292,2,PASS
2026-08-09T23:22:31Z,hw292,20,PASS
2026-08-09T23:22:31Z,hw292,200,PASS
2026-08-09T23:22:31Z,hw292,201,PASS
2026-08-09T23:22:31Z,hw292,202,PASS
2026-08-09T23:22:31Z,hw292,203,PASS
2026-08-09T23:22:31Z,hw292,204,PASS
2026-08-09T23:22:31Z,hw292,205,PASS
2026-08-09T23:22:31Z,hw292,206,PASS
2026-08-09T23:22:31Z,hw292,207,PASS
2026-08-09T23:22:31Z,hw292,208,PASS
2026-08-09T23:22:31Z,hw292,209,PASS
2026-08-09T23:22:31Z,hw292,21,PASS
2026-08-09T23:22:31Z,hw292,210,PASS
2026-08-09T23:22:31Z,hw292,211,PASS
2026-08-09T23:22:31Z,hw292,212,FAIL
2026-08-09T23:22:31Z,hw292,213,FAIL
2026-08-09T23:22:31Z,hw292,214,PASS
2026-08-09T23:22:31Z,hw292,215,PASS
2026-08-09T23:22:31Z,hw292,216,FAIL
2026-08-09T23:22:31Z,hw292,217,FAIL
2026-08-09T23:22:31Z,hw292,218,FAIL
2026-08-09T23:22:31Z,hw292,219,FAIL
2026-08-09T23:22:31Z,hw292,22,PASS
2026-08-09T23:22:31Z,hw292,220,NOTRUN
2026-08-09T23:22:31Z,hw292,221,FAIL
2026-08-09T23:22:31Z,hw292,222,FAIL
2026-08-09T23:22:31Z,hw292,223,FAIL
2026-08-09T23:22:31Z,hw292,224,PASS
2026-08-09T23:22:31Z,hw292,225,FAIL
2026-08-09T23:22:31Z,hw292,226,PASS
2026-08-09T23:22:31Z,hw292,227,PASS
2026-08-09T23:22:31Z,hw292,228,FAIL
2026-08-09T23:22:31Z,hw292,229,PASS
2026-08-09T23:22:31Z,hw292,23,PASS
2026-08-09T23:22:31Z,hw292,230,PASS
2026-08-09T23:22:31Z,hw292,231,PASS
2026-08-09T23:22:31Z,hw292,232,PASS
2026-08-09T23:22:31Z,hw292,233,FAIL
2026-08-09T23:22:31Z,hw292,234,FAIL
2026-08-09T23:22:31Z,hw292,235,PASS
2026-08-09T23:22:31Z,hw292,236,PASS
2026-08-09T23:22:31Z,hw292,237,PASS
2026-08-09T23:22:31Z,hw292,238,FAIL
2026-08-09T23:22:31Z,hw292,239,PASS
2026-08-09T23:22:31Z,hw292,24,PASS
2026-08-09T23:22:31Z,hw292,240,PASS
2026-08-09T23:22:31Z,hw292,241,FAIL
2026-08-09T23:22:31Z,hw292,242,NOTRUN
2026-08-09T23:22:31Z,hw292,243,PASS
2026-08-09T23:22:31Z,hw292,25,FAIL
2026-08-09T23:22:31Z,hw292,26,PASS
2026-08-09T23:22:31Z,hw292,27,PASS
2026-08-09T23:22:31Z,hw292,28,PASS
2026-08-09T23:22:31Z,hw292,29,FAIL
2026-08-09T23:22:31Z,hw292,3,FAIL
2026-08-09T23:22:31Z,hw292,30,PASS
2026-08-09T23:22:31Z,hw292,31,PASS
2026-08-09T23:22:31Z,hw292,32,PASS
2026-08-09T23:22:31Z,hw292,33,FAIL
2026-08-09T23:22:31Z,hw292,34,PASS
2026-08-09T23:22:31Z,hw292,35,PASS
2026-08-09T23:22:31Z,hw292,36,PASS
2026-08-09T23:22:31Z,hw292,37,FAIL
2026-08-09T23:22:31Z,hw292,38,FAIL
2026-08-09T23:22:31Z,hw292,39,PASS
2026-08-09T23:22:31Z,hw292,4,FAIL
2026-08-09T23:22:31Z,hw292,40,PASS
2026-08-09T23:22:31Z,hw292,41,FAIL
2026-08-09T23:22:31Z,hw292,42,PASS
2026-08-09T23:22:31Z,hw292,43,PASS
2026-08-09T23:22:31Z,hw292,44,PASS
2026-08-09T23:22:31Z,hw292,45,PASS
2026-08-09T23:22:31Z,hw292,46,PASS
2026-08-09T23:22:31Z,hw292,47,PASS
2026-08-09T23:22:31Z,hw292,48,FAIL
2026-08-09T23:22:31Z,hw292,49,PASS
2026-08-09T23:22:31Z,hw292,5,PASS
2026-08-09T23:22:31Z,hw292,50,PASS
2026-08-09T23:22:31Z,hw292,51,PASS
2026-08-09T23:22:31Z,hw292,52,PASS
2026-08-09T23:22:31Z,hw292,53,PASS
2026-08-09T23:22:31Z,hw292,54,PASS
2026-08-09T23:22:31Z,hw292,55,FAIL
2026-08-09T23:22:31Z,hw292,56,PASS
2026-08-09T23:22:31Z,hw292,57,FAIL
2026-08-09T23:22:31Z,hw292,58,PASS
2026-08-09T23:22:31Z,hw292,59,FAIL
2026-08-09T23:22:31Z,hw292,6,PASS
2026-08-09T23:22:31Z,hw292,60,FAIL
2026-08-09T23:22:31Z,hw292,61,PASS
2026-08-09T23:22:31Z,hw292,62,FAIL
2026-08-09T23:22:31Z,hw292,63,FAIL
2026-08-09T23:22:31Z,hw292,64,PASS
2026-08-09T23:22:31Z,hw292,65,PASS
2026-08-09T23:22:31Z,hw292,66,PASS
2026-08-09T23:22:31Z,hw292,67,FAIL
2026-08-09T23:22:31Z,hw292,68,PASS
2026-08-09T23:22:31Z,hw292,69,FAIL
2026-08-09T23:22:31Z,hw292,7,FAIL
2026-08-09T23:22:31Z,hw292,70,PASS
2026-08-09T23:22:31Z,hw292,71,FAIL
2026-08-09T23:22:31Z,hw292,72,PASS
2026-08-09T23:22:31Z,hw292,73,PASS
2026-08-09T23:22:31Z,hw292,74,PASS
2026-08-09T23:22:31Z,hw292,75,FAIL
2026-08-09T23:22:31Z,hw292,76,PASS
2026-08-09T23:22:31Z,hw292,77,PASS
2026-08-09T23:22:31Z,hw292,78,PASS
2026-08-09T23:22:31Z,hw292,79,PASS
2026-08-09T23:22:31Z,hw292,8,PASS
2026-08-09T23:22:31Z,hw292,80,PASS
2026-08-09T23:22:31Z,hw292,81,PASS
2026-08-09T23:22:31Z,hw292,82,PASS
2026-08-09T23:22:31Z,hw292,83,PASS
2026-08-09T23:22:31Z,hw292,84,FAIL
2026-08-09T23:22:31Z,hw292,85,FAIL
2026-08-09T23:22:31Z,hw292,86,FAIL
2026-08-09T23:22:31Z,hw292,87,FAIL
2026-08-09T23:22:31Z,hw292,88,FAIL
2026-08-09T23:22:31Z,hw292,89,PASS
2026-08-09T23:22:31Z,hw292,9,PASS
2026-08-09T23:22:31Z,hw292,90,FAIL
2026-08-09T23:22:31Z,hw292,91,FAIL
2026-08-09T23:22:31Z,hw292,92,FAIL
2026-08-09T23:22:31Z,hw292,93,PASS
2026-08-09T23:22:31Z,hw292,94,FAIL
2026-08-09T23:22:31Z,hw292,95,FAIL
2026-08-09T23:22:31Z,hw292,96,FAIL
2026-08-09T23:22:31Z,hw292,97,PASS
2026-08-09T23:22:31Z,hw292,98,FAIL
2026-08-09T23:22:31Z,hw292,99,PASS
2026-08-09T23:22:31Z,hw292,G1,PASS
2026-08-09T23:22:31Z,hw292,G10,PASS
2026-08-09T23:22:31Z,hw292,G11,PASS
2026-08-09T23:22:31Z,hw292,G12,PASS
2026-08-09T23:22:31Z,hw292,G2,FAIL
2026-08-09T23:22:31Z,hw292,G3,PASS
2026-08-09T23:22:31Z,hw292,G4,PASS
2026-08-09T23:22:31Z,hw292,G5,PASS
2026-08-09T23:22:31Z,hw292,G6,PASS
2026-08-09T23:22:31Z,hw292,G7,FAIL
2026-08-09T23:22:31Z,hw292,G8,NOTRUN
2026-08-09T23:22:31Z,hw292,G9,FAIL
2026-08-09T23:22:31Z,hw292,M1,PASS
2026-08-09T23:22:31Z,hw292,M2,PASS
2026-08-09T23:22:31Z,hw292,M3,PASS
2026-08-09T23:22:31Z,hw292,M4,PASS
2026-08-09T23:22:31Z,hw292,R1,PASS
2026-08-09T23:22:31Z,hw292,R10,PASS
2026-08-09T23:22:31Z,hw292,R11,PASS
2026-08-09T23:22:31Z,hw292,R12,PASS
2026-08-09T23:22:31Z,hw292,R13,PASS
2026-08-09T23:22:31Z,hw292,R14,PASS
2026-08-09T23:22:31Z,hw292,R15,PASS
2026-08-09T23:22:31Z,hw292,R16,FAIL
2026-08-09T23:22:31Z,hw292,R17,FAIL
2026-08-09T23:22:31Z,hw292,R18,PASS
2026-08-09T23:22:31Z,hw292,R19,PASS
2026-08-09T23:22:31Z,hw292,R2,PASS
2026-08-09T23:22:31Z,hw292,R20,PASS
2026-08-09T23:22:31Z,hw292,R21,PASS
2026-08-09T23:22:31Z,hw292,R22,FAIL
2026-08-09T23:22:31Z,hw292,R3,PASS
2026-08-09T23:22:31Z,hw292,R4,PASS
2026-08-09T23:22:31Z,hw292,R5,PASS
2026-08-09T23:22:31Z,hw292,R6,PASS
2026-08-09T23:22:31Z,hw292,R7,PASS
2026-08-09T23:22:31Z,hw292,R8,PASS
2026-08-09T23:22:31Z,hw292,R9,PASS
2026-08-09T23:22:31Z,hw292,W1,FAIL
2026-08-09T23:22:31Z,hw292,W2,FAIL
2026-08-09T23:22:31Z,hw292,W3,PASS
2026-08-09T23:22:31Z,hw292,W4,PASS
2026-08-09T23:22:31Z,hw292,W5,FAIL
2026-08-09T23:36:18Z,hw292,1,PASS
2026-08-09T23:36:18Z,hw292,10,PASS
2026-08-09T23:36:18Z,hw292,100,FAIL
2026-08-09T23:36:18Z,hw292,101,PASS
2026-08-09T23:36:18Z,hw292,102,FAIL
2026-08-09T23:36:18Z,hw292,103,FAIL
2026-08-09T23:36:18Z,hw292,104,PASS
2026-08-09T23:36:18Z,hw292,105,PASS
2026-08-09T23:36:18Z,hw292,106,FAIL
2026-08-09T23:36:18Z,hw292,107,PASS
2026-08-09T23:36:18Z,hw292,108,PASS
2026-08-09T23:36:18Z,hw292,109,PASS
2026-08-09T23:36:18Z,hw292,11,PASS
2026-08-09T23:36:18Z,hw292,110,PASS
2026-08-09T23:36:18Z,hw292,111,PASS
2026-08-09T23:36:18Z,hw292,112,PASS
2026-08-09T23:36:18Z,hw292,113,PASS
2026-08-09T23:36:18Z,hw292,114,PASS
2026-08-09T23:36:18Z,hw292,115,FAIL
2026-08-09T23:36:18Z,hw292,116,PASS
2026-08-09T23:36:18Z,hw292,117,PASS
2026-08-09T23:36:18Z,hw292,118,PASS
2026-08-09T23:36:18Z,hw292,119,PASS
2026-08-09T23:36:18Z,hw292,12,PASS
2026-08-09T23:36:18Z,hw292,120,PASS
2026-08-09T23:36:18Z,hw292,121,FAIL
2026-08-09T23:36:18Z,hw292,122,PASS
2026-08-09T23:36:18Z,hw292,123,FAIL
2026-08-09T23:36:18Z,hw292,124,PASS
2026-08-09T23:36:18Z,hw292,125,PASS
2026-08-09T23:36:18Z,hw292,126,PASS
2026-08-09T23:36:18Z,hw292,127,PASS
2026-08-09T23:36:18Z,hw292,128,PASS
2026-08-09T23:36:18Z,hw292,129,PASS
2026-08-09T23:36:18Z,hw292,13,PASS
2026-08-09T23:36:18Z,hw292,130,PASS
2026-08-09T23:36:18Z,hw292,131,PASS
2026-08-09T23:36:18Z,hw292,132,PASS
2026-08-09T23:36:18Z,hw292,133,PASS
2026-08-09T23:36:18Z,hw292,134,PASS
2026-08-09T23:36:18Z,hw292,135,PASS
2026-08-09T23:36:18Z,hw292,136,PASS
2026-08-09T23:36:18Z,hw292,137,PASS
2026-08-09T23:36:18Z,hw292,138,PASS
2026-08-09T23:36:18Z,hw292,139,PASS
2026-08-09T23:36:18Z,hw292,14,PASS
2026-08-09T23:36:18Z,hw292,140,PASS
2026-08-09T23:36:18Z,hw292,141,PASS
2026-08-09T23:36:18Z,hw292,142,PASS
2026-08-09T23:36:18Z,hw292,143,PASS
2026-08-09T23:36:18Z,hw292,144,PASS
2026-08-09T23:36:18Z,hw292,145,PASS
2026-08-09T23:36:18Z,hw292,146,PASS
2026-08-09T23:36:18Z,hw292,147,PASS
2026-08-09T23:36:18Z,hw292,148,PASS
2026-08-09T23:36:18Z,hw292,149,PASS
2026-08-09T23:36:18Z,hw292,15,FAIL
2026-08-09T23:36:18Z,hw292,150,PASS
2026-08-09T23:36:18Z,hw292,151,PASS
2026-08-09T23:36:18Z,hw292,152,PASS
2026-08-09T23:36:18Z,hw292,153,PASS
2026-08-09T23:36:18Z,hw292,154,PASS
2026-08-09T23:36:18Z,hw292,155,PASS
2026-08-09T23:36:18Z,hw292,156,PASS
2026-08-09T23:36:18Z,hw292,157,PASS
2026-08-09T23:36:18Z,hw292,158,PASS
2026-08-09T23:36:18Z,hw292,159,PASS
2026-08-09T23:36:18Z,hw292,16,PASS
2026-08-09T23:36:18Z,hw292,160,PASS
2026-08-09T23:36:18Z,hw292,161,PASS
2026-08-09T23:36:18Z,hw292,162,PASS
2026-08-09T23:36:18Z,hw292,163,PASS
2026-08-09T23:36:18Z,hw292,164,FAIL
2026-08-09T23:36:18Z,hw292,165,FAIL
2026-08-09T23:36:18Z,hw292,166,PASS
2026-08-09T23:36:18Z,hw292,167,PASS
2026-08-09T23:36:18Z,hw292,168,PASS
2026-08-09T23:36:18Z,hw292,169,PASS
2026-08-09T23:36:18Z,hw292,17,PASS
2026-08-09T23:36:18Z,hw292,170,PASS
2026-08-09T23:36:18Z,hw292,171,PASS
2026-08-09T23:36:18Z,hw292,172,PASS
2026-08-09T23:36:18Z,hw292,173,PASS
2026-08-09T23:36:18Z,hw292,174,PASS
2026-08-09T23:36:18Z,hw292,175,PASS
2026-08-09T23:36:18Z,hw292,176,FAIL
2026-08-09T23:36:18Z,hw292,177,FAIL
2026-08-09T23:36:18Z,hw292,178,FAIL
2026-08-09T23:36:18Z,hw292,179,PASS
2026-08-09T23:36:18Z,hw292,18,PASS
2026-08-09T23:36:18Z,hw292,180,PASS
2026-08-09T23:36:18Z,hw292,181,PASS
2026-08-09T23:36:18Z,hw292,182,PASS
2026-08-09T23:36:18Z,hw292,183,FAIL
2026-08-09T23:36:18Z,hw292,184,FAIL
2026-08-09T23:36:18Z,hw292,185,PASS
2026-08-09T23:36:18Z,hw292,186,PASS
2026-08-09T23:36:18Z,hw292,187,PASS
2026-08-09T23:36:18Z,hw292,188,FAIL
2026-08-09T23:36:18Z,hw292,189,PASS
2026-08-09T23:36:18Z,hw292,19,FAIL
2026-08-09T23:36:18Z,hw292,190,PASS
2026-08-09T23:36:18Z,hw292,191,PASS
2026-08-09T23:36:18Z,hw292,192,FAIL
2026-08-09T23:36:18Z,hw292,193,PASS
2026-08-09T23:36:18Z,hw292,194,PASS
2026-08-09T23:36:18Z,hw292,195,FAIL
2026-08-09T23:36:18Z,hw292,196,PASS
2026-08-09T23:36:18Z,hw292,197,PASS
2026-08-09T23:36:18Z,hw292,198,PASS
2026-08-09T23:36:18Z,hw292,199,PASS
2026-08-09T23:36:18Z,hw292,2,PASS
2026-08-09T23:36:18Z,hw292,20,PASS
2026-08-09T23:36:18Z,hw292,200,PASS
2026-08-09T23:36:18Z,hw292,201,PASS
2026-08-09T23:36:18Z,hw292,202,PASS
2026-08-09T23:36:18Z,hw292,203,PASS
2026-08-09T23:36:18Z,hw292,204,PASS
2026-08-09T23:36:18Z,hw292,205,PASS
2026-08-09T23:36:18Z,hw292,206,PASS
2026-08-09T23:36:18Z,hw292,207,PASS
2026-08-09T23:36:18Z,hw292,208,PASS
2026-08-09T23:36:18Z,hw292,209,PASS
2026-08-09T23:36:18Z,hw292,21,PASS
2026-08-09T23:36:18Z,hw292,210,PASS
2026-08-09T23:36:18Z,hw292,211,PASS
2026-08-09T23:36:18Z,hw292,212,FAIL
2026-08-09T23:36:18Z,hw292,213,FAIL
2026-08-09T23:36:18Z,hw292,214,PASS
2026-08-09T23:36:18Z,hw292,215,PASS
2026-08-09T23:36:18Z,hw292,216,FAIL
2026-08-09T23:36:18Z,hw292,217,FAIL
2026-08-09T23:36:18Z,hw292,218,FAIL
2026-08-09T23:36:18Z,hw292,219,FAIL
2026-08-09T23:36:18Z,hw292,22,PASS
2026-08-09T23:36:18Z,hw292,220,FAIL
2026-08-09T23:36:18Z,hw292,221,FAIL
2026-08-09T23:36:18Z,hw292,222,FAIL
2026-08-09T23:36:18Z,hw292,223,FAIL
2026-08-09T23:36:18Z,hw292,224,PASS
2026-08-09T23:36:18Z,hw292,225,FAIL
2026-08-09T23:36:18Z,hw292,226,PASS
2026-08-09T23:36:18Z,hw292,227,PASS
2026-08-09T23:36:18Z,hw292,228,FAIL
2026-08-09T23:36:18Z,hw292,229,PASS
2026-08-09T23:36:18Z,hw292,23,PASS
2026-08-09T23:36:18Z,hw292,230,PASS
2026-08-09T23:36:18Z,hw292,231,PASS
2026-08-09T23:36:18Z,hw292,232,PASS
2026-08-09T23:36:18Z,hw292,233,FAIL
2026-08-09T23:36:18Z,hw292,234,FAIL
2026-08-09T23:36:18Z,hw292,235,PASS
2026-08-09T23:36:18Z,hw292,236,PASS
2026-08-09T23:36:18Z,hw292,237,PASS
2026-08-09T23:36:18Z,hw292,238,FAIL
2026-08-09T23:36:18Z,hw292,239,PASS
2026-08-09T23:36:18Z,hw292,24,PASS
2026-08-09T23:36:18Z,hw292,240,PASS
2026-08-09T23:36:18Z,hw292,241,FAIL
2026-08-09T23:36:18Z,hw292,242,FAIL
2026-08-09T23:36:18Z,hw292,243,PASS
2026-08-09T23:36:18Z,hw292,25,FAIL
2026-08-09T23:36:18Z,hw292,26,PASS
2026-08-09T23:36:18Z,hw292,27,PASS
2026-08-09T23:36:18Z,hw292,28,PASS
2026-08-09T23:36:18Z,hw292,29,FAIL
2026-08-09T23:36:18Z,hw292,3,FAIL
2026-08-09T23:36:18Z,hw292,30,PASS
2026-08-09T23:36:18Z,hw292,31,PASS
2026-08-09T23:36:18Z,hw292,32,PASS
2026-08-09T23:36:18Z,hw292,33,FAIL
2026-08-09T23:36:18Z,hw292,34,PASS
2026-08-09T23:36:18Z,hw292,35,PASS
2026-08-09T23:36:18Z,hw292,36,PASS
2026-08-09T23:36:18Z,hw292,37,FAIL
2026-08-09T23:36:18Z,hw292,38,FAIL
2026-08-09T23:36:18Z,hw292,39,PASS
2026-08-09T23:36:18Z,hw292,4,FAIL
2026-08-09T23:36:18Z,hw292,40,PASS
2026-08-09T23:36:18Z,hw292,41,FAIL
2026-08-09T23:36:18Z,hw292,42,PASS
2026-08-09T23:36:18Z,hw292,43,PASS
2026-08-09T23:36:18Z,hw292,44,PASS
2026-08-09T23:36:18Z,hw292,45,PASS
2026-08-09T23:36:18Z,hw292,46,PASS
2026-08-09T23:36:18Z,hw292,47,PASS
2026-08-09T23:36:18Z,hw292,48,FAIL
2026-08-09T23:36:18Z,hw292,49,PASS
2026-08-09T23:36:18Z,hw292,5,PASS
2026-08-09T23:36:18Z,hw292,50,PASS
2026-08-09T23:36:18Z,hw292,51,PASS
2026-08-09T23:36:18Z,hw292,52,PASS
2026-08-09T23:36:18Z,hw292,53,PASS
2026-08-09T23:36:18Z,hw292,54,PASS
2026-08-09T23:36:18Z,hw292,55,FAIL
2026-08-09T23:36:18Z,hw292,56,PASS
2026-08-09T23:36:18Z,hw292,57,FAIL
2026-08-09T23:36:18Z,hw292,58,PASS
2026-08-09T23:36:18Z,hw292,59,FAIL
2026-08-09T23:36:18Z,hw292,6,PASS
2026-08-09T23:36:18Z,hw292,60,FAIL
2026-08-09T23:36:18Z,hw292,61,PASS
2026-08-09T23:36:18Z,hw292,62,FAIL
2026-08-09T23:36:18Z,hw292,63,FAIL
2026-08-09T23:36:18Z,hw292,64,PASS
2026-08-09T23:36:18Z,hw292,65,PASS
2026-08-09T23:36:18Z,hw292,66,PASS
2026-08-09T23:36:18Z,hw292,67,FAIL
2026-08-09T23:36:18Z,hw292,68,PASS
2026-08-09T23:36:18Z,hw292,69,FAIL
2026-08-09T23:36:18Z,hw292,7,FAIL
2026-08-09T23:36:18Z,hw292,70,PASS
2026-08-09T23:36:18Z,hw292,71,FAIL
2026-08-09T23:36:18Z,hw292,72,PASS
2026-08-09T23:36:18Z,hw292,73,PASS
2026-08-09T23:36:18Z,hw292,74,PASS
2026-08-09T23:36:18Z,hw292,75,FAIL
2026-08-09T23:36:18Z,hw292,76,PASS
2026-08-09T23:36:18Z,hw292,77,PASS
2026-08-09T23:36:18Z,hw292,78,PASS
2026-08-09T23:36:18Z,hw292,79,PASS
2026-08-09T23:36:18Z,hw292,8,PASS
2026-08-09T23:36:18Z,hw292,80,PASS
2026-08-09T23:36:18Z,hw292,81,PASS
2026-08-09T23:36:18Z,hw292,82,PASS
2026-08-09T23:36:18Z,hw292,83,PASS
2026-08-09T23:36:18Z,hw292,84,FAIL
2026-08-09T23:36:18Z,hw292,85,FAIL
2026-08-09T23:36:18Z,hw292,86,FAIL
2026-08-09T23:36:18Z,hw292,87,FAIL
2026-08-09T23:36:18Z,hw292,88,FAIL
2026-08-09T23:36:18Z,hw292,89,PASS
2026-08-09T23:36:18Z,hw292,9,PASS
2026-08-09T23:36:18Z,hw292,90,FAIL
2026-08-09T23:36:18Z,hw292,91,FAIL
2026-08-09T23:36:18Z,hw292,92,FAIL
2026-08-09T23:36:18Z,hw292,93,PASS
2026-08-09T23:36:18Z,hw292,94,FAIL
2026-08-09T23:36:18Z,hw292,95,FAIL
2026-08-09T23:36:18Z,hw292,96,FAIL
2026-08-09T23:36:18Z,hw292,97,PASS
2026-08-09T23:36:18Z,hw292,98,FAIL
2026-08-09T23:36:18Z,hw292,99,PASS
2026-08-09T23:36:18Z,hw292,G1,PASS
2026-08-09T23:36:18Z,hw292,G10,PASS
2026-08-09T23:36:18Z,hw292,G11,PASS
2026-08-09T23:36:18Z,hw292,G12,PASS
2026-08-09T23:36:18Z,hw292,G2,FAIL
2026-08-09T23:36:18Z,hw292,G3,PASS
2026-08-09T23:36:18Z,hw292,G4,PASS
2026-08-09T23:36:18Z,hw292,G5,PASS
2026-08-09T23:36:18Z,hw292,G6,PASS
2026-08-09T23:36:18Z,hw292,G7,FAIL
2026-08-09T23:36:18Z,hw292,G8,FAIL
2026-08-09T23:36:18Z,hw292,G9,FAIL
2026-08-09T23:36:18Z,hw292,M1,PASS
2026-08-09T23:36:18Z,hw292,M2,PASS
2026-08-09T23:36:18Z,hw292,M3,PASS
2026-08-09T23:36:18Z,hw292,M4,PASS
2026-08-09T23:36:18Z,hw292,R1,PASS
2026-08-09T23:36:18Z,hw292,R10,PASS
2026-08-09T23:36:18Z,hw292,R11,PASS
2026-08-09T23:36:18Z,hw292,R12,PASS
2026-08-09T23:36:18Z,hw292,R13,PASS
2026-08-09T23:36:18Z,hw292,R14,PASS
2026-08-09T23:36:18Z,hw292,R15,PASS
2026-08-09T23:36:18Z,hw292,R16,FAIL
2026-08-09T23:36:18Z,hw292,R17,FAIL
2026-08-09T23:36:18Z,hw292,R18,PASS
2026-08-09T23:36:18Z,hw292,R19,PASS
2026-08-09T23:36:18Z,hw292,R2,PASS
2026-08-09T23:36:18Z,hw292,R20,PASS
2026-08-09T23:36:18Z,hw292,R21,PASS
2026-08-09T23:36:18Z,hw292,R22,FAIL
2026-08-09T23:36:18Z,hw292,R3,PASS
2026-08-09T23:36:18Z,hw292,R4,PASS
2026-08-09T23:36:18Z,hw292,R5,PASS
2026-08-09T23:36:18Z,hw292,R6,PASS
2026-08-09T23:36:18Z,hw292,R7,PASS
2026-08-09T23:36:18Z,hw292,R8,PASS
2026-08-09T23:36:18Z,hw292,R9,PASS
2026-08-09T23:36:18Z,hw292,W1,FAIL
2026-08-09T23:36:18Z,hw292,W2,FAIL
2026-08-09T23:36:18Z,hw292,W3,PASS
2026-08-09T23:36:18Z,hw292,W4,PASS
2026-08-09T23:36:18Z,hw292,W5,FAIL
2026-08-10T09:32:57Z,hw292,1,PASS
2026-08-10T09:32:57Z,hw292,10,PASS
2026-08-10T09:32:57Z,hw292,100,FAIL
2026-08-10T09:32:57Z,hw292,101,PASS
2026-08-10T09:32:57Z,hw292,102,FAIL
2026-08-10T09:32:57Z,hw292,103,FAIL
2026-08-10T09:32:57Z,hw292,104,PASS
2026-08-10T09:32:57Z,hw292,105,PASS
2026-08-10T09:32:57Z,hw292,106,FAIL
2026-08-10T09:32:57Z,hw292,107,PASS
2026-08-10T09:32:57Z,hw292,108,PASS
2026-08-10T09:32:57Z,hw292,109,PASS
2026-08-10T09:32:57Z,hw292,11,PASS
2026-08-10T09:32:57Z,hw292,110,PASS
2026-08-10T09:32:57Z,hw292,111,PASS
2026-08-10T09:32:57Z,hw292,112,PASS
2026-08-10T09:32:57Z,hw292,113,PASS
2026-08-10T09:32:57Z,hw292,114,PASS
2026-08-10T09:32:57Z,hw292,115,FAIL
2026-08-10T09:32:57Z,hw292,116,PASS
2026-08-10T09:32:57Z,hw292,117,PASS
2026-08-10T09:32:57Z,hw292,118,PASS
2026-08-10T09:32:57Z,hw292,119,PASS
2026-08-10T09:32:57Z,hw292,12,PASS
2026-08-10T09:32:57Z,hw292,120,PASS
2026-08-10T09:32:57Z,hw292,121,FAIL
2026-08-10T09:32:57Z,hw292,122,PASS
2026-08-10T09:32:57Z,hw292,123,FAIL
2026-08-10T09:32:57Z,hw292,124,PASS
2026-08-10T09:32:57Z,hw292,125,PASS
2026-08-10T09:32:57Z,hw292,126,PASS
2026-08-10T09:32:57Z,hw292,127,PASS
2026-08-10T09:32:57Z,hw292,128,PASS
2026-08-10T09:32:57Z,hw292,129,PASS
2026-08-10T09:32:57Z,hw292,13,PASS
2026-08-10T09:32:57Z,hw292,130,PASS
2026-08-10T09:32:57Z,hw292,131,PASS
2026-08-10T09:32:57Z,hw292,132,PASS
2026-08-10T09:32:57Z,hw292,133,PASS
2026-08-10T09:32:57Z,hw292,134,PASS
2026-08-10T09:32:57Z,hw292,135,PASS
2026-08-10T09:32:57Z,hw292,136,PASS
2026-08-10T09:32:57Z,hw292,137,PASS
2026-08-10T09:32:57Z,hw292,138,PASS
2026-08-10T09:32:57Z,hw292,139,PASS
2026-08-10T09:32:57Z,hw292,14,PASS
2026-08-10T09:32:57Z,hw292,140,PASS
2026-08-10T09:32:57Z,hw292,141,PASS
2026-08-10T09:32:57Z,hw292,142,PASS
2026-08-10T09:32:57Z,hw292,143,PASS
2026-08-10T09:32:57Z,hw292,144,PASS
2026-08-10T09:32:57Z,hw292,145,PASS
2026-08-10T09:32:57Z,hw292,146,PASS
2026-08-10T09:32:57Z,hw292,147,PASS
2026-08-10T09:32:57Z,hw292,148,PASS
2026-08-10T09:32:57Z,hw292,149,PASS
2026-08-10T09:32:57Z,hw292,15,FAIL
2026-08-10T09:32:57Z,hw292,150,PASS
2026-08-10T09:32:57Z,hw292,151,PASS
2026-08-10T09:32:57Z,hw292,152,PASS
2026-08-10T09:32:57Z,hw292,153,PASS
2026-08-10T09:32:57Z,hw292,154,PASS
2026-08-10T09:32:57Z,hw292,155,PASS
2026-08-10T09:32:57Z,hw292,156,PASS
2026-08-10T09:32:57Z,hw292,157,PASS
2026-08-10T09:32:57Z,hw292,158,PASS
2026-08-10T09:32:57Z,hw292,159,PASS
2026-08-10T09:32:57Z,hw292,16,PASS
2026-08-10T09:32:57Z,hw292,160,PASS
2026-08-10T09:32:57Z,hw292,161,PASS
2026-08-10T09:32:57Z,hw292,162,PASS
2026-08-10T09:32:57Z,hw292,163,PASS
2026-08-10T09:32:57Z,hw292,164,FAIL
2026-08-10T09:32:57Z,hw292,165,FAIL
2026-08-10T09:32:57Z,hw292,166,PASS
2026-08-10T09:32:57Z,hw292,167,PASS
2026-08-10T09:32:57Z,hw292,168,PASS
2026-08-10T09:32:57Z,hw292,169,PASS
2026-08-10T09:32:57Z,hw292,17,PASS
2026-08-10T09:32:57Z,hw292,170,PASS
2026-08-10T09:32:57Z,hw292,171,PASS
2026-08-10T09:32:57Z,hw292,172,PASS
2026-08-10T09:32:57Z,hw292,173,PASS
2026-08-10T09:32:57Z,hw292,174,PASS
2026-08-10T09:32:57Z,hw292,175,PASS
2026-08-10T09:32:57Z,hw292,176,FAIL
2026-08-10T09:32:57Z,hw292,177,FAIL
2026-08-10T09:32:57Z,hw292,178,FAIL
2026-08-10T09:32:57Z,hw292,179,PASS
2026-08-10T09:32:57Z,hw292,18,PASS
2026-08-10T09:32:57Z,hw292,180,PASS
2026-08-10T09:32:57Z,hw292,181,PASS
2026-08-10T09:32:57Z,hw292,182,PASS
2026-08-10T09:32:57Z,hw292,183,FAIL
2026-08-10T09:32:57Z,hw292,184,FAIL
2026-08-10T09:32:57Z,hw292,185,PASS
2026-08-10T09:32:57Z,hw292,186,PASS
2026-08-10T09:32:57Z,hw292,187,PASS
2026-08-10T09:32:57Z,hw292,188,FAIL
2026-08-10T09:32:57Z,hw292,189,PASS
2026-08-10T09:32:57Z,hw292,19,FAIL
2026-08-10T09:32:57Z,hw292,190,PASS
2026-08-10T09:32:57Z,hw292,191,PASS
2026-08-10T09:32:57Z,hw292,192,FAIL
2026-08-10T09:32:57Z,hw292,193,PASS
2026-08-10T09:32:57Z,hw292,194,PASS
2026-08-10T09:32:57Z,hw292,195,FAIL
2026-08-10T09:32:57Z,hw292,196,PASS
2026-08-10T09:32:57Z,hw292,197,PASS
2026-08-10T09:32:57Z,hw292,198,PASS
2026-08-10T09:32:57Z,hw292,199,PASS
2026-08-10T09:32:57Z,hw292,2,PASS
2026-08-10T09:32:57Z,hw292,20,PASS
2026-08-10T09:32:57Z,hw292,200,PASS
2026-08-10T09:32:57Z,hw292,201,PASS
2026-08-10T09:32:57Z,hw292,202,PASS
2026-08-10T09:32:57Z,hw292,203,PASS
2026-08-10T09:32:57Z,hw292,204,PASS
2026-08-10T09:32:57Z,hw292,205,PASS
2026-08-10T09:32:57Z,hw292,206,PASS
2026-08-10T09:32:57Z,hw292,207,PASS
2026-08-10T09:32:57Z,hw292,208,PASS
2026-08-10T09:32:57Z,hw292,209,PASS
2026-08-10T09:32:57Z,hw292,21,PASS
2026-08-10T09:32:57Z,hw292,210,PASS
2026-08-10T09:32:57Z,hw292,211,PASS
2026-08-10T09:32:57Z,hw292,212,FAIL
2026-08-10T09:32:57Z,hw292,213,FAIL
2026-08-10T09:32:57Z,hw292,214,PASS
2026-08-10T09:32:57Z,hw292,215,PASS
2026-08-10T09:32:57Z,hw292,216,FAIL
2026-08-10T09:32:57Z,hw292,217,FAIL
2026-08-10T09:32:57Z,hw292,218,FAIL
2026-08-10T09:32:57Z,hw292,219,FAIL
2026-08-10T09:32:57Z,hw292,22,PASS
2026-08-10T09:32:57Z,hw292,220,FAIL
2026-08-10T09:32:57Z,hw292,221,FAIL
2026-08-10T09:32:57Z,hw292,222,FAIL
2026-08-10T09:32:57Z,hw292,223,FAIL
2026-08-10T09:32:57Z,hw292,224,PASS
2026-08-10T09:32:57Z,hw292,225,FAIL
2026-08-10T09:32:57Z,hw292,226,PASS
2026-08-10T09:32:57Z,hw292,227,PASS
2026-08-10T09:32:57Z,hw292,228,FAIL
2026-08-10T09:32:57Z,hw292,229,PASS
2026-08-10T09:32:57Z,hw292,23,PASS
2026-08-10T09:32:57Z,hw292,230,PASS
2026-08-10T09:32:57Z,hw292,231,PASS
2026-08-10T09:32:57Z,hw292,232,PASS
2026-08-10T09:32:57Z,hw292,233,FAIL
2026-08-10T09:32:57Z,hw292,234,FAIL
2026-08-10T09:32:57Z,hw292,235,PASS
2026-08-10T09:32:57Z,hw292,236,PASS
2026-08-10T09:32:57Z,hw292,237,PASS
2026-08-10T09:32:57Z,hw292,238,FAIL
2026-08-10T09:32:57Z,hw292,239,PASS
2026-08-10T09:32:57Z,hw292,24,PASS
2026-08-10T09:32:57Z,hw292,240,PASS
2026-08-10T09:32:57Z,hw292,241,FAIL
2026-08-10T09:32:57Z,hw292,242,FAIL
2026-08-10T09:32:57Z,hw292,243,PASS
2026-08-10T09:32:57Z,hw292,25,FAIL
2026-08-10T09:32:57Z,hw292,26,NOTRUN
2026-08-10T09:32:57Z,hw292,27,NOTRUN
2026-08-10T09:32:57Z,hw292,28,NOTRUN
2026-08-10T09:32:57Z,hw292,29,FAIL
2026-08-10T09:32:57Z,hw292,3,FAIL
2026-08-10T09:32:57Z,hw292,30,NOTRUN
2026-08-10T09:32:57Z,hw292,31,NOTRUN
2026-08-10T09:32:57Z,hw292,32,NOTRUN
2026-08-10T09:32:57Z,hw292,33,FAIL
2026-08-10T09:32:57Z,hw292,34,NOTRUN
2026-08-10T09:32:57Z,hw292,35,NOTRUN
2026-08-10T09:32:57Z,hw292,36,NOTRUN
2026-08-10T09:32:57Z,hw292,37,FAIL
2026-08-10T09:32:57Z,hw292,38,FAIL
2026-08-10T09:32:57Z,hw292,39,PASS
2026-08-10T09:32:57Z,hw292,4,FAIL
2026-08-10T09:32:57Z,hw292,40,NOTRUN
2026-08-10T09:32:57Z,hw292,41,FAIL
2026-08-10T09:32:57Z,hw292,42,NOTRUN
2026-08-10T09:32:57Z,hw292,43,NOTRUN
2026-08-10T09:32:57Z,hw292,44,NOTRUN
2026-08-10T09:32:57Z,hw292,45,NOTRUN
2026-08-10T09:32:57Z,hw292,46,PASS
2026-08-10T09:32:57Z,hw292,47,PASS
2026-08-10T09:32:57Z,hw292,48,FAIL
2026-08-10T09:32:57Z,hw292,49,PASS
2026-08-10T09:32:57Z,hw292,5,PASS
2026-08-10T09:32:57Z,hw292,50,PASS
2026-08-10T09:32:57Z,hw292,51,PASS
2026-08-10T09:32:57Z,hw292,52,PASS
2026-08-10T09:32:57Z,hw292,53,PASS
2026-08-10T09:32:57Z,hw292,54,PASS
2026-08-10T09:32:57Z,hw292,55,FAIL
2026-08-10T09:32:57Z,hw292,56,PASS
2026-08-10T09:32:57Z,hw292,57,FAIL
2026-08-10T09:32:57Z,hw292,58,PASS
2026-08-10T09:32:57Z,hw292,59,FAIL
2026-08-10T09:32:57Z,hw292,6,PASS
2026-08-10T09:32:57Z,hw292,60,FAIL
2026-08-10T09:32:57Z,hw292,61,PASS
2026-08-10T09:32:57Z,hw292,62,FAIL
2026-08-10T09:32:57Z,hw292,63,FAIL
2026-08-10T09:32:57Z,hw292,64,PASS
2026-08-10T09:32:57Z,hw292,65,PASS
2026-08-10T09:32:57Z,hw292,66,PASS
2026-08-10T09:32:57Z,hw292,67,FAIL
2026-08-10T09:32:57Z,hw292,68,PASS
2026-08-10T09:32:57Z,hw292,69,FAIL
2026-08-10T09:32:57Z,hw292,7,FAIL
2026-08-10T09:32:57Z,hw292,70,PASS
2026-08-10T09:32:57Z,hw292,71,FAIL
2026-08-10T09:32:57Z,hw292,72,PASS
2026-08-10T09:32:57Z,hw292,73,PASS
2026-08-10T09:32:57Z,hw292,74,PASS
2026-08-10T09:32:57Z,hw292,75,FAIL
2026-08-10T09:32:57Z,hw292,76,PASS
2026-08-10T09:32:57Z,hw292,77,PASS
2026-08-10T09:32:57Z,hw292,78,PASS
2026-08-10T09:32:57Z,hw292,79,PASS
2026-08-10T09:32:57Z,hw292,8,PASS
2026-08-10T09:32:57Z,hw292,80,PASS
2026-08-10T09:32:57Z,hw292,81,PASS
2026-08-10T09:32:57Z,hw292,82,PASS
2026-08-10T09:32:57Z,hw292,83,PASS
2026-08-10T09:32:57Z,hw292,84,FAIL
2026-08-10T09:32:57Z,hw292,85,FAIL
2026-08-10T09:32:57Z,hw292,86,FAIL
2026-08-10T09:32:57Z,hw292,87,FAIL
2026-08-10T09:32:57Z,hw292,88,FAIL
2026-08-10T09:32:57Z,hw292,89,PASS
2026-08-10T09:32:57Z,hw292,9,PASS
2026-08-10T09:32:57Z,hw292,90,FAIL
2026-08-10T09:32:57Z,hw292,91,FAIL
2026-08-10T09:32:57Z,hw292,92,FAIL
2026-08-10T09:32:57Z,hw292,93,PASS
2026-08-10T09:32:57Z,hw292,94,FAIL
2026-08-10T09:32:57Z,hw292,95,FAIL
2026-08-10T09:32:57Z,hw292,96,FAIL
2026-08-10T09:32:57Z,hw292,97,PASS
2026-08-10T09:32:57Z,hw292,98,FAIL
2026-08-10T09:32:57Z,hw292,99,PASS
2026-08-10T09:32:57Z,hw292,G1,PASS
2026-08-10T09:32:57Z,hw292,G10,PASS
2026-08-10T09:32:57Z,hw292,G11,PASS
2026-08-10T09:32:57Z,hw292,G12,PASS
2026-08-10T09:32:57Z,hw292,G2,FAIL
2026-08-10T09:32:57Z,hw292,G3,PASS
2026-08-10T09:32:57Z,hw292,G4,PASS
2026-08-10T09:32:57Z,hw292,G5,PASS
2026-08-10T09:32:57Z,hw292,G6,PASS
2026-08-10T09:32:57Z,hw292,G7,FAIL
2026-08-10T09:32:57Z,hw292,G8,FAIL
2026-08-10T09:32:57Z,hw292,G9,FAIL
2026-08-10T09:32:57Z,hw292,M1,PASS
2026-08-10T09:32:57Z,hw292,M2,PASS
2026-08-10T09:32:57Z,hw292,M3,PASS
2026-08-10T09:32:57Z,hw292,M4,PASS
2026-08-10T09:32:57Z,hw292,R1,PASS
2026-08-10T09:32:57Z,hw292,R10,PASS
2026-08-10T09:32:57Z,hw292,R11,PASS
2026-08-10T09:32:57Z,hw292,R12,PASS
2026-08-10T09:32:57Z,hw292,R13,PASS
2026-08-10T09:32:57Z,hw292,R14,PASS
2026-08-10T09:32:57Z,hw292,R15,PASS
2026-08-10T09:32:57Z,hw292,R16,FAIL
2026-08-10T09:32:57Z,hw292,R17,FAIL
2026-08-10T09:32:57Z,hw292,R18,PASS
2026-08-10T09:32:57Z,hw292,R19,PASS
2026-08-10T09:32:57Z,hw292,R2,PASS
2026-08-10T09:32:57Z,hw292,R20,PASS
2026-08-10T09:32:57Z,hw292,R21,PASS
2026-08-10T09:32:57Z,hw292,R22,FAIL
2026-08-10T09:32:57Z,hw292,R3,PASS
2026-08-10T09:32:57Z,hw292,R4,PASS
2026-08-10T09:32:57Z,hw292,R5,PASS
2026-08-10T09:32:57Z,hw292,R6,PASS
2026-08-10T09:32:57Z,hw292,R7,PASS
2026-08-10T09:32:57Z,hw292,R8,PASS
2026-08-10T09:32:57Z,hw292,R9,PASS
2026-08-10T09:32:57Z,hw292,W1,FAIL
2026-08-10T09:32:57Z,hw292,W2,FAIL
2026-08-10T09:32:57Z,hw292,W3,PASS
2026-08-10T09:32:57Z,hw292,W4,PASS
2026-08-10T09:32:57Z,hw292,W5,FAIL
2026-08-10T10:32:02Z,hw292,1,PASS
2026-08-10T10:32:02Z,hw292,10,PASS
2026-08-10T10:32:02Z,hw292,100,FAIL
2026-08-10T10:32:02Z,hw292,101,PASS
2026-08-10T10:32:02Z,hw292,102,FAIL
2026-08-10T10:32:02Z,hw292,103,FAIL
2026-08-10T10:32:02Z,hw292,104,PASS
2026-08-10T10:32:02Z,hw292,105,PASS
2026-08-10T10:32:02Z,hw292,106,FAIL
2026-08-10T10:32:02Z,hw292,107,PASS
2026-08-10T10:32:02Z,hw292,108,PASS
2026-08-10T10:32:02Z,hw292,109,PASS
2026-08-10T10:32:02Z,hw292,11,PASS
2026-08-10T10:32:02Z,hw292,110,PASS
2026-08-10T10:32:02Z,hw292,111,PASS
2026-08-10T10:32:02Z,hw292,112,PASS
2026-08-10T10:32:02Z,hw292,113,PASS
2026-08-10T10:32:02Z,hw292,114,PASS
2026-08-10T10:32:02Z,hw292,115,FAIL
2026-08-10T10:32:02Z,hw292,116,PASS
2026-08-10T10:32:02Z,hw292,117,PASS
2026-08-10T10:32:02Z,hw292,118,PASS
2026-08-10T10:32:02Z,hw292,119,PASS
2026-08-10T10:32:02Z,hw292,12,PASS
2026-08-10T10:32:02Z,hw292,120,PASS
2026-08-10T10:32:02Z,hw292,121,FAIL
2026-08-10T10:32:02Z,hw292,122,PASS
2026-08-10T10:32:02Z,hw292,123,FAIL
2026-08-10T10:32:02Z,hw292,124,PASS
2026-08-10T10:32:02Z,hw292,125,PASS
2026-08-10T10:32:02Z,hw292,126,PASS
2026-08-10T10:32:02Z,hw292,127,PASS
2026-08-10T10:32:02Z,hw292,128,PASS
2026-08-10T10:32:02Z,hw292,129,PASS
2026-08-10T10:32:02Z,hw292,13,PASS
2026-08-10T10:32:02Z,hw292,130,PASS
2026-08-10T10:32:02Z,hw292,131,PASS
2026-08-10T10:32:02Z,hw292,132,PASS
2026-08-10T10:32:02Z,hw292,133,PASS
2026-08-10T10:32:02Z,hw292,134,PASS
2026-08-10T10:32:02Z,hw292,135,PASS
2026-08-10T10:32:02Z,hw292,136,PASS
2026-08-10T10:32:02Z,hw292,137,PASS
2026-08-10T10:32:02Z,hw292,138,PASS
2026-08-10T10:32:02Z,hw292,139,PASS
2026-08-10T10:32:02Z,hw292,14,PASS
2026-08-10T10:32:02Z,hw292,140,PASS
2026-08-10T10:32:02Z,hw292,141,PASS
2026-08-10T10:32:02Z,hw292,142,PASS
2026-08-10T10:32:02Z,hw292,143,PASS
2026-08-10T10:32:02Z,hw292,144,PASS
2026-08-10T10:32:02Z,hw292,145,PASS
2026-08-10T10:32:02Z,hw292,146,PASS
2026-08-10T10:32:02Z,hw292,147,PASS
2026-08-10T10:32:02Z,hw292,148,PASS
2026-08-10T10:32:02Z,hw292,149,PASS
2026-08-10T10:32:02Z,hw292,15,FAIL
2026-08-10T10:32:02Z,hw292,150,PASS
2026-08-10T10:32:02Z,hw292,151,PASS
2026-08-10T10:32:02Z,hw292,152,PASS
2026-08-10T10:32:02Z,hw292,153,PASS
2026-08-10T10:32:02Z,hw292,154,PASS
2026-08-10T10:32:02Z,hw292,155,PASS
2026-08-10T10:32:02Z,hw292,156,PASS
2026-08-10T10:32:02Z,hw292,157,PASS
2026-08-10T10:32:02Z,hw292,158,PASS
2026-08-10T10:32:02Z,hw292,159,PASS
2026-08-10T10:32:02Z,hw292,16,PASS
2026-08-10T10:32:02Z,hw292,160,PASS
2026-08-10T10:32:02Z,hw292,161,PASS
2026-08-10T10:32:02Z,hw292,162,PASS
2026-08-10T10:32:02Z,hw292,163,PASS
2026-08-10T10:32:02Z,hw292,164,FAIL
2026-08-10T10:32:02Z,hw292,165,NOTRUN
2026-08-10T10:32:02Z,hw292,166,PASS
2026-08-10T10:32:02Z,hw292,167,PASS
2026-08-10T10:32:02Z,hw292,168,PASS
2026-08-10T10:32:02Z,hw292,169,PASS
2026-08-10T10:32:02Z,hw292,17,PASS
2026-08-10T10:32:02Z,hw292,170,PASS
2026-08-10T10:32:02Z,hw292,171,PASS
2026-08-10T10:32:02Z,hw292,172,PASS
2026-08-10T10:32:02Z,hw292,173,PASS
2026-08-10T10:32:02Z,hw292,174,PASS
2026-08-10T10:32:02Z,hw292,175,PASS
2026-08-10T10:32:02Z,hw292,176,FAIL
2026-08-10T10:32:02Z,hw292,177,FAIL
2026-08-10T10:32:02Z,hw292,178,FAIL
2026-08-10T10:32:02Z,hw292,179,PASS
2026-08-10T10:32:02Z,hw292,18,PASS
2026-08-10T10:32:02Z,hw292,180,PASS
2026-08-10T10:32:02Z,hw292,181,PASS
2026-08-10T10:32:02Z,hw292,182,PASS
2026-08-10T10:32:02Z,hw292,183,FAIL
2026-08-10T10:32:02Z,hw292,184,FAIL
2026-08-10T10:32:02Z,hw292,185,PASS
2026-08-10T10:32:02Z,hw292,186,PASS
2026-08-10T10:32:02Z,hw292,187,PASS
2026-08-10T10:32:02Z,hw292,188,FAIL
2026-08-10T10:32:02Z,hw292,189,PASS
2026-08-10T10:32:02Z,hw292,19,FAIL
2026-08-10T10:32:02Z,hw292,190,PASS
2026-08-10T10:32:02Z,hw292,191,PASS
2026-08-10T10:32:02Z,hw292,192,FAIL
2026-08-10T10:32:02Z,hw292,193,PASS
2026-08-10T10:32:02Z,hw292,194,PASS
2026-08-10T10:32:02Z,hw292,195,FAIL
2026-08-10T10:32:02Z,hw292,196,PASS
2026-08-10T10:32:02Z,hw292,197,PASS
2026-08-10T10:32:02Z,hw292,198,PASS
2026-08-10T10:32:02Z,hw292,199,PASS
2026-08-10T10:32:02Z,hw292,2,PASS
2026-08-10T10:32:02Z,hw292,20,PASS
2026-08-10T10:32:02Z,hw292,200,PASS
2026-08-10T10:32:02Z,hw292,201,PASS
2026-08-10T10:32:02Z,hw292,202,PASS
2026-08-10T10:32:02Z,hw292,203,PASS
2026-08-10T10:32:02Z,hw292,204,PASS
2026-08-10T10:32:02Z,hw292,205,PASS
2026-08-10T10:32:02Z,hw292,206,PASS
2026-08-10T10:32:02Z,hw292,207,PASS
2026-08-10T10:32:02Z,hw292,208,PASS
2026-08-10T10:32:02Z,hw292,209,PASS
2026-08-10T10:32:02Z,hw292,21,PASS
2026-08-10T10:32:02Z,hw292,210,PASS
2026-08-10T10:32:02Z,hw292,211,PASS
2026-08-10T10:32:02Z,hw292,212,FAIL
2026-08-10T10:32:02Z,hw292,213,FAIL
2026-08-10T10:32:02Z,hw292,214,PASS
2026-08-10T10:32:02Z,hw292,215,PASS
2026-08-10T10:32:02Z,hw292,216,FAIL
2026-08-10T10:32:02Z,hw292,217,FAIL
2026-08-10T10:32:02Z,hw292,218,FAIL
2026-08-10T10:32:02Z,hw292,219,FAIL
2026-08-10T10:32:02Z,hw292,22,PASS
2026-08-10T10:32:02Z,hw292,220,FAIL
2026-08-10T10:32:02Z,hw292,221,FAIL
2026-08-10T10:32:02Z,hw292,222,FAIL
2026-08-10T10:32:02Z,hw292,223,FAIL
2026-08-10T10:32:02Z,hw292,224,PASS
2026-08-10T10:32:02Z,hw292,225,FAIL
2026-08-10T10:32:02Z,hw292,226,PASS
2026-08-10T10:32:02Z,hw292,227,PASS
2026-08-10T10:32:02Z,hw292,228,FAIL
2026-08-10T10:32:02Z,hw292,229,PASS
2026-08-10T10:32:02Z,hw292,23,PASS
2026-08-10T10:32:02Z,hw292,230,PASS
2026-08-10T10:32:02Z,hw292,231,PASS
2026-08-10T10:32:02Z,hw292,232,PASS
2026-08-10T10:32:02Z,hw292,233,FAIL
2026-08-10T10:32:02Z,hw292,234,FAIL
2026-08-10T10:32:02Z,hw292,235,PASS
2026-08-10T10:32:02Z,hw292,236,PASS
2026-08-10T10:32:02Z,hw292,237,PASS
2026-08-10T10:32:02Z,hw292,238,FAIL
2026-08-10T10:32:02Z,hw292,239,PASS
2026-08-10T10:32:02Z,hw292,24,PASS
2026-08-10T10:32:02Z,hw292,240,PASS
2026-08-10T10:32:02Z,hw292,241,FAIL
2026-08-10T10:32:02Z,hw292,242,FAIL
2026-08-10T10:32:02Z,hw292,243,PASS
2026-08-10T10:32:02Z,hw292,25,FAIL
2026-08-10T10:32:02Z,hw292,26,NOTRUN
2026-08-10T10:32:02Z,hw292,27,NOTRUN
2026-08-10T10:32:02Z,hw292,28,NOTRUN
2026-08-10T10:32:02Z,hw292,29,FAIL
2026-08-10T10:32:02Z,hw292,3,FAIL
2026-08-10T10:32:02Z,hw292,30,NOTRUN
2026-08-10T10:32:02Z,hw292,31,NOTRUN
2026-08-10T10:32:02Z,hw292,32,NOTRUN
2026-08-10T10:32:02Z,hw292,33,FAIL
2026-08-10T10:32:02Z,hw292,34,NOTRUN
2026-08-10T10:32:02Z,hw292,35,NOTRUN
2026-08-10T10:32:02Z,hw292,36,NOTRUN
2026-08-10T10:32:02Z,hw292,37,FAIL
2026-08-10T10:32:02Z,hw292,38,FAIL
2026-08-10T10:32:02Z,hw292,39,PASS
2026-08-10T10:32:02Z,hw292,4,FAIL
2026-08-10T10:32:02Z,hw292,40,NOTRUN
2026-08-10T10:32:02Z,hw292,41,FAIL
2026-08-10T10:32:02Z,hw292,42,NOTRUN
2026-08-10T10:32:02Z,hw292,43,NOTRUN
2026-08-10T10:32:02Z,hw292,44,NOTRUN
2026-08-10T10:32:02Z,hw292,45,NOTRUN
2026-08-10T10:32:02Z,hw292,46,PASS
2026-08-10T10:32:02Z,hw292,47,PASS
2026-08-10T10:32:02Z,hw292,48,FAIL
2026-08-10T10:32:02Z,hw292,49,PASS
2026-08-10T10:32:02Z,hw292,5,PASS
2026-08-10T10:32:02Z,hw292,50,PASS
2026-08-10T10:32:02Z,hw292,51,PASS
2026-08-10T10:32:02Z,hw292,52,PASS
2026-08-10T10:32:02Z,hw292,53,PASS
2026-08-10T10:32:02Z,hw292,54,PASS
2026-08-10T10:32:02Z,hw292,55,FAIL
2026-08-10T10:32:02Z,hw292,56,PASS
2026-08-10T10:32:02Z,hw292,57,FAIL
2026-08-10T10:32:02Z,hw292,58,PASS
2026-08-10T10:32:02Z,hw292,59,FAIL
2026-08-10T10:32:02Z,hw292,6,PASS
2026-08-10T10:32:02Z,hw292,60,FAIL
2026-08-10T10:32:02Z,hw292,61,PASS
2026-08-10T10:32:02Z,hw292,62,FAIL
2026-08-10T10:32:02Z,hw292,63,FAIL
2026-08-10T10:32:02Z,hw292,64,PASS
2026-08-10T10:32:02Z,hw292,65,PASS
2026-08-10T10:32:02Z,hw292,66,PASS
2026-08-10T10:32:02Z,hw292,67,FAIL
2026-08-10T10:32:02Z,hw292,68,PASS
2026-08-10T10:32:02Z,hw292,69,FAIL
2026-08-10T10:32:02Z,hw292,7,FAIL
2026-08-10T10:32:02Z,hw292,70,PASS
2026-08-10T10:32:02Z,hw292,71,FAIL
2026-08-10T10:32:02Z,hw292,72,PASS
2026-08-10T10:32:02Z,hw292,73,PASS
2026-08-10T10:32:02Z,hw292,74,PASS
2026-08-10T10:32:02Z,hw292,75,FAIL
2026-08-10T10:32:02Z,hw292,76,PASS
2026-08-10T10:32:02Z,hw292,77,PASS
2026-08-10T10:32:02Z,hw292,78,PASS
2026-08-10T10:32:02Z,hw292,79,PASS
2026-08-10T10:32:02Z,hw292,8,PASS
2026-08-10T10:32:02Z,hw292,80,PASS
2026-08-10T10:32:02Z,hw292,81,PASS
2026-08-10T10:32:02Z,hw292,82,PASS
2026-08-10T10:32:02Z,hw292,83,PASS
2026-08-10T10:32:02Z,hw292,84,FAIL
2026-08-10T10:32:02Z,hw292,85,FAIL
2026-08-10T10:32:02Z,hw292,86,FAIL
2026-08-10T10:32:02Z,hw292,87,FAIL
2026-08-10T10:32:02Z,hw292,88,FAIL
2026-08-10T10:32:02Z,hw292,89,PASS
2026-08-10T10:32:02Z,hw292,9,PASS
2026-08-10T10:32:02Z,hw292,90,FAIL
2026-08-10T10:32:02Z,hw292,91,FAIL
2026-08-10T10:32:02Z,hw292,92,FAIL
2026-08-10T10:32:02Z,hw292,93,PASS
2026-08-10T10:32:02Z,hw292,94,FAIL
2026-08-10T10:32:02Z,hw292,95,FAIL
2026-08-10T10:32:02Z,hw292,96,FAIL
2026-08-10T10:32:02Z,hw292,97,PASS
2026-08-10T10:32:02Z,hw292,98,FAIL
2026-08-10T10:32:02Z,hw292,99,PASS
2026-08-10T10:32:02Z,hw292,G1,PASS
2026-08-10T10:32:02Z,hw292,G10,PASS
2026-08-10T10:32:02Z,hw292,G11,PASS
2026-08-10T10:32:02Z,hw292,G12,PASS
2026-08-10T10:32:02Z,hw292,G2,FAIL
2026-08-10T10:32:02Z,hw292,G3,PASS
2026-08-10T10:32:02Z,hw292,G4,PASS
2026-08-10T10:32:02Z,hw292,G5,PASS
2026-08-10T10:32:02Z,hw292,G6,PASS
2026-08-10T10:32:02Z,hw292,G7,FAIL
2026-08-10T10:32:02Z,hw292,G8,FAIL
2026-08-10T10:32:02Z,hw292,G9,FAIL
2026-08-10T10:32:02Z,hw292,M1,PASS
2026-08-10T10:32:02Z,hw292,M2,PASS
2026-08-10T10:32:02Z,hw292,M3,PASS
2026-08-10T10:32:02Z,hw292,M4,PASS
2026-08-10T10:32:02Z,hw292,R1,PASS
2026-08-10T10:32:02Z,hw292,R10,PASS
2026-08-10T10:32:02Z,hw292,R11,PASS
2026-08-10T10:32:02Z,hw292,R12,PASS
2026-08-10T10:32:02Z,hw292,R13,PASS
2026-08-10T10:32:02Z,hw292,R14,PASS
2026-08-10T10:32:02Z,hw292,R15,PASS
2026-08-10T10:32:02Z,hw292,R16,FAIL
2026-08-10T10:32:02Z,hw292,R17,FAIL
2026-08-10T10:32:02Z,hw292,R18,PASS
2026-08-10T10:32:02Z,hw292,R19,PASS
2026-08-10T10:32:02Z,hw292,R2,PASS
2026-08-10T10:32:02Z,hw292,R20,PASS
2026-08-10T10:32:02Z,hw292,R21,PASS
2026-08-10T10:32:02Z,hw292,R22,FAIL
2026-08-10T10:32:02Z,hw292,R3,PASS
2026-08-10T10:32:02Z,hw292,R4,PASS
2026-08-10T10:32:02Z,hw292,R5,PASS
2026-08-10T10:32:02Z,hw292,R6,PASS
2026-08-10T10:32:02Z,hw292,R7,PASS
2026-08-10T10:32:02Z,hw292,R8,PASS
2026-08-10T10:32:02Z,hw292,R9,PASS
2026-08-10T10:32:02Z,hw292,W1,FAIL
2026-08-10T10:32:02Z,hw292,W2,FAIL
2026-08-10T10:32:02Z,hw292,W3,PASS
2026-08-10T10:32:02Z,hw292,W4,PASS
2026-08-10T10:32:02Z,hw292,W5,FAIL
2026-08-10T10:55:09Z,hw292,1,PASS
2026-08-10T10:55:09Z,hw292,10,PASS
2026-08-10T10:55:09Z,hw292,100,FAIL
2026-08-10T10:55:09Z,hw292,101,PASS
2026-08-10T10:55:09Z,hw292,102,FAIL
2026-08-10T10:55:09Z,hw292,103,FAIL
2026-08-10T10:55:09Z,hw292,104,PASS
2026-08-10T10:55:09Z,hw292,105,PASS
2026-08-10T10:55:09Z,hw292,106,FAIL
2026-08-10T10:55:09Z,hw292,107,PASS
2026-08-10T10:55:09Z,hw292,108,PASS
2026-08-10T10:55:09Z,hw292,109,PASS
2026-08-10T10:55:09Z,hw292,11,PASS
2026-08-10T10:55:09Z,hw292,110,PASS
2026-08-10T10:55:09Z,hw292,111,PASS
2026-08-10T10:55:09Z,hw292,112,PASS
2026-08-10T10:55:09Z,hw292,113,PASS
2026-08-10T10:55:09Z,hw292,114,PASS
2026-08-10T10:55:09Z,hw292,115,NOTRUN
2026-08-10T10:55:09Z,hw292,116,PASS
2026-08-10T10:55:09Z,hw292,117,PASS
2026-08-10T10:55:09Z,hw292,118,PASS
2026-08-10T10:55:09Z,hw292,119,PASS
2026-08-10T10:55:09Z,hw292,12,PASS
2026-08-10T10:55:09Z,hw292,120,PASS
2026-08-10T10:55:09Z,hw292,121,FAIL
2026-08-10T10:55:09Z,hw292,122,PASS
2026-08-10T10:55:09Z,hw292,123,FAIL
2026-08-10T10:55:09Z,hw292,124,PASS
2026-08-10T10:55:09Z,hw292,125,PASS
2026-08-10T10:55:09Z,hw292,126,PASS
2026-08-10T10:55:09Z,hw292,127,PASS
2026-08-10T10:55:09Z,hw292,128,PASS
2026-08-10T10:55:09Z,hw292,129,PASS
2026-08-10T10:55:09Z,hw292,13,PASS
2026-08-10T10:55:09Z,hw292,130,PASS
2026-08-10T10:55:09Z,hw292,131,PASS
2026-08-10T10:55:09Z,hw292,132,PASS
2026-08-10T10:55:09Z,hw292,133,PASS
2026-08-10T10:55:09Z,hw292,134,PASS
2026-08-10T10:55:09Z,hw292,135,PASS
2026-08-10T10:55:09Z,hw292,136,PASS
2026-08-10T10:55:09Z,hw292,137,PASS
2026-08-10T10:55:09Z,hw292,138,PASS
2026-08-10T10:55:09Z,hw292,139,PASS
2026-08-10T10:55:09Z,hw292,14,PASS
2026-08-10T10:55:09Z,hw292,140,PASS
2026-08-10T10:55:09Z,hw292,141,PASS
2026-08-10T10:55:09Z,hw292,142,PASS
2026-08-10T10:55:09Z,hw292,143,PASS
2026-08-10T10:55:09Z,hw292,144,PASS
2026-08-10T10:55:09Z,hw292,145,PASS
2026-08-10T10:55:09Z,hw292,146,PASS
2026-08-10T10:55:09Z,hw292,147,PASS
2026-08-10T10:55:09Z,hw292,148,PASS
2026-08-10T10:55:09Z,hw292,149,PASS
2026-08-10T10:55:09Z,hw292,15,FAIL
2026-08-10T10:55:09Z,hw292,150,PASS
2026-08-10T10:55:09Z,hw292,151,PASS
2026-08-10T10:55:09Z,hw292,152,PASS
2026-08-10T10:55:09Z,hw292,153,PASS
2026-08-10T10:55:09Z,hw292,154,PASS
2026-08-10T10:55:09Z,hw292,155,PASS
2026-08-10T10:55:09Z,hw292,156,PASS
2026-08-10T10:55:09Z,hw292,157,PASS
2026-08-10T10:55:09Z,hw292,158,PASS
2026-08-10T10:55:09Z,hw292,159,PASS
2026-08-10T10:55:09Z,hw292,16,PASS
2026-08-10T10:55:09Z,hw292,160,PASS
2026-08-10T10:55:09Z,hw292,161,PASS
2026-08-10T10:55:09Z,hw292,162,PASS
2026-08-10T10:55:09Z,hw292,163,PASS
2026-08-10T10:55:09Z,hw292,164,FAIL
2026-08-10T10:55:09Z,hw292,165,NOTRUN
2026-08-10T10:55:09Z,hw292,166,PASS
2026-08-10T10:55:09Z,hw292,167,PASS
2026-08-10T10:55:09Z,hw292,168,PASS
2026-08-10T10:55:09Z,hw292,169,PASS
2026-08-10T10:55:09Z,hw292,17,PASS
2026-08-10T10:55:09Z,hw292,170,PASS
2026-08-10T10:55:09Z,hw292,171,PASS
2026-08-10T10:55:09Z,hw292,172,PASS
2026-08-10T10:55:09Z,hw292,173,PASS
2026-08-10T10:55:09Z,hw292,174,PASS
2026-08-10T10:55:09Z,hw292,175,PASS
2026-08-10T10:55:09Z,hw292,176,FAIL
2026-08-10T10:55:09Z,hw292,177,FAIL
2026-08-10T10:55:09Z,hw292,178,FAIL
2026-08-10T10:55:09Z,hw292,179,PASS
2026-08-10T10:55:09Z,hw292,18,PASS
2026-08-10T10:55:09Z,hw292,180,PASS
2026-08-10T10:55:09Z,hw292,181,PASS
2026-08-10T10:55:09Z,hw292,182,PASS
2026-08-10T10:55:09Z,hw292,183,FAIL
2026-08-10T10:55:09Z,hw292,184,FAIL
2026-08-10T10:55:09Z,hw292,185,PASS
2026-08-10T10:55:09Z,hw292,186,PASS
2026-08-10T10:55:09Z,hw292,187,PASS
2026-08-10T10:55:09Z,hw292,188,FAIL
2026-08-10T10:55:09Z,hw292,189,PASS
2026-08-10T10:55:09Z,hw292,19,FAIL
2026-08-10T10:55:09Z,hw292,190,PASS
2026-08-10T10:55:09Z,hw292,191,PASS
2026-08-10T10:55:09Z,hw292,192,FAIL
2026-08-10T10:55:09Z,hw292,193,PASS
2026-08-10T10:55:09Z,hw292,194,PASS
2026-08-10T10:55:09Z,hw292,195,FAIL
2026-08-10T10:55:09Z,hw292,196,PASS
2026-08-10T10:55:09Z,hw292,197,PASS
2026-08-10T10:55:09Z,hw292,198,PASS
2026-08-10T10:55:09Z,hw292,199,PASS
2026-08-10T10:55:09Z,hw292,2,PASS
2026-08-10T10:55:09Z,hw292,20,PASS
2026-08-10T10:55:09Z,hw292,200,PASS
2026-08-10T10:55:09Z,hw292,201,PASS
2026-08-10T10:55:09Z,hw292,202,PASS
2026-08-10T10:55:09Z,hw292,203,PASS
2026-08-10T10:55:09Z,hw292,204,PASS
2026-08-10T10:55:09Z,hw292,205,PASS
2026-08-10T10:55:09Z,hw292,206,PASS
2026-08-10T10:55:09Z,hw292,207,PASS
2026-08-10T10:55:09Z,hw292,208,PASS
2026-08-10T10:55:09Z,hw292,209,PASS
2026-08-10T10:55:09Z,hw292,21,PASS
2026-08-10T10:55:09Z,hw292,210,PASS
2026-08-10T10:55:09Z,hw292,211,PASS
2026-08-10T10:55:09Z,hw292,212,FAIL
2026-08-10T10:55:09Z,hw292,213,FAIL
2026-08-10T10:55:09Z,hw292,214,PASS
2026-08-10T10:55:09Z,hw292,215,PASS
2026-08-10T10:55:09Z,hw292,216,FAIL
2026-08-10T10:55:09Z,hw292,217,FAIL
2026-08-10T10:55:09Z,hw292,218,FAIL
2026-08-10T10:55:09Z,hw292,219,FAIL
2026-08-10T10:55:09Z,hw292,22,PASS
2026-08-10T10:55:09Z,hw292,220,FAIL
2026-08-10T10:55:09Z,hw292,221,FAIL
2026-08-10T10:55:09Z,hw292,222,FAIL
2026-08-10T10:55:09Z,hw292,223,FAIL
2026-08-10T10:55:09Z,hw292,224,PASS
2026-08-10T10:55:09Z,hw292,225,FAIL
2026-08-10T10:55:09Z,hw292,226,PASS
2026-08-10T10:55:09Z,hw292,227,PASS
2026-08-10T10:55:09Z,hw292,228,FAIL
2026-08-10T10:55:09Z,hw292,229,PASS
2026-08-10T10:55:09Z,hw292,23,PASS
2026-08-10T10:55:09Z,hw292,230,PASS
2026-08-10T10:55:09Z,hw292,231,PASS
2026-08-10T10:55:09Z,hw292,232,PASS
2026-08-10T10:55:09Z,hw292,233,FAIL
2026-08-10T10:55:09Z,hw292,234,FAIL
2026-08-10T10:55:09Z,hw292,235,PASS
2026-08-10T10:55:09Z,hw292,236,PASS
2026-08-10T10:55:09Z,hw292,237,PASS
2026-08-10T10:55:09Z,hw292,238,FAIL
2026-08-10T10:55:09Z,hw292,239,PASS
2026-08-10T10:55:09Z,hw292,24,PASS
2026-08-10T10:55:09Z,hw292,240,PASS
2026-08-10T10:55:09Z,hw292,241,FAIL
2026-08-10T10:55:09Z,hw292,242,FAIL
2026-08-10T10:55:09Z,hw292,243,PASS
2026-08-10T10:55:09Z,hw292,25,FAIL
2026-08-10T10:55:09Z,hw292,26,NOTRUN
2026-08-10T10:55:09Z,hw292,27,NOTRUN
2026-08-10T10:55:09Z,hw292,28,NOTRUN
2026-08-10T10:55:09Z,hw292,29,FAIL
2026-08-10T10:55:09Z,hw292,3,FAIL
2026-08-10T10:55:09Z,hw292,30,NOTRUN
2026-08-10T10:55:09Z,hw292,31,NOTRUN
2026-08-10T10:55:09Z,hw292,32,NOTRUN
2026-08-10T10:55:09Z,hw292,33,FAIL
2026-08-10T10:55:09Z,hw292,34,NOTRUN
2026-08-10T10:55:09Z,hw292,35,NOTRUN
2026-08-10T10:55:09Z,hw292,36,NOTRUN
2026-08-10T10:55:09Z,hw292,37,FAIL
2026-08-10T10:55:09Z,hw292,38,FAIL
2026-08-10T10:55:09Z,hw292,39,PASS
2026-08-10T10:55:09Z,hw292,4,FAIL
2026-08-10T10:55:09Z,hw292,40,NOTRUN
2026-08-10T10:55:09Z,hw292,41,FAIL
2026-08-10T10:55:09Z,hw292,42,NOTRUN
2026-08-10T10:55:09Z,hw292,43,NOTRUN
2026-08-10T10:55:09Z,hw292,44,NOTRUN
2026-08-10T10:55:09Z,hw292,45,NOTRUN
2026-08-10T10:55:09Z,hw292,46,PASS
2026-08-10T10:55:09Z,hw292,47,PASS
2026-08-10T10:55:09Z,hw292,48,FAIL
2026-08-10T10:55:09Z,hw292,49,PASS
2026-08-10T10:55:09Z,hw292,5,PASS
2026-08-10T10:55:09Z,hw292,50,PASS
2026-08-10T10:55:09Z,hw292,51,PASS
2026-08-10T10:55:09Z,hw292,52,PASS
2026-08-10T10:55:09Z,hw292,53,PASS
2026-08-10T10:55:09Z,hw292,54,PASS
2026-08-10T10:55:09Z,hw292,55,FAIL
2026-08-10T10:55:09Z,hw292,56,PASS
2026-08-10T10:55:09Z,hw292,57,FAIL
2026-08-10T10:55:09Z,hw292,58,PASS
2026-08-10T10:55:09Z,hw292,59,FAIL
2026-08-10T10:55:09Z,hw292,6,PASS
2026-08-10T10:55:09Z,hw292,60,FAIL
2026-08-10T10:55:09Z,hw292,61,PASS
2026-08-10T10:55:09Z,hw292,62,FAIL
2026-08-10T10:55:09Z,hw292,63,FAIL
2026-08-10T10:55:09Z,hw292,64,PASS
2026-08-10T10:55:09Z,hw292,65,PASS
2026-08-10T10:55:09Z,hw292,66,PASS
2026-08-10T10:55:09Z,hw292,67,FAIL
2026-08-10T10:55:09Z,hw292,68,PASS
2026-08-10T10:55:09Z,hw292,69,FAIL
2026-08-10T10:55:09Z,hw292,7,FAIL
2026-08-10T10:55:09Z,hw292,70,PASS
2026-08-10T10:55:09Z,hw292,71,FAIL
2026-08-10T10:55:09Z,hw292,72,PASS
2026-08-10T10:55:09Z,hw292,73,PASS
2026-08-10T10:55:09Z,hw292,74,PASS
2026-08-10T10:55:09Z,hw292,75,FAIL
2026-08-10T10:55:09Z,hw292,76,PASS
2026-08-10T10:55:09Z,hw292,77,PASS
2026-08-10T10:55:09Z,hw292,78,PASS
2026-08-10T10:55:09Z,hw292,79,PASS
2026-08-10T10:55:09Z,hw292,8,PASS
2026-08-10T10:55:09Z,hw292,80,PASS
2026-08-10T10:55:09Z,hw292,81,PASS
2026-08-10T10:55:09Z,hw292,82,PASS
2026-08-10T10:55:09Z,hw292,83,PASS
2026-08-10T10:55:09Z,hw292,84,FAIL
2026-08-10T10:55:09Z,hw292,85,FAIL
2026-08-10T10:55:09Z,hw292,86,FAIL
2026-08-10T10:55:09Z,hw292,87,FAIL
2026-08-10T10:55:09Z,hw292,88,FAIL
2026-08-10T10:55:09Z,hw292,89,PASS
2026-08-10T10:55:09Z,hw292,9,PASS
2026-08-10T10:55:09Z,hw292,90,FAIL
2026-08-10T10:55:09Z,hw292,91,FAIL
2026-08-10T10:55:09Z,hw292,92,FAIL
2026-08-10T10:55:09Z,hw292,93,PASS
2026-08-10T10:55:09Z,hw292,94,FAIL
2026-08-10T10:55:09Z,hw292,95,FAIL
2026-08-10T10:55:09Z,hw292,96,FAIL
2026-08-10T10:55:09Z,hw292,97,PASS
2026-08-10T10:55:09Z,hw292,98,FAIL
2026-08-10T10:55:09Z,hw292,99,PASS
2026-08-10T10:55:09Z,hw292,G1,PASS
2026-08-10T10:55:09Z,hw292,G10,PASS
2026-08-10T10:55:09Z,hw292,G11,PASS
2026-08-10T10:55:09Z,hw292,G12,PASS
2026-08-10T10:55:09Z,hw292,G2,FAIL
2026-08-10T10:55:09Z,hw292,G3,PASS
2026-08-10T10:55:09Z,hw292,G4,PASS
2026-08-10T10:55:09Z,hw292,G5,PASS
2026-08-10T10:55:09Z,hw292,G6,PASS
2026-08-10T10:55:09Z,hw292,G7,FAIL
2026-08-10T10:55:09Z,hw292,G8,FAIL
2026-08-10T10:55:09Z,hw292,G9,FAIL
2026-08-10T10:55:09Z,hw292,M1,PASS
2026-08-10T10:55:09Z,hw292,M2,PASS
2026-08-10T10:55:09Z,hw292,M3,PASS
2026-08-10T10:55:09Z,hw292,M4,PASS
2026-08-10T10:55:09Z,hw292,R1,PASS
2026-08-10T10:55:09Z,hw292,R10,PASS
2026-08-10T10:55:09Z,hw292,R11,PASS
2026-08-10T10:55:09Z,hw292,R12,PASS
2026-08-10T10:55:09Z,hw292,R13,PASS
2026-08-10T10:55:09Z,hw292,R14,PASS
2026-08-10T10:55:09Z,hw292,R15,PASS
2026-08-10T10:55:09Z,hw292,R16,FAIL
2026-08-10T10:55:09Z,hw292,R17,FAIL
2026-08-10T10:55:09Z,hw292,R18,PASS
2026-08-10T10:55:09Z,hw292,R19,PASS
2026-08-10T10:55:09Z,hw292,R2,PASS
2026-08-10T10:55:09Z,hw292,R20,PASS
2026-08-10T10:55:09Z,hw292,R21,PASS
2026-08-10T10:55:09Z,hw292,R22,FAIL
2026-08-10T10:55:09Z,hw292,R3,PASS
2026-08-10T10:55:09Z,hw292,R4,PASS
2026-08-10T10:55:09Z,hw292,R5,PASS
2026-08-10T10:55:09Z,hw292,R6,PASS
2026-08-10T10:55:09Z,hw292,R7,PASS
2026-08-10T10:55:09Z,hw292,R8,PASS
2026-08-10T10:55:09Z,hw292,R9,PASS
2026-08-10T10:55:09Z,hw292,W1,FAIL
2026-08-10T10:55:09Z,hw292,W2,FAIL
2026-08-10T10:55:09Z,hw292,W3,PASS
2026-08-10T10:55:09Z,hw292,W4,PASS
2026-08-10T10:55:09Z,hw292,W5,FAIL
2026-08-10T11:10:32Z,hw292,1,PASS
2026-08-10T11:10:32Z,hw292,10,PASS
2026-08-10T11:10:32Z,hw292,100,FAIL
2026-08-10T11:10:32Z,hw292,101,PASS
2026-08-10T11:10:32Z,hw292,102,FAIL
2026-08-10T11:10:32Z,hw292,103,FAIL
2026-08-10T11:10:32Z,hw292,104,PASS
2026-08-10T11:10:32Z,hw292,105,PASS
2026-08-10T11:10:32Z,hw292,106,FAIL
2026-08-10T11:10:32Z,hw292,107,PASS
2026-08-10T11:10:32Z,hw292,108,PASS
2026-08-10T11:10:32Z,hw292,109,NOTRUN
2026-08-10T11:10:32Z,hw292,11,PASS
2026-08-10T11:10:32Z,hw292,110,PASS
2026-08-10T11:10:32Z,hw292,111,PASS
2026-08-10T11:10:32Z,hw292,112,PASS
2026-08-10T11:10:32Z,hw292,113,PASS
2026-08-10T11:10:32Z,hw292,114,PASS
2026-08-10T11:10:32Z,hw292,115,NOTRUN
2026-08-10T11:10:32Z,hw292,116,PASS
2026-08-10T11:10:32Z,hw292,117,PASS
2026-08-10T11:10:32Z,hw292,118,PASS
2026-08-10T11:10:32Z,hw292,119,PASS
2026-08-10T11:10:32Z,hw292,12,PASS
2026-08-10T11:10:32Z,hw292,120,PASS
2026-08-10T11:10:32Z,hw292,121,FAIL
2026-08-10T11:10:32Z,hw292,122,PASS
2026-08-10T11:10:32Z,hw292,123,FAIL
2026-08-10T11:10:32Z,hw292,124,PASS
2026-08-10T11:10:32Z,hw292,125,PASS
2026-08-10T11:10:32Z,hw292,126,PASS
2026-08-10T11:10:32Z,hw292,127,PASS
2026-08-10T11:10:32Z,hw292,128,PASS
2026-08-10T11:10:32Z,hw292,129,PASS
2026-08-10T11:10:32Z,hw292,13,PASS
2026-08-10T11:10:32Z,hw292,130,PASS
2026-08-10T11:10:32Z,hw292,131,PASS
2026-08-10T11:10:32Z,hw292,132,PASS
2026-08-10T11:10:32Z,hw292,133,PASS
2026-08-10T11:10:32Z,hw292,134,PASS
2026-08-10T11:10:32Z,hw292,135,PASS
2026-08-10T11:10:32Z,hw292,136,PASS
2026-08-10T11:10:32Z,hw292,137,PASS
2026-08-10T11:10:32Z,hw292,138,PASS
2026-08-10T11:10:32Z,hw292,139,PASS
2026-08-10T11:10:32Z,hw292,14,PASS
2026-08-10T11:10:32Z,hw292,140,PASS
2026-08-10T11:10:32Z,hw292,141,PASS
2026-08-10T11:10:32Z,hw292,142,PASS
2026-08-10T11:10:32Z,hw292,143,PASS
2026-08-10T11:10:32Z,hw292,144,PASS
2026-08-10T11:10:32Z,hw292,145,PASS
2026-08-10T11:10:32Z,hw292,146,PASS
2026-08-10T11:10:32Z,hw292,147,PASS
2026-08-10T11:10:32Z,hw292,148,PASS
2026-08-10T11:10:32Z,hw292,149,PASS
2026-08-10T11:10:32Z,hw292,15,FAIL
2026-08-10T11:10:32Z,hw292,150,PASS
2026-08-10T11:10:32Z,hw292,151,PASS
2026-08-10T11:10:32Z,hw292,152,PASS
2026-08-10T11:10:32Z,hw292,153,PASS
2026-08-10T11:10:32Z,hw292,154,PASS
2026-08-10T11:10:32Z,hw292,155,PASS
2026-08-10T11:10:32Z,hw292,156,PASS
2026-08-10T11:10:32Z,hw292,157,PASS
2026-08-10T11:10:32Z,hw292,158,PASS
2026-08-10T11:10:32Z,hw292,159,PASS
2026-08-10T11:10:32Z,hw292,16,PASS
2026-08-10T11:10:32Z,hw292,160,PASS
2026-08-10T11:10:32Z,hw292,161,PASS
2026-08-10T11:10:32Z,hw292,162,PASS
2026-08-10T11:10:32Z,hw292,163,PASS
2026-08-10T11:10:32Z,hw292,164,FAIL
2026-08-10T11:10:32Z,hw292,165,NOTRUN
2026-08-10T11:10:32Z,hw292,166,PASS
2026-08-10T11:10:32Z,hw292,167,PASS
2026-08-10T11:10:32Z,hw292,168,PASS
2026-08-10T11:10:32Z,hw292,169,PASS
2026-08-10T11:10:32Z,hw292,17,PASS
2026-08-10T11:10:32Z,hw292,170,PASS
2026-08-10T11:10:32Z,hw292,171,PASS
2026-08-10T11:10:32Z,hw292,172,PASS
2026-08-10T11:10:32Z,hw292,173,PASS
2026-08-10T11:10:32Z,hw292,174,PASS
2026-08-10T11:10:32Z,hw292,175,PASS
2026-08-10T11:10:32Z,hw292,176,FAIL
2026-08-10T11:10:32Z,hw292,177,FAIL
2026-08-10T11:10:32Z,hw292,178,FAIL
2026-08-10T11:10:32Z,hw292,179,PASS
2026-08-10T11:10:32Z,hw292,18,PASS
2026-08-10T11:10:32Z,hw292,180,PASS
2026-08-10T11:10:32Z,hw292,181,PASS
2026-08-10T11:10:32Z,hw292,182,PASS
2026-08-10T11:10:32Z,hw292,183,FAIL
2026-08-10T11:10:32Z,hw292,184,FAIL
2026-08-10T11:10:32Z,hw292,185,PASS
2026-08-10T11:10:32Z,hw292,186,PASS
2026-08-10T11:10:32Z,hw292,187,PASS
2026-08-10T11:10:32Z,hw292,188,FAIL
2026-08-10T11:10:32Z,hw292,189,PASS
2026-08-10T11:10:32Z,hw292,19,FAIL
2026-08-10T11:10:32Z,hw292,190,PASS
2026-08-10T11:10:32Z,hw292,191,PASS
2026-08-10T11:10:32Z,hw292,192,FAIL
2026-08-10T11:10:32Z,hw292,193,PASS
2026-08-10T11:10:32Z,hw292,194,PASS
2026-08-10T11:10:32Z,hw292,195,FAIL
2026-08-10T11:10:32Z,hw292,196,PASS
2026-08-10T11:10:32Z,hw292,197,PASS
2026-08-10T11:10:32Z,hw292,198,PASS
2026-08-10T11:10:32Z,hw292,199,PASS
2026-08-10T11:10:32Z,hw292,2,PASS
2026-08-10T11:10:32Z,hw292,20,PASS
2026-08-10T11:10:32Z,hw292,200,PASS
2026-08-10T11:10:32Z,hw292,201,PASS
2026-08-10T11:10:32Z,hw292,202,PASS
2026-08-10T11:10:32Z,hw292,203,PASS
2026-08-10T11:10:32Z,hw292,204,PASS
2026-08-10T11:10:32Z,hw292,205,PASS
2026-08-10T11:10:32Z,hw292,206,PASS
2026-08-10T11:10:32Z,hw292,207,PASS
2026-08-10T11:10:32Z,hw292,208,PASS
2026-08-10T11:10:32Z,hw292,209,PASS
2026-08-10T11:10:32Z,hw292,21,PASS
2026-08-10T11:10:32Z,hw292,210,PASS
2026-08-10T11:10:32Z,hw292,211,PASS
2026-08-10T11:10:32Z,hw292,212,FAIL
2026-08-10T11:10:32Z,hw292,213,FAIL
2026-08-10T11:10:32Z,hw292,214,PASS
2026-08-10T11:10:32Z,hw292,215,PASS
2026-08-10T11:10:32Z,hw292,216,FAIL
2026-08-10T11:10:32Z,hw292,217,FAIL
2026-08-10T11:10:32Z,hw292,218,FAIL
2026-08-10T11:10:32Z,hw292,219,FAIL
2026-08-10T11:10:32Z,hw292,22,PASS
2026-08-10T11:10:32Z,hw292,220,FAIL
2026-08-10T11:10:32Z,hw292,221,FAIL
2026-08-10T11:10:32Z,hw292,222,FAIL
2026-08-10T11:10:32Z,hw292,223,FAIL
2026-08-10T11:10:32Z,hw292,224,PASS
2026-08-10T11:10:32Z,hw292,225,FAIL
2026-08-10T11:10:32Z,hw292,226,PASS
2026-08-10T11:10:32Z,hw292,227,PASS
2026-08-10T11:10:32Z,hw292,228,FAIL
2026-08-10T11:10:32Z,hw292,229,PASS
2026-08-10T11:10:32Z,hw292,23,PASS
2026-08-10T11:10:32Z,hw292,230,PASS
2026-08-10T11:10:32Z,hw292,231,PASS
2026-08-10T11:10:32Z,hw292,232,PASS
2026-08-10T11:10:32Z,hw292,233,FAIL
2026-08-10T11:10:32Z,hw292,234,FAIL
2026-08-10T11:10:32Z,hw292,235,PASS
2026-08-10T11:10:32Z,hw292,236,PASS
2026-08-10T11:10:32Z,hw292,237,PASS
2026-08-10T11:10:32Z,hw292,238,FAIL
2026-08-10T11:10:32Z,hw292,239,PASS
2026-08-10T11:10:32Z,hw292,24,PASS
2026-08-10T11:10:32Z,hw292,240,PASS
2026-08-10T11:10:32Z,hw292,241,FAIL
2026-08-10T11:10:32Z,hw292,242,FAIL
2026-08-10T11:10:32Z,hw292,243,PASS
2026-08-10T11:10:32Z,hw292,25,FAIL
2026-08-10T11:10:32Z,hw292,26,NOTRUN
2026-08-10T11:10:32Z,hw292,27,NOTRUN
2026-08-10T11:10:32Z,hw292,28,NOTRUN
2026-08-10T11:10:32Z,hw292,29,FAIL
2026-08-10T11:10:32Z,hw292,3,FAIL
2026-08-10T11:10:32Z,hw292,30,NOTRUN
2026-08-10T11:10:32Z,hw292,31,NOTRUN
2026-08-10T11:10:32Z,hw292,32,NOTRUN
2026-08-10T11:10:32Z,hw292,33,FAIL
2026-08-10T11:10:32Z,hw292,34,NOTRUN
2026-08-10T11:10:32Z,hw292,35,NOTRUN
2026-08-10T11:10:32Z,hw292,36,NOTRUN
2026-08-10T11:10:32Z,hw292,37,FAIL
2026-08-10T11:10:32Z,hw292,38,FAIL
2026-08-10T11:10:32Z,hw292,39,NOTRUN
2026-08-10T11:10:32Z,hw292,4,FAIL
2026-08-10T11:10:32Z,hw292,40,NOTRUN
2026-08-10T11:10:32Z,hw292,41,FAIL
2026-08-10T11:10:32Z,hw292,42,NOTRUN
2026-08-10T11:10:32Z,hw292,43,NOTRUN
2026-08-10T11:10:32Z,hw292,44,NOTRUN
2026-08-10T11:10:32Z,hw292,45,NOTRUN
2026-08-10T11:10:32Z,hw292,46,PASS
2026-08-10T11:10:32Z,hw292,47,PASS
2026-08-10T11:10:32Z,hw292,48,FAIL
2026-08-10T11:10:32Z,hw292,49,PASS
2026-08-10T11:10:32Z,hw292,5,PASS
2026-08-10T11:10:32Z,hw292,50,PASS
2026-08-10T11:10:32Z,hw292,51,PASS
2026-08-10T11:10:32Z,hw292,52,PASS
2026-08-10T11:10:32Z,hw292,53,PASS
2026-08-10T11:10:32Z,hw292,54,PASS
2026-08-10T11:10:32Z,hw292,55,FAIL
2026-08-10T11:10:32Z,hw292,56,PASS
2026-08-10T11:10:32Z,hw292,57,FAIL
2026-08-10T11:10:32Z,hw292,58,PASS
2026-08-10T11:10:32Z,hw292,59,FAIL
2026-08-10T11:10:32Z,hw292,6,PASS
2026-08-10T11:10:32Z,hw292,60,FAIL
2026-08-10T11:10:32Z,hw292,61,PASS
2026-08-10T11:10:32Z,hw292,62,FAIL
2026-08-10T11:10:32Z,hw292,63,FAIL
2026-08-10T11:10:32Z,hw292,64,PASS
2026-08-10T11:10:32Z,hw292,65,PASS
2026-08-10T11:10:32Z,hw292,66,PASS
2026-08-10T11:10:32Z,hw292,67,FAIL
2026-08-10T11:10:32Z,hw292,68,PASS
2026-08-10T11:10:32Z,hw292,69,FAIL
2026-08-10T11:10:32Z,hw292,7,FAIL
2026-08-10T11:10:32Z,hw292,70,PASS
2026-08-10T11:10:32Z,hw292,71,FAIL
2026-08-10T11:10:32Z,hw292,72,PASS
2026-08-10T11:10:32Z,hw292,73,PASS
2026-08-10T11:10:32Z,hw292,74,PASS
2026-08-10T11:10:32Z,hw292,75,FAIL
2026-08-10T11:10:32Z,hw292,76,PASS
2026-08-10T11:10:32Z,hw292,77,PASS
2026-08-10T11:10:32Z,hw292,78,PASS
2026-08-10T11:10:32Z,hw292,79,PASS
2026-08-10T11:10:32Z,hw292,8,PASS
2026-08-10T11:10:32Z,hw292,80,PASS
2026-08-10T11:10:32Z,hw292,81,PASS
2026-08-10T11:10:32Z,hw292,82,PASS
2026-08-10T11:10:32Z,hw292,83,PASS
2026-08-10T11:10:32Z,hw292,84,FAIL
2026-08-10T11:10:32Z,hw292,85,FAIL
2026-08-10T11:10:32Z,hw292,86,FAIL
2026-08-10T11:10:32Z,hw292,87,FAIL
2026-08-10T11:10:32Z,hw292,88,FAIL
2026-08-10T11:10:32Z,hw292,89,PASS
2026-08-10T11:10:32Z,hw292,9,PASS
2026-08-10T11:10:32Z,hw292,90,FAIL
2026-08-10T11:10:32Z,hw292,91,FAIL
2026-08-10T11:10:32Z,hw292,92,FAIL
2026-08-10T11:10:32Z,hw292,93,PASS
2026-08-10T11:10:32Z,hw292,94,FAIL
2026-08-10T11:10:32Z,hw292,95,FAIL
2026-08-10T11:10:32Z,hw292,96,FAIL
2026-08-10T11:10:32Z,hw292,97,PASS
2026-08-10T11:10:32Z,hw292,98,FAIL
2026-08-10T11:10:32Z,hw292,99,PASS
2026-08-10T11:10:32Z,hw292,G1,PASS
2026-08-10T11:10:32Z,hw292,G10,PASS
2026-08-10T11:10:32Z,hw292,G11,PASS
2026-08-10T11:10:32Z,hw292,G12,PASS
2026-08-10T11:10:32Z,hw292,G2,FAIL
2026-08-10T11:10:32Z,hw292,G3,PASS
2026-08-10T11:10:32Z,hw292,G4,PASS
2026-08-10T11:10:32Z,hw292,G5,PASS
2026-08-10T11:10:32Z,hw292,G6,PASS
2026-08-10T11:10:32Z,hw292,G7,FAIL
2026-08-10T11:10:32Z,hw292,G8,FAIL
2026-08-10T11:10:32Z,hw292,G9,FAIL
2026-08-10T11:10:32Z,hw292,M1,PASS
2026-08-10T11:10:32Z,hw292,M2,PASS
2026-08-10T11:10:32Z,hw292,M3,PASS
2026-08-10T11:10:32Z,hw292,M4,PASS
2026-08-10T11:10:32Z,hw292,R1,PASS
2026-08-10T11:10:32Z,hw292,R10,PASS
2026-08-10T11:10:32Z,hw292,R11,PASS
2026-08-10T11:10:32Z,hw292,R12,PASS
2026-08-10T11:10:32Z,hw292,R13,PASS
2026-08-10T11:10:32Z,hw292,R14,PASS
2026-08-10T11:10:32Z,hw292,R15,PASS
2026-08-10T11:10:32Z,hw292,R16,FAIL
2026-08-10T11:10:32Z,hw292,R17,FAIL
2026-08-10T11:10:32Z,hw292,R18,PASS
2026-08-10T11:10:32Z,hw292,R19,PASS
2026-08-10T11:10:32Z,hw292,R2,PASS
2026-08-10T11:10:32Z,hw292,R20,PASS
2026-08-10T11:10:32Z,hw292,R21,PASS
2026-08-10T11:10:32Z,hw292,R22,FAIL
2026-08-10T11:10:32Z,hw292,R3,PASS
2026-08-10T11:10:32Z,hw292,R4,PASS
2026-08-10T11:10:32Z,hw292,R5,PASS
2026-08-10T11:10:32Z,hw292,R6,PASS
2026-08-10T11:10:32Z,hw292,R7,PASS
2026-08-10T11:10:32Z,hw292,R8,PASS
2026-08-10T11:10:32Z,hw292,R9,PASS
2026-08-10T11:10:32Z,hw292,W1,FAIL
2026-08-10T11:10:32Z,hw292,W2,FAIL
2026-08-10T11:10:32Z,hw292,W3,PASS
2026-08-10T11:10:32Z,hw292,W4,PASS
2026-08-10T11:10:32Z,hw292,W5,FAIL
2026-08-10T12:07:26Z,hw292,1,PASS
2026-08-10T12:07:26Z,hw292,10,PASS
2026-08-10T12:07:26Z,hw292,100,FAIL
2026-08-10T12:07:26Z,hw292,101,PASS
2026-08-10T12:07:26Z,hw292,102,FAIL
2026-08-10T12:07:26Z,hw292,103,FAIL
2026-08-10T12:07:26Z,hw292,104,PASS
2026-08-10T12:07:26Z,hw292,105,PASS
2026-08-10T12:07:26Z,hw292,106,FAIL
2026-08-10T12:07:26Z,hw292,107,PASS
2026-08-10T12:07:26Z,hw292,108,PASS
2026-08-10T12:07:26Z,hw292,109,NOTRUN
2026-08-10T12:07:26Z,hw292,11,PASS
2026-08-10T12:07:26Z,hw292,110,PASS
2026-08-10T12:07:26Z,hw292,111,PASS
2026-08-10T12:07:26Z,hw292,112,PASS
2026-08-10T12:07:26Z,hw292,113,PASS
2026-08-10T12:07:26Z,hw292,114,PASS
2026-08-10T12:07:26Z,hw292,115,NOTRUN
2026-08-10T12:07:26Z,hw292,116,PASS
2026-08-10T12:07:26Z,hw292,117,PASS
2026-08-10T12:07:26Z,hw292,118,PASS
2026-08-10T12:07:26Z,hw292,119,PASS
2026-08-10T12:07:26Z,hw292,12,PASS
2026-08-10T12:07:26Z,hw292,120,PASS
2026-08-10T12:07:26Z,hw292,121,FAIL
2026-08-10T12:07:26Z,hw292,122,PASS
2026-08-10T12:07:26Z,hw292,123,FAIL
2026-08-10T12:07:26Z,hw292,124,PASS
2026-08-10T12:07:26Z,hw292,125,PASS
2026-08-10T12:07:26Z,hw292,126,PASS
2026-08-10T12:07:26Z,hw292,127,PASS
2026-08-10T12:07:26Z,hw292,128,PASS
2026-08-10T12:07:26Z,hw292,129,PASS
2026-08-10T12:07:26Z,hw292,13,PASS
2026-08-10T12:07:26Z,hw292,130,PASS
2026-08-10T12:07:26Z,hw292,131,PASS
2026-08-10T12:07:26Z,hw292,132,PASS
2026-08-10T12:07:26Z,hw292,133,PASS
2026-08-10T12:07:26Z,hw292,134,PASS
2026-08-10T12:07:26Z,hw292,135,PASS
2026-08-10T12:07:26Z,hw292,136,PASS
2026-08-10T12:07:26Z,hw292,137,PASS
2026-08-10T12:07:26Z,hw292,138,PASS
2026-08-10T12:07:26Z,hw292,139,PASS
2026-08-10T12:07:26Z,hw292,14,PASS
2026-08-10T12:07:26Z,hw292,140,PASS
2026-08-10T12:07:26Z,hw292,141,PASS
2026-08-10T12:07:26Z,hw292,142,PASS
2026-08-10T12:07:26Z,hw292,143,PASS
2026-08-10T12:07:26Z,hw292,144,PASS
2026-08-10T12:07:26Z,hw292,145,PASS
2026-08-10T12:07:26Z,hw292,146,PASS
2026-08-10T12:07:26Z,hw292,147,PASS
2026-08-10T12:07:26Z,hw292,148,PASS
2026-08-10T12:07:26Z,hw292,149,PASS
2026-08-10T12:07:26Z,hw292,15,FAIL
2026-08-10T12:07:26Z,hw292,150,PASS
2026-08-10T12:07:26Z,hw292,151,PASS
2026-08-10T12:07:26Z,hw292,152,PASS
2026-08-10T12:07:26Z,hw292,153,PASS
2026-08-10T12:07:26Z,hw292,154,PASS
2026-08-10T12:07:26Z,hw292,155,PASS
2026-08-10T12:07:26Z,hw292,156,PASS
2026-08-10T12:07:26Z,hw292,157,PASS
2026-08-10T12:07:26Z,hw292,158,PASS
2026-08-10T12:07:26Z,hw292,159,PASS
2026-08-10T12:07:26Z,hw292,16,PASS
2026-08-10T12:07:26Z,hw292,160,PASS
2026-08-10T12:07:26Z,hw292,161,PASS
2026-08-10T12:07:26Z,hw292,162,PASS
2026-08-10T12:07:26Z,hw292,163,PASS
2026-08-10T12:07:26Z,hw292,164,FAIL
2026-08-10T12:07:26Z,hw292,165,NOTRUN
2026-08-10T12:07:26Z,hw292,166,PASS
2026-08-10T12:07:26Z,hw292,167,PASS
2026-08-10T12:07:26Z,hw292,168,PASS
2026-08-10T12:07:26Z,hw292,169,PASS
2026-08-10T12:07:26Z,hw292,17,PASS
2026-08-10T12:07:26Z,hw292,170,PASS
2026-08-10T12:07:26Z,hw292,171,PASS
2026-08-10T12:07:26Z,hw292,172,PASS
2026-08-10T12:07:26Z,hw292,173,PASS
2026-08-10T12:07:26Z,hw292,174,PASS
2026-08-10T12:07:26Z,hw292,175,PASS
2026-08-10T12:07:26Z,hw292,176,FAIL
2026-08-10T12:07:26Z,hw292,177,FAIL
2026-08-10T12:07:26Z,hw292,178,FAIL
2026-08-10T12:07:26Z,hw292,179,PASS
2026-08-10T12:07:26Z,hw292,18,PASS
2026-08-10T12:07:26Z,hw292,180,PASS
2026-08-10T12:07:26Z,hw292,181,PASS
2026-08-10T12:07:26Z,hw292,182,PASS
2026-08-10T12:07:26Z,hw292,183,FAIL
2026-08-10T12:07:26Z,hw292,184,FAIL
2026-08-10T12:07:26Z,hw292,185,PASS
2026-08-10T12:07:26Z,hw292,186,PASS
2026-08-10T12:07:26Z,hw292,187,PASS
2026-08-10T12:07:26Z,hw292,188,FAIL
2026-08-10T12:07:26Z,hw292,189,PASS
2026-08-10T12:07:26Z,hw292,19,FAIL
2026-08-10T12:07:26Z,hw292,190,PASS
2026-08-10T12:07:26Z,hw292,191,PASS
2026-08-10T12:07:26Z,hw292,192,FAIL
2026-08-10T12:07:26Z,hw292,193,PASS
2026-08-10T12:07:26Z,hw292,194,PASS
2026-08-10T12:07:26Z,hw292,195,FAIL
2026-08-10T12:07:26Z,hw292,196,PASS
2026-08-10T12:07:26Z,hw292,197,PASS
2026-08-10T12:07:26Z,hw292,198,PASS
2026-08-10T12:07:26Z,hw292,199,PASS
2026-08-10T12:07:26Z,hw292,2,PASS
2026-08-10T12:07:26Z,hw292,20,PASS
2026-08-10T12:07:26Z,hw292,200,PASS
2026-08-10T12:07:26Z,hw292,201,PASS
2026-08-10T12:07:26Z,hw292,202,PASS
2026-08-10T12:07:26Z,hw292,203,PASS
2026-08-10T12:07:26Z,hw292,204,PASS
2026-08-10T12:07:26Z,hw292,205,PASS
2026-08-10T12:07:26Z,hw292,206,PASS
2026-08-10T12:07:26Z,hw292,207,PASS
2026-08-10T12:07:26Z,hw292,208,PASS
2026-08-10T12:07:26Z,hw292,209,PASS
2026-08-10T12:07:26Z,hw292,21,PASS
2026-08-10T12:07:26Z,hw292,210,PASS
2026-08-10T12:07:26Z,hw292,211,PASS
2026-08-10T12:07:26Z,hw292,212,FAIL
2026-08-10T12:07:26Z,hw292,213,FAIL
2026-08-10T12:07:26Z,hw292,214,PASS
2026-08-10T12:07:26Z,hw292,215,PASS
2026-08-10T12:07:26Z,hw292,216,FAIL
2026-08-10T12:07:26Z,hw292,217,FAIL
2026-08-10T12:07:26Z,hw292,218,FAIL
2026-08-10T12:07:26Z,hw292,219,FAIL
2026-08-10T12:07:26Z,hw292,22,PASS
2026-08-10T12:07:26Z,hw292,220,FAIL
2026-08-10T12:07:26Z,hw292,221,FAIL
2026-08-10T12:07:26Z,hw292,222,FAIL
2026-08-10T12:07:26Z,hw292,223,FAIL
2026-08-10T12:07:26Z,hw292,224,PASS
2026-08-10T12:07:26Z,hw292,225,FAIL
2026-08-10T12:07:26Z,hw292,226,PASS
2026-08-10T12:07:26Z,hw292,227,PASS
2026-08-10T12:07:26Z,hw292,228,FAIL
2026-08-10T12:07:26Z,hw292,229,PASS
2026-08-10T12:07:26Z,hw292,23,PASS
2026-08-10T12:07:26Z,hw292,230,PASS
2026-08-10T12:07:26Z,hw292,231,PASS
2026-08-10T12:07:26Z,hw292,232,PASS
2026-08-10T12:07:26Z,hw292,233,FAIL
2026-08-10T12:07:26Z,hw292,234,FAIL
2026-08-10T12:07:26Z,hw292,235,PASS
2026-08-10T12:07:26Z,hw292,236,PASS
2026-08-10T12:07:26Z,hw292,237,PASS
2026-08-10T12:07:26Z,hw292,238,FAIL
2026-08-10T12:07:26Z,hw292,239,PASS
2026-08-10T12:07:26Z,hw292,24,PASS
2026-08-10T12:07:26Z,hw292,240,PASS
2026-08-10T12:07:26Z,hw292,241,FAIL
2026-08-10T12:07:26Z,hw292,242,FAIL
2026-08-10T12:07:26Z,hw292,243,PASS
2026-08-10T12:07:26Z,hw292,25,FAIL
2026-08-10T12:07:26Z,hw292,26,PASS
2026-08-10T12:07:26Z,hw292,27,PASS
2026-08-10T12:07:26Z,hw292,28,PASS
2026-08-10T12:07:26Z,hw292,29,FAIL
2026-08-10T12:07:26Z,hw292,3,FAIL
2026-08-10T12:07:26Z,hw292,30,PASS
2026-08-10T12:07:26Z,hw292,31,PASS
2026-08-10T12:07:26Z,hw292,32,PASS
2026-08-10T12:07:26Z,hw292,33,FAIL
2026-08-10T12:07:26Z,hw292,34,PASS
2026-08-10T12:07:26Z,hw292,35,FAIL
2026-08-10T12:07:26Z,hw292,36,PASS
2026-08-10T12:07:26Z,hw292,37,FAIL
2026-08-10T12:07:26Z,hw292,38,FAIL
2026-08-10T12:07:26Z,hw292,39,PASS
2026-08-10T12:07:26Z,hw292,4,FAIL
2026-08-10T12:07:26Z,hw292,40,PASS
2026-08-10T12:07:26Z,hw292,41,FAIL
2026-08-10T12:07:26Z,hw292,42,PASS
2026-08-10T12:07:26Z,hw292,43,PASS
2026-08-10T12:07:26Z,hw292,44,PASS
2026-08-10T12:07:26Z,hw292,45,PASS
2026-08-10T12:07:26Z,hw292,46,PASS
2026-08-10T12:07:26Z,hw292,47,PASS
2026-08-10T12:07:26Z,hw292,48,FAIL
2026-08-10T12:07:26Z,hw292,49,PASS
2026-08-10T12:07:26Z,hw292,5,PASS
2026-08-10T12:07:26Z,hw292,50,PASS
2026-08-10T12:07:26Z,hw292,51,PASS
2026-08-10T12:07:26Z,hw292,52,PASS
2026-08-10T12:07:26Z,hw292,53,PASS
2026-08-10T12:07:26Z,hw292,54,PASS
2026-08-10T12:07:26Z,hw292,55,FAIL
2026-08-10T12:07:26Z,hw292,56,PASS
2026-08-10T12:07:26Z,hw292,57,FAIL
2026-08-10T12:07:26Z,hw292,58,PASS
2026-08-10T12:07:26Z,hw292,59,FAIL
2026-08-10T12:07:26Z,hw292,6,PASS
2026-08-10T12:07:26Z,hw292,60,FAIL
2026-08-10T12:07:26Z,hw292,61,PASS
2026-08-10T12:07:26Z,hw292,62,FAIL
2026-08-10T12:07:26Z,hw292,63,FAIL
2026-08-10T12:07:26Z,hw292,64,PASS
2026-08-10T12:07:26Z,hw292,65,PASS
2026-08-10T12:07:26Z,hw292,66,PASS
2026-08-10T12:07:26Z,hw292,67,FAIL
2026-08-10T12:07:26Z,hw292,68,PASS
2026-08-10T12:07:26Z,hw292,69,FAIL
2026-08-10T12:07:26Z,hw292,7,FAIL
2026-08-10T12:07:26Z,hw292,70,PASS
2026-08-10T12:07:26Z,hw292,71,FAIL
2026-08-10T12:07:26Z,hw292,72,PASS
2026-08-10T12:07:26Z,hw292,73,PASS
2026-08-10T12:07:26Z,hw292,74,PASS
2026-08-10T12:07:26Z,hw292,75,FAIL
2026-08-10T12:07:26Z,hw292,76,PASS
2026-08-10T12:07:26Z,hw292,77,PASS
2026-08-10T12:07:26Z,hw292,78,PASS
2026-08-10T12:07:26Z,hw292,79,PASS
2026-08-10T12:07:26Z,hw292,8,PASS
2026-08-10T12:07:26Z,hw292,80,PASS
2026-08-10T12:07:26Z,hw292,81,PASS
2026-08-10T12:07:26Z,hw292,82,PASS
2026-08-10T12:07:26Z,hw292,83,PASS
2026-08-10T12:07:26Z,hw292,84,FAIL
2026-08-10T12:07:26Z,hw292,85,FAIL
2026-08-10T12:07:26Z,hw292,86,FAIL
2026-08-10T12:07:26Z,hw292,87,FAIL
2026-08-10T12:07:26Z,hw292,88,FAIL
2026-08-10T12:07:26Z,hw292,89,PASS
2026-08-10T12:07:26Z,hw292,9,PASS
2026-08-10T12:07:26Z,hw292,90,FAIL
2026-08-10T12:07:26Z,hw292,91,FAIL
2026-08-10T12:07:26Z,hw292,92,FAIL
2026-08-10T12:07:26Z,hw292,93,PASS
2026-08-10T12:07:26Z,hw292,94,FAIL
2026-08-10T12:07:26Z,hw292,95,FAIL
2026-08-10T12:07:26Z,hw292,96,FAIL
2026-08-10T12:07:26Z,hw292,97,PASS
2026-08-10T12:07:26Z,hw292,98,FAIL
2026-08-10T12:07:26Z,hw292,99,PASS
2026-08-10T12:07:26Z,hw292,G1,PASS
2026-08-10T12:07:26Z,hw292,G10,PASS
2026-08-10T12:07:26Z,hw292,G11,PASS
2026-08-10T12:07:26Z,hw292,G12,PASS
2026-08-10T12:07:26Z,hw292,G2,FAIL
2026-08-10T12:07:26Z,hw292,G3,PASS
2026-08-10T12:07:26Z,hw292,G4,PASS
2026-08-10T12:07:26Z,hw292,G5,PASS
2026-08-10T12:07:26Z,hw292,G6,PASS
2026-08-10T12:07:26Z,hw292,G7,FAIL
2026-08-10T12:07:26Z,hw292,G8,FAIL
2026-08-10T12:07:26Z,hw292,G9,FAIL
2026-08-10T12:07:26Z,hw292,M1,PASS
2026-08-10T12:07:26Z,hw292,M2,PASS
2026-08-10T12:07:26Z,hw292,M3,PASS
2026-08-10T12:07:26Z,hw292,M4,PASS
2026-08-10T12:07:26Z,hw292,R1,PASS
2026-08-10T12:07:26Z,hw292,R10,PASS
2026-08-10T12:07:26Z,hw292,R11,PASS
2026-08-10T12:07:26Z,hw292,R12,PASS
2026-08-10T12:07:26Z,hw292,R13,PASS
2026-08-10T12:07:26Z,hw292,R14,PASS
2026-08-10T12:07:26Z,hw292,R15,PASS
2026-08-10T12:07:26Z,hw292,R16,FAIL
2026-08-10T12:07:26Z,hw292,R17,FAIL
2026-08-10T12:07:26Z,hw292,R18,PASS
2026-08-10T12:07:26Z,hw292,R19,PASS
2026-08-10T12:07:26Z,hw292,R2,PASS
2026-08-10T12:07:26Z,hw292,R20,PASS
2026-08-10T12:07:26Z,hw292,R21,PASS
2026-08-10T12:07:26Z,hw292,R22,FAIL
2026-08-10T12:07:26Z,hw292,R3,PASS
2026-08-10T12:07:26Z,hw292,R4,PASS
2026-08-10T12:07:26Z,hw292,R5,PASS
2026-08-10T12:07:26Z,hw292,R6,PASS
2026-08-10T12:07:26Z,hw292,R7,PASS
2026-08-10T12:07:26Z,hw292,R8,PASS
2026-08-10T12:07:26Z,hw292,R9,PASS
2026-08-10T12:07:26Z,hw292,W1,FAIL
2026-08-10T12:07:26Z,hw292,W2,FAIL
2026-08-10T12:07:26Z,hw292,W3,PASS
2026-08-10T12:07:26Z,hw292,W4,PASS
2026-08-10T12:07:26Z,hw292,W5,FAIL
2026-08-10T12:26:11Z,hw292,1,PASS
2026-08-10T12:26:11Z,hw292,10,PASS
2026-08-10T12:26:11Z,hw292,100,FAIL
2026-08-10T12:26:11Z,hw292,101,PASS
2026-08-10T12:26:11Z,hw292,102,FAIL
2026-08-10T12:26:11Z,hw292,103,FAIL
2026-08-10T12:26:11Z,hw292,104,PASS
2026-08-10T12:26:11Z,hw292,105,PASS
2026-08-10T12:26:11Z,hw292,106,FAIL
2026-08-10T12:26:11Z,hw292,107,PASS
2026-08-10T12:26:11Z,hw292,108,PASS
2026-08-10T12:26:11Z,hw292,109,NOTRUN
2026-08-10T12:26:11Z,hw292,11,PASS
2026-08-10T12:26:11Z,hw292,110,PASS
2026-08-10T12:26:11Z,hw292,111,PASS
2026-08-10T12:26:11Z,hw292,112,PASS
2026-08-10T12:26:11Z,hw292,113,PASS
2026-08-10T12:26:11Z,hw292,114,PASS
2026-08-10T12:26:11Z,hw292,115,NOTRUN
2026-08-10T12:26:11Z,hw292,116,PASS
2026-08-10T12:26:11Z,hw292,117,PASS
2026-08-10T12:26:11Z,hw292,118,PASS
2026-08-10T12:26:11Z,hw292,119,PASS
2026-08-10T12:26:11Z,hw292,12,PASS
2026-08-10T12:26:11Z,hw292,120,PASS
2026-08-10T12:26:11Z,hw292,121,FAIL
2026-08-10T12:26:11Z,hw292,122,PASS
2026-08-10T12:26:11Z,hw292,123,FAIL
2026-08-10T12:26:11Z,hw292,124,PASS
2026-08-10T12:26:11Z,hw292,125,PASS
2026-08-10T12:26:11Z,hw292,126,PASS
2026-08-10T12:26:11Z,hw292,127,PASS
2026-08-10T12:26:11Z,hw292,128,PASS
2026-08-10T12:26:11Z,hw292,129,PASS
2026-08-10T12:26:11Z,hw292,13,PASS
2026-08-10T12:26:11Z,hw292,130,PASS
2026-08-10T12:26:11Z,hw292,131,PASS
2026-08-10T12:26:11Z,hw292,132,PASS
2026-08-10T12:26:11Z,hw292,133,PASS
2026-08-10T12:26:11Z,hw292,134,PASS
2026-08-10T12:26:11Z,hw292,135,PASS
2026-08-10T12:26:11Z,hw292,136,PASS
2026-08-10T12:26:11Z,hw292,137,PASS
2026-08-10T12:26:11Z,hw292,138,PASS
2026-08-10T12:26:11Z,hw292,139,PASS
2026-08-10T12:26:11Z,hw292,14,PASS
2026-08-10T12:26:11Z,hw292,140,PASS
2026-08-10T12:26:11Z,hw292,141,PASS
2026-08-10T12:26:11Z,hw292,142,PASS
2026-08-10T12:26:11Z,hw292,143,PASS
2026-08-10T12:26:11Z,hw292,144,PASS
2026-08-10T12:26:11Z,hw292,145,PASS
2026-08-10T12:26:11Z,hw292,146,PASS
2026-08-10T12:26:11Z,hw292,147,PASS
2026-08-10T12:26:11Z,hw292,148,PASS
2026-08-10T12:26:11Z,hw292,149,PASS
2026-08-10T12:26:11Z,hw292,15,FAIL
2026-08-10T12:26:11Z,hw292,150,PASS
2026-08-10T12:26:11Z,hw292,151,PASS
2026-08-10T12:26:11Z,hw292,152,PASS
2026-08-10T12:26:11Z,hw292,153,PASS
2026-08-10T12:26:11Z,hw292,154,PASS
2026-08-10T12:26:11Z,hw292,155,PASS
2026-08-10T12:26:11Z,hw292,156,PASS
2026-08-10T12:26:11Z,hw292,157,PASS
2026-08-10T12:26:11Z,hw292,158,PASS
2026-08-10T12:26:11Z,hw292,159,PASS
2026-08-10T12:26:11Z,hw292,16,PASS
2026-08-10T12:26:11Z,hw292,160,PASS
2026-08-10T12:26:11Z,hw292,161,PASS
2026-08-10T12:26:11Z,hw292,162,PASS
2026-08-10T12:26:11Z,hw292,163,PASS
2026-08-10T12:26:11Z,hw292,164,FAIL
2026-08-10T12:26:11Z,hw292,165,NOTRUN
2026-08-10T12:26:11Z,hw292,166,PASS
2026-08-10T12:26:11Z,hw292,167,PASS
2026-08-10T12:26:11Z,hw292,168,PASS
2026-08-10T12:26:11Z,hw292,169,PASS
2026-08-10T12:26:11Z,hw292,17,PASS
2026-08-10T12:26:11Z,hw292,170,PASS
2026-08-10T12:26:11Z,hw292,171,PASS
2026-08-10T12:26:11Z,hw292,172,PASS
2026-08-10T12:26:11Z,hw292,173,PASS
2026-08-10T12:26:11Z,hw292,174,PASS
2026-08-10T12:26:11Z,hw292,175,PASS
2026-08-10T12:26:11Z,hw292,176,FAIL
2026-08-10T12:26:11Z,hw292,177,FAIL
2026-08-10T12:26:11Z,hw292,178,FAIL
2026-08-10T12:26:11Z,hw292,179,PASS
2026-08-10T12:26:11Z,hw292,18,PASS
2026-08-10T12:26:11Z,hw292,180,PASS
2026-08-10T12:26:11Z,hw292,181,PASS
2026-08-10T12:26:11Z,hw292,182,PASS
2026-08-10T12:26:11Z,hw292,183,FAIL
2026-08-10T12:26:11Z,hw292,184,NOTRUN
2026-08-10T12:26:11Z,hw292,185,PASS
2026-08-10T12:26:11Z,hw292,186,PASS
2026-08-10T12:26:11Z,hw292,187,PASS
2026-08-10T12:26:11Z,hw292,188,FAIL
2026-08-10T12:26:11Z,hw292,189,PASS
2026-08-10T12:26:11Z,hw292,19,FAIL
2026-08-10T12:26:11Z,hw292,190,PASS
2026-08-10T12:26:11Z,hw292,191,PASS
2026-08-10T12:26:11Z,hw292,192,FAIL
2026-08-10T12:26:11Z,hw292,193,PASS
2026-08-10T12:26:11Z,hw292,194,PASS
2026-08-10T12:26:11Z,hw292,195,FAIL
2026-08-10T12:26:11Z,hw292,196,PASS
2026-08-10T12:26:11Z,hw292,197,PASS
2026-08-10T12:26:11Z,hw292,198,PASS
2026-08-10T12:26:11Z,hw292,199,PASS
2026-08-10T12:26:11Z,hw292,2,PASS
2026-08-10T12:26:11Z,hw292,20,PASS
2026-08-10T12:26:11Z,hw292,200,PASS
2026-08-10T12:26:11Z,hw292,201,PASS
2026-08-10T12:26:11Z,hw292,202,PASS
2026-08-10T12:26:11Z,hw292,203,PASS
2026-08-10T12:26:11Z,hw292,204,PASS
2026-08-10T12:26:11Z,hw292,205,PASS
2026-08-10T12:26:11Z,hw292,206,PASS
2026-08-10T12:26:11Z,hw292,207,PASS
2026-08-10T12:26:11Z,hw292,208,PASS
2026-08-10T12:26:11Z,hw292,209,PASS
2026-08-10T12:26:11Z,hw292,21,PASS
2026-08-10T12:26:11Z,hw292,210,PASS
2026-08-10T12:26:11Z,hw292,211,PASS
2026-08-10T12:26:11Z,hw292,212,FAIL
2026-08-10T12:26:11Z,hw292,213,FAIL
2026-08-10T12:26:11Z,hw292,214,PASS
2026-08-10T12:26:11Z,hw292,215,PASS
2026-08-10T12:26:11Z,hw292,216,FAIL
2026-08-10T12:26:11Z,hw292,217,FAIL
2026-08-10T12:26:11Z,hw292,218,FAIL
2026-08-10T12:26:11Z,hw292,219,FAIL
2026-08-10T12:26:11Z,hw292,22,PASS
2026-08-10T12:26:11Z,hw292,220,FAIL
2026-08-10T12:26:11Z,hw292,221,FAIL
2026-08-10T12:26:11Z,hw292,222,FAIL
2026-08-10T12:26:11Z,hw292,223,FAIL
2026-08-10T12:26:11Z,hw292,224,PASS
2026-08-10T12:26:11Z,hw292,225,FAIL
2026-08-10T12:26:11Z,hw292,226,PASS
2026-08-10T12:26:11Z,hw292,227,PASS
2026-08-10T12:26:11Z,hw292,228,FAIL
2026-08-10T12:26:11Z,hw292,229,PASS
2026-08-10T12:26:11Z,hw292,23,PASS
2026-08-10T12:26:11Z,hw292,230,PASS
2026-08-10T12:26:11Z,hw292,231,PASS
2026-08-10T12:26:11Z,hw292,232,PASS
2026-08-10T12:26:11Z,hw292,233,FAIL
2026-08-10T12:26:11Z,hw292,234,FAIL
2026-08-10T12:26:11Z,hw292,235,PASS
2026-08-10T12:26:11Z,hw292,236,PASS
2026-08-10T12:26:11Z,hw292,237,PASS
2026-08-10T12:26:11Z,hw292,238,FAIL
2026-08-10T12:26:11Z,hw292,239,PASS
2026-08-10T12:26:11Z,hw292,24,PASS
2026-08-10T12:26:11Z,hw292,240,PASS
2026-08-10T12:26:11Z,hw292,241,NOTRUN
2026-08-10T12:26:11Z,hw292,242,FAIL
2026-08-10T12:26:11Z,hw292,243,PASS
2026-08-10T12:26:11Z,hw292,25,FAIL
2026-08-10T12:26:11Z,hw292,26,PASS
2026-08-10T12:26:11Z,hw292,27,PASS
2026-08-10T12:26:11Z,hw292,28,PASS
2026-08-10T12:26:11Z,hw292,29,FAIL
2026-08-10T12:26:11Z,hw292,3,FAIL
2026-08-10T12:26:11Z,hw292,30,PASS
2026-08-10T12:26:11Z,hw292,31,PASS
2026-08-10T12:26:11Z,hw292,32,PASS
2026-08-10T12:26:11Z,hw292,33,FAIL
2026-08-10T12:26:11Z,hw292,34,PASS
2026-08-10T12:26:11Z,hw292,35,FAIL
2026-08-10T12:26:11Z,hw292,36,PASS
2026-08-10T12:26:11Z,hw292,37,FAIL
2026-08-10T12:26:11Z,hw292,38,FAIL
2026-08-10T12:26:11Z,hw292,39,PASS
2026-08-10T12:26:11Z,hw292,4,FAIL
2026-08-10T12:26:11Z,hw292,40,PASS
2026-08-10T12:26:11Z,hw292,41,FAIL
2026-08-10T12:26:11Z,hw292,42,PASS
2026-08-10T12:26:11Z,hw292,43,PASS
2026-08-10T12:26:11Z,hw292,44,PASS
2026-08-10T12:26:11Z,hw292,45,PASS
2026-08-10T12:26:11Z,hw292,46,PASS
2026-08-10T12:26:11Z,hw292,47,PASS
2026-08-10T12:26:11Z,hw292,48,FAIL
2026-08-10T12:26:11Z,hw292,49,PASS
2026-08-10T12:26:11Z,hw292,5,PASS
2026-08-10T12:26:11Z,hw292,50,PASS
2026-08-10T12:26:11Z,hw292,51,PASS
2026-08-10T12:26:11Z,hw292,52,PASS
2026-08-10T12:26:11Z,hw292,53,PASS
2026-08-10T12:26:11Z,hw292,54,PASS
2026-08-10T12:26:11Z,hw292,55,FAIL
2026-08-10T12:26:11Z,hw292,56,PASS
2026-08-10T12:26:11Z,hw292,57,FAIL
2026-08-10T12:26:11Z,hw292,58,PASS
2026-08-10T12:26:11Z,hw292,59,FAIL
2026-08-10T12:26:11Z,hw292,6,PASS
2026-08-10T12:26:11Z,hw292,60,FAIL
2026-08-10T12:26:11Z,hw292,61,PASS
2026-08-10T12:26:11Z,hw292,62,FAIL
2026-08-10T12:26:11Z,hw292,63,FAIL
2026-08-10T12:26:11Z,hw292,64,PASS
2026-08-10T12:26:11Z,hw292,65,PASS
2026-08-10T12:26:11Z,hw292,66,PASS
2026-08-10T12:26:11Z,hw292,67,FAIL
2026-08-10T12:26:11Z,hw292,68,PASS
2026-08-10T12:26:11Z,hw292,69,FAIL
2026-08-10T12:26:11Z,hw292,7,FAIL
2026-08-10T12:26:11Z,hw292,70,PASS
2026-08-10T12:26:11Z,hw292,71,FAIL
2026-08-10T12:26:11Z,hw292,72,PASS
2026-08-10T12:26:11Z,hw292,73,PASS
2026-08-10T12:26:11Z,hw292,74,PASS
2026-08-10T12:26:11Z,hw292,75,FAIL
2026-08-10T12:26:11Z,hw292,76,PASS
2026-08-10T12:26:11Z,hw292,77,PASS
2026-08-10T12:26:11Z,hw292,78,PASS
2026-08-10T12:26:11Z,hw292,79,PASS
2026-08-10T12:26:11Z,hw292,8,PASS
2026-08-10T12:26:11Z,hw292,80,PASS
2026-08-10T12:26:11Z,hw292,81,PASS
2026-08-10T12:26:11Z,hw292,82,PASS
2026-08-10T12:26:11Z,hw292,83,PASS
2026-08-10T12:26:11Z,hw292,84,FAIL
2026-08-10T12:26:11Z,hw292,85,FAIL
2026-08-10T12:26:11Z,hw292,86,FAIL
2026-08-10T12:26:11Z,hw292,87,FAIL
2026-08-10T12:26:11Z,hw292,88,FAIL
2026-08-10T12:26:11Z,hw292,89,PASS
2026-08-10T12:26:11Z,hw292,9,PASS
2026-08-10T12:26:11Z,hw292,90,FAIL
2026-08-10T12:26:11Z,hw292,91,FAIL
2026-08-10T12:26:11Z,hw292,92,FAIL
2026-08-10T12:26:11Z,hw292,93,PASS
2026-08-10T12:26:11Z,hw292,94,FAIL
2026-08-10T12:26:11Z,hw292,95,FAIL
2026-08-10T12:26:11Z,hw292,96,FAIL
2026-08-10T12:26:11Z,hw292,97,PASS
2026-08-10T12:26:11Z,hw292,98,FAIL
2026-08-10T12:26:11Z,hw292,99,PASS
2026-08-10T12:26:11Z,hw292,G1,PASS
2026-08-10T12:26:11Z,hw292,G10,PASS
2026-08-10T12:26:11Z,hw292,G11,PASS
2026-08-10T12:26:11Z,hw292,G12,PASS
2026-08-10T12:26:11Z,hw292,G2,FAIL
2026-08-10T12:26:11Z,hw292,G3,PASS
2026-08-10T12:26:11Z,hw292,G4,PASS
2026-08-10T12:26:11Z,hw292,G5,PASS
2026-08-10T12:26:11Z,hw292,G6,PASS
2026-08-10T12:26:11Z,hw292,G7,FAIL
2026-08-10T12:26:11Z,hw292,G8,FAIL
2026-08-10T12:26:11Z,hw292,G9,FAIL
2026-08-10T12:26:11Z,hw292,M1,PASS
2026-08-10T12:26:11Z,hw292,M2,PASS
2026-08-10T12:26:11Z,hw292,M3,PASS
2026-08-10T12:26:11Z,hw292,M4,PASS
2026-08-10T12:26:11Z,hw292,R1,PASS
2026-08-10T12:26:11Z,hw292,R10,PASS
2026-08-10T12:26:11Z,hw292,R11,PASS
2026-08-10T12:26:11Z,hw292,R12,PASS
2026-08-10T12:26:11Z,hw292,R13,PASS
2026-08-10T12:26:11Z,hw292,R14,PASS
2026-08-10T12:26:11Z,hw292,R15,PASS
2026-08-10T12:26:11Z,hw292,R16,FAIL
2026-08-10T12:26:11Z,hw292,R17,FAIL
2026-08-10T12:26:11Z,hw292,R18,PASS
2026-08-10T12:26:11Z,hw292,R19,PASS
2026-08-10T12:26:11Z,hw292,R2,PASS
2026-08-10T12:26:11Z,hw292,R20,PASS
2026-08-10T12:26:11Z,hw292,R21,PASS
2026-08-10T12:26:11Z,hw292,R22,FAIL
2026-08-10T12:26:11Z,hw292,R3,PASS
2026-08-10T12:26:11Z,hw292,R4,PASS
2026-08-10T12:26:11Z,hw292,R5,PASS
2026-08-10T12:26:11Z,hw292,R6,PASS
2026-08-10T12:26:11Z,hw292,R7,PASS
2026-08-10T12:26:11Z,hw292,R8,PASS
2026-08-10T12:26:11Z,hw292,R9,PASS
2026-08-10T12:26:11Z,hw292,W1,FAIL
2026-08-10T12:26:11Z,hw292,W2,FAIL
2026-08-10T12:26:11Z,hw292,W3,PASS
2026-08-10T12:26:11Z,hw292,W4,PASS
2026-08-10T12:26:11Z,hw292,W5,FAIL
2026-08-10T13:58:57Z,hw293,1,NOTRUN
2026-08-10T13:58:57Z,hw293,10,NOTRUN
2026-08-10T13:58:57Z,hw293,100,FAIL
2026-08-10T13:58:57Z,hw293,101,NOTRUN
2026-08-10T13:58:57Z,hw293,102,FAIL
2026-08-10T13:58:57Z,hw293,103,FAIL
2026-08-10T13:58:57Z,hw293,104,NOTRUN
2026-08-10T13:58:57Z,hw293,105,NOTRUN
2026-08-10T13:58:57Z,hw293,106,FAIL
2026-08-10T13:58:57Z,hw293,107,NOTRUN
2026-08-10T13:58:57Z,hw293,108,NOTRUN
2026-08-10T13:58:57Z,hw293,109,NOTRUN
2026-08-10T13:58:57Z,hw293,11,NOTRUN
2026-08-10T13:58:57Z,hw293,110,NOTRUN
2026-08-10T13:58:57Z,hw293,111,NOTRUN
2026-08-10T13:58:57Z,hw293,112,NOTRUN
2026-08-10T13:58:57Z,hw293,113,NOTRUN
2026-08-10T13:58:57Z,hw293,114,NOTRUN
2026-08-10T13:58:57Z,hw293,115,NOTRUN
2026-08-10T13:58:57Z,hw293,116,NOTRUN
2026-08-10T13:58:57Z,hw293,117,NOTRUN
2026-08-10T13:58:57Z,hw293,118,NOTRUN
2026-08-10T13:58:57Z,hw293,119,NOTRUN
2026-08-10T13:58:57Z,hw293,12,NOTRUN
2026-08-10T13:58:57Z,hw293,120,NOTRUN
2026-08-10T13:58:57Z,hw293,121,FAIL
2026-08-10T13:58:57Z,hw293,122,NOTRUN
2026-08-10T13:58:57Z,hw293,123,FAIL
2026-08-10T13:58:57Z,hw293,124,NOTRUN
2026-08-10T13:58:57Z,hw293,125,NOTRUN
2026-08-10T13:58:57Z,hw293,126,NOTRUN
2026-08-10T13:58:57Z,hw293,127,NOTRUN
2026-08-10T13:58:57Z,hw293,128,NOTRUN
2026-08-10T13:58:57Z,hw293,129,NOTRUN
2026-08-10T13:58:57Z,hw293,13,NOTRUN
2026-08-10T13:58:57Z,hw293,130,NOTRUN
2026-08-10T13:58:57Z,hw293,131,NOTRUN
2026-08-10T13:58:57Z,hw293,132,NOTRUN
2026-08-10T13:58:57Z,hw293,133,NOTRUN
2026-08-10T13:58:57Z,hw293,134,NOTRUN
2026-08-10T13:58:57Z,hw293,135,NOTRUN
2026-08-10T13:58:57Z,hw293,136,NOTRUN
2026-08-10T13:58:57Z,hw293,137,NOTRUN
2026-08-10T13:58:57Z,hw293,138,NOTRUN
2026-08-10T13:58:57Z,hw293,139,NOTRUN
2026-08-10T13:58:57Z,hw293,14,NOTRUN
2026-08-10T13:58:57Z,hw293,140,NOTRUN
2026-08-10T13:58:57Z,hw293,141,NOTRUN
2026-08-10T13:58:57Z,hw293,142,NOTRUN
2026-08-10T13:58:57Z,hw293,143,NOTRUN
2026-08-10T13:58:57Z,hw293,144,NOTRUN
2026-08-10T13:58:57Z,hw293,145,NOTRUN
2026-08-10T13:58:57Z,hw293,146,NOTRUN
2026-08-10T13:58:57Z,hw293,147,NOTRUN
2026-08-10T13:58:57Z,hw293,148,NOTRUN
2026-08-10T13:58:57Z,hw293,149,NOTRUN
2026-08-10T13:58:57Z,hw293,15,FAIL
2026-08-10T13:58:57Z,hw293,150,NOTRUN
2026-08-10T13:58:57Z,hw293,151,NOTRUN
2026-08-10T13:58:57Z,hw293,152,NOTRUN
2026-08-10T13:58:57Z,hw293,153,NOTRUN
2026-08-10T13:58:57Z,hw293,154,NOTRUN
2026-08-10T13:58:57Z,hw293,155,NOTRUN
2026-08-10T13:58:57Z,hw293,156,NOTRUN
2026-08-10T13:58:57Z,hw293,157,NOTRUN
2026-08-10T13:58:57Z,hw293,158,NOTRUN
2026-08-10T13:58:57Z,hw293,159,NOTRUN
2026-08-10T13:58:57Z,hw293,16,NOTRUN
2026-08-10T13:58:57Z,hw293,160,NOTRUN
2026-08-10T13:58:57Z,hw293,161,NOTRUN
2026-08-10T13:58:57Z,hw293,162,NOTRUN
2026-08-10T13:58:57Z,hw293,163,NOTRUN
2026-08-10T13:58:57Z,hw293,164,FAIL
2026-08-10T13:58:57Z,hw293,165,NOTRUN
2026-08-10T13:58:57Z,hw293,166,NOTRUN
2026-08-10T13:58:57Z,hw293,167,NOTRUN
2026-08-10T13:58:57Z,hw293,168,NOTRUN
2026-08-10T13:58:57Z,hw293,169,NOTRUN
2026-08-10T13:58:57Z,hw293,17,NOTRUN
2026-08-10T13:58:57Z,hw293,170,NOTRUN
2026-08-10T13:58:57Z,hw293,171,NOTRUN
2026-08-10T13:58:57Z,hw293,172,NOTRUN
2026-08-10T13:58:57Z,hw293,173,NOTRUN
2026-08-10T13:58:57Z,hw293,174,NOTRUN
2026-08-10T13:58:57Z,hw293,175,NOTRUN
2026-08-10T13:58:57Z,hw293,176,FAIL
2026-08-10T13:58:57Z,hw293,177,FAIL
2026-08-10T13:58:57Z,hw293,178,FAIL
2026-08-10T13:58:57Z,hw293,179,NOTRUN
2026-08-10T13:58:57Z,hw293,18,NOTRUN
2026-08-10T13:58:57Z,hw293,180,NOTRUN
2026-08-10T13:58:57Z,hw293,181,NOTRUN
2026-08-10T13:58:57Z,hw293,182,NOTRUN
2026-08-10T13:58:57Z,hw293,183,FAIL
2026-08-10T13:58:57Z,hw293,184,NOTRUN
2026-08-10T13:58:57Z,hw293,185,NOTRUN
2026-08-10T13:58:57Z,hw293,186,NOTRUN
2026-08-10T13:58:57Z,hw293,187,NOTRUN
2026-08-10T13:58:57Z,hw293,188,FAIL
2026-08-10T13:58:57Z,hw293,189,NOTRUN
2026-08-10T13:58:57Z,hw293,19,FAIL
2026-08-10T13:58:57Z,hw293,190,NOTRUN
2026-08-10T13:58:57Z,hw293,191,NOTRUN
2026-08-10T13:58:57Z,hw293,192,FAIL
2026-08-10T13:58:57Z,hw293,193,NOTRUN
2026-08-10T13:58:57Z,hw293,194,NOTRUN
2026-08-10T13:58:57Z,hw293,195,FAIL
2026-08-10T13:58:57Z,hw293,196,NOTRUN
2026-08-10T13:58:57Z,hw293,197,NOTRUN
2026-08-10T13:58:57Z,hw293,198,NOTRUN
2026-08-10T13:58:57Z,hw293,199,NOTRUN
2026-08-10T13:58:57Z,hw293,2,NOTRUN
2026-08-10T13:58:57Z,hw293,20,NOTRUN
2026-08-10T13:58:57Z,hw293,200,NOTRUN
2026-08-10T13:58:57Z,hw293,201,NOTRUN
2026-08-10T13:58:57Z,hw293,202,NOTRUN
2026-08-10T13:58:57Z,hw293,203,NOTRUN
2026-08-10T13:58:57Z,hw293,204,NOTRUN
2026-08-10T13:58:57Z,hw293,205,NOTRUN
2026-08-10T13:58:57Z,hw293,206,NOTRUN
2026-08-10T13:58:57Z,hw293,207,NOTRUN
2026-08-10T13:58:57Z,hw293,208,NOTRUN
2026-08-10T13:58:57Z,hw293,209,NOTRUN
2026-08-10T13:58:57Z,hw293,21,NOTRUN
2026-08-10T13:58:57Z,hw293,210,NOTRUN
2026-08-10T13:58:57Z,hw293,211,NOTRUN
2026-08-10T13:58:57Z,hw293,212,FAIL
2026-08-10T13:58:57Z,hw293,213,FAIL
2026-08-10T13:58:57Z,hw293,214,NOTRUN
2026-08-10T13:58:57Z,hw293,215,NOTRUN
2026-08-10T13:58:57Z,hw293,216,FAIL
2026-08-10T13:58:57Z,hw293,217,FAIL
2026-08-10T13:58:57Z,hw293,218,FAIL
2026-08-10T13:58:57Z,hw293,219,FAIL
2026-08-10T13:58:57Z,hw293,22,NOTRUN
2026-08-10T13:58:57Z,hw293,220,FAIL
2026-08-10T13:58:57Z,hw293,221,FAIL
2026-08-10T13:58:57Z,hw293,222,FAIL
2026-08-10T13:58:57Z,hw293,223,FAIL
2026-08-10T13:58:57Z,hw293,224,NOTRUN
2026-08-10T13:58:57Z,hw293,225,FAIL
2026-08-10T13:58:57Z,hw293,226,NOTRUN
2026-08-10T13:58:57Z,hw293,227,NOTRUN
2026-08-10T13:58:57Z,hw293,228,FAIL
2026-08-10T13:58:57Z,hw293,229,NOTRUN
2026-08-10T13:58:57Z,hw293,23,NOTRUN
2026-08-10T13:58:57Z,hw293,230,NOTRUN
2026-08-10T13:58:57Z,hw293,231,NOTRUN
2026-08-10T13:58:57Z,hw293,232,NOTRUN
2026-08-10T13:58:57Z,hw293,233,FAIL
2026-08-10T13:58:57Z,hw293,234,FAIL
2026-08-10T13:58:57Z,hw293,235,NOTRUN
2026-08-10T13:58:57Z,hw293,236,NOTRUN
2026-08-10T13:58:57Z,hw293,237,NOTRUN
2026-08-10T13:58:57Z,hw293,238,FAIL
2026-08-10T13:58:57Z,hw293,239,NOTRUN
2026-08-10T13:58:57Z,hw293,24,NOTRUN
2026-08-10T13:58:57Z,hw293,240,NOTRUN
2026-08-10T13:58:57Z,hw293,241,NOTRUN
2026-08-10T13:58:57Z,hw293,242,FAIL
2026-08-10T13:58:57Z,hw293,243,NOTRUN
2026-08-10T13:58:57Z,hw293,25,FAIL
2026-08-10T13:58:57Z,hw293,26,NOTRUN
2026-08-10T13:58:57Z,hw293,27,NOTRUN
2026-08-10T13:58:57Z,hw293,28,NOTRUN
2026-08-10T13:58:57Z,hw293,29,FAIL
2026-08-10T13:58:57Z,hw293,3,FAIL
2026-08-10T13:58:57Z,hw293,30,NOTRUN
2026-08-10T13:58:57Z,hw293,31,NOTRUN
2026-08-10T13:58:57Z,hw293,32,NOTRUN
2026-08-10T13:58:57Z,hw293,33,FAIL
2026-08-10T13:58:57Z,hw293,34,NOTRUN
2026-08-10T13:58:57Z,hw293,35,FAIL
2026-08-10T13:58:57Z,hw293,36,NOTRUN
2026-08-10T13:58:57Z,hw293,37,FAIL
2026-08-10T13:58:57Z,hw293,38,FAIL
2026-08-10T13:58:57Z,hw293,39,NOTRUN
2026-08-10T13:58:57Z,hw293,4,FAIL
2026-08-10T13:58:57Z,hw293,40,NOTRUN
2026-08-10T13:58:57Z,hw293,41,FAIL
2026-08-10T13:58:57Z,hw293,42,NOTRUN
2026-08-10T13:58:57Z,hw293,43,NOTRUN
2026-08-10T13:58:57Z,hw293,44,NOTRUN
2026-08-10T13:58:57Z,hw293,45,NOTRUN
2026-08-10T13:58:57Z,hw293,46,NOTRUN
2026-08-10T13:58:57Z,hw293,47,NOTRUN
2026-08-10T13:58:57Z,hw293,48,FAIL
2026-08-10T13:58:57Z,hw293,49,NOTRUN
2026-08-10T13:58:57Z,hw293,5,NOTRUN
2026-08-10T13:58:57Z,hw293,50,NOTRUN
2026-08-10T13:58:57Z,hw293,51,NOTRUN
2026-08-10T13:58:57Z,hw293,52,NOTRUN
2026-08-10T13:58:57Z,hw293,53,NOTRUN
2026-08-10T13:58:57Z,hw293,54,NOTRUN
2026-08-10T13:58:57Z,hw293,55,FAIL
2026-08-10T13:58:57Z,hw293,56,NOTRUN
2026-08-10T13:58:57Z,hw293,57,FAIL
2026-08-10T13:58:57Z,hw293,58,NOTRUN
2026-08-10T13:58:57Z,hw293,59,FAIL
2026-08-10T13:58:57Z,hw293,6,NOTRUN
2026-08-10T13:58:57Z,hw293,60,FAIL
2026-08-10T13:58:57Z,hw293,61,NOTRUN
2026-08-10T13:58:57Z,hw293,62,FAIL
2026-08-10T13:58:57Z,hw293,63,FAIL
2026-08-10T13:58:57Z,hw293,64,NOTRUN
2026-08-10T13:58:57Z,hw293,65,NOTRUN
2026-08-10T13:58:57Z,hw293,66,NOTRUN
2026-08-10T13:58:57Z,hw293,67,FAIL
2026-08-10T13:58:57Z,hw293,68,NOTRUN
2026-08-10T13:58:57Z,hw293,69,FAIL
2026-08-10T13:58:57Z,hw293,7,FAIL
2026-08-10T13:58:57Z,hw293,70,NOTRUN
2026-08-10T13:58:57Z,hw293,71,FAIL
2026-08-10T13:58:57Z,hw293,72,NOTRUN
2026-08-10T13:58:57Z,hw293,73,NOTRUN
2026-08-10T13:58:57Z,hw293,74,NOTRUN
2026-08-10T13:58:57Z,hw293,75,FAIL
2026-08-10T13:58:57Z,hw293,76,NOTRUN
2026-08-10T13:58:57Z,hw293,77,NOTRUN
2026-08-10T13:58:57Z,hw293,78,NOTRUN
2026-08-10T13:58:57Z,hw293,79,NOTRUN
2026-08-10T13:58:57Z,hw293,8,NOTRUN
2026-08-10T13:58:57Z,hw293,80,NOTRUN
2026-08-10T13:58:57Z,hw293,81,NOTRUN
2026-08-10T13:58:57Z,hw293,82,NOTRUN
2026-08-10T13:58:57Z,hw293,83,NOTRUN
2026-08-10T13:58:57Z,hw293,84,FAIL
2026-08-10T13:58:57Z,hw293,85,FAIL
2026-08-10T13:58:57Z,hw293,86,FAIL
2026-08-10T13:58:57Z,hw293,87,FAIL
2026-08-10T13:58:57Z,hw293,88,FAIL
2026-08-10T13:58:57Z,hw293,89,NOTRUN
2026-08-10T13:58:57Z,hw293,9,NOTRUN
2026-08-10T13:58:57Z,hw293,90,FAIL
2026-08-10T13:58:57Z,hw293,91,FAIL
2026-08-10T13:58:57Z,hw293,92,FAIL
2026-08-10T13:58:57Z,hw293,93,NOTRUN
2026-08-10T13:58:57Z,hw293,94,FAIL
2026-08-10T13:58:57Z,hw293,95,FAIL
2026-08-10T13:58:57Z,hw293,96,FAIL
2026-08-10T13:58:57Z,hw293,97,NOTRUN
2026-08-10T13:58:57Z,hw293,98,FAIL
2026-08-10T13:58:57Z,hw293,99,NOTRUN
2026-08-10T13:58:57Z,hw293,G1,NOTRUN
2026-08-10T13:58:57Z,hw293,G10,NOTRUN
2026-08-10T13:58:57Z,hw293,G11,NOTRUN
2026-08-10T13:58:57Z,hw293,G12,NOTRUN
2026-08-10T13:58:57Z,hw293,G2,FAIL
2026-08-10T13:58:57Z,hw293,G3,NOTRUN
2026-08-10T13:58:57Z,hw293,G4,NOTRUN
2026-08-10T13:58:57Z,hw293,G5,NOTRUN
2026-08-10T13:58:57Z,hw293,G6,NOTRUN
2026-08-10T13:58:57Z,hw293,G7,FAIL
2026-08-10T13:58:57Z,hw293,G8,FAIL
2026-08-10T13:58:57Z,hw293,G9,FAIL
2026-08-10T13:58:57Z,hw293,M1,NOTRUN
2026-08-10T13:58:57Z,hw293,M2,NOTRUN
2026-08-10T13:58:57Z,hw293,M3,NOTRUN
2026-08-10T13:58:57Z,hw293,M4,NOTRUN
2026-08-10T13:58:57Z,hw293,R1,NOTRUN
2026-08-10T13:58:57Z,hw293,R10,NOTRUN
2026-08-10T13:58:57Z,hw293,R11,NOTRUN
2026-08-10T13:58:57Z,hw293,R12,NOTRUN
2026-08-10T13:58:57Z,hw293,R13,NOTRUN
2026-08-10T13:58:57Z,hw293,R14,NOTRUN
2026-08-10T13:58:57Z,hw293,R15,NOTRUN
2026-08-10T13:58:57Z,hw293,R16,FAIL
2026-08-10T13:58:57Z,hw293,R17,FAIL
2026-08-10T13:58:57Z,hw293,R18,NOTRUN
2026-08-10T13:58:57Z,hw293,R19,NOTRUN
2026-08-10T13:58:57Z,hw293,R2,NOTRUN
2026-08-10T13:58:57Z,hw293,R20,NOTRUN
2026-08-10T13:58:57Z,hw293,R21,NOTRUN
2026-08-10T13:58:57Z,hw293,R22,FAIL
2026-08-10T13:58:57Z,hw293,R3,NOTRUN
2026-08-10T13:58:57Z,hw293,R4,NOTRUN
2026-08-10T13:58:57Z,hw293,R5,NOTRUN
2026-08-10T13:58:57Z,hw293,R6,NOTRUN
2026-08-10T13:58:57Z,hw293,R7,NOTRUN
2026-08-10T13:58:57Z,hw293,R8,NOTRUN
2026-08-10T13:58:57Z,hw293,R9,NOTRUN
2026-08-10T13:58:57Z,hw293,W1,FAIL
2026-08-10T13:58:57Z,hw293,W2,FAIL
2026-08-10T13:58:57Z,hw293,W3,NOTRUN
2026-08-10T13:58:57Z,hw293,W4,NOTRUN
2026-08-10T13:58:57Z,hw293,W5,FAIL
2026-08-10T14:14:42Z,hw293,1,NOTRUN
2026-08-10T14:14:42Z,hw293,10,NOTRUN
2026-08-10T14:14:42Z,hw293,100,FAIL
2026-08-10T14:14:42Z,hw293,101,NOTRUN
2026-08-10T14:14:42Z,hw293,102,FAIL
2026-08-10T14:14:42Z,hw293,103,FAIL
2026-08-10T14:14:42Z,hw293,104,NOTRUN
2026-08-10T14:14:42Z,hw293,105,NOTRUN
2026-08-10T14:14:42Z,hw293,106,FAIL
2026-08-10T14:14:42Z,hw293,107,NOTRUN
2026-08-10T14:14:42Z,hw293,108,NOTRUN
2026-08-10T14:14:42Z,hw293,109,NOTRUN
2026-08-10T14:14:42Z,hw293,11,NOTRUN
2026-08-10T14:14:42Z,hw293,110,NOTRUN
2026-08-10T14:14:42Z,hw293,111,NOTRUN
2026-08-10T14:14:42Z,hw293,112,NOTRUN
2026-08-10T14:14:42Z,hw293,113,NOTRUN
2026-08-10T14:14:42Z,hw293,114,NOTRUN
2026-08-10T14:14:42Z,hw293,115,NOTRUN
2026-08-10T14:14:42Z,hw293,116,NOTRUN
2026-08-10T14:14:42Z,hw293,117,NOTRUN
2026-08-10T14:14:42Z,hw293,118,NOTRUN
2026-08-10T14:14:42Z,hw293,119,NOTRUN
2026-08-10T14:14:42Z,hw293,12,NOTRUN
2026-08-10T14:14:42Z,hw293,120,NOTRUN
2026-08-10T14:14:42Z,hw293,121,FAIL
2026-08-10T14:14:42Z,hw293,122,NOTRUN
2026-08-10T14:14:42Z,hw293,123,FAIL
2026-08-10T14:14:42Z,hw293,124,NOTRUN
2026-08-10T14:14:42Z,hw293,125,NOTRUN
2026-08-10T14:14:42Z,hw293,126,NOTRUN
2026-08-10T14:14:42Z,hw293,127,NOTRUN
2026-08-10T14:14:42Z,hw293,128,NOTRUN
2026-08-10T14:14:42Z,hw293,129,NOTRUN
2026-08-10T14:14:42Z,hw293,13,NOTRUN
2026-08-10T14:14:42Z,hw293,130,NOTRUN
2026-08-10T14:14:42Z,hw293,131,NOTRUN
2026-08-10T14:14:42Z,hw293,132,NOTRUN
2026-08-10T14:14:42Z,hw293,133,NOTRUN
2026-08-10T14:14:42Z,hw293,134,NOTRUN
2026-08-10T14:14:42Z,hw293,135,NOTRUN
2026-08-10T14:14:42Z,hw293,136,NOTRUN
2026-08-10T14:14:42Z,hw293,137,NOTRUN
2026-08-10T14:14:42Z,hw293,138,NOTRUN
2026-08-10T14:14:42Z,hw293,139,NOTRUN
2026-08-10T14:14:42Z,hw293,14,NOTRUN
2026-08-10T14:14:42Z,hw293,140,NOTRUN
2026-08-10T14:14:42Z,hw293,141,NOTRUN
2026-08-10T14:14:42Z,hw293,142,NOTRUN
2026-08-10T14:14:42Z,hw293,143,NOTRUN
2026-08-10T14:14:42Z,hw293,144,NOTRUN
2026-08-10T14:14:42Z,hw293,145,NOTRUN
2026-08-10T14:14:42Z,hw293,146,NOTRUN
2026-08-10T14:14:42Z,hw293,147,NOTRUN
2026-08-10T14:14:42Z,hw293,148,NOTRUN
2026-08-10T14:14:42Z,hw293,149,NOTRUN
2026-08-10T14:14:42Z,hw293,15,FAIL
2026-08-10T14:14:42Z,hw293,150,NOTRUN
2026-08-10T14:14:42Z,hw293,151,NOTRUN
2026-08-10T14:14:42Z,hw293,152,NOTRUN
2026-08-10T14:14:42Z,hw293,153,NOTRUN
2026-08-10T14:14:42Z,hw293,154,NOTRUN
2026-08-10T14:14:42Z,hw293,155,NOTRUN
2026-08-10T14:14:42Z,hw293,156,NOTRUN
2026-08-10T14:14:42Z,hw293,157,NOTRUN
2026-08-10T14:14:42Z,hw293,158,NOTRUN
2026-08-10T14:14:42Z,hw293,159,NOTRUN
2026-08-10T14:14:42Z,hw293,16,NOTRUN
2026-08-10T14:14:42Z,hw293,160,NOTRUN
2026-08-10T14:14:42Z,hw293,161,NOTRUN
2026-08-10T14:14:42Z,hw293,162,NOTRUN
2026-08-10T14:14:42Z,hw293,163,NOTRUN
2026-08-10T14:14:42Z,hw293,164,FAIL
2026-08-10T14:14:42Z,hw293,165,NOTRUN
2026-08-10T14:14:42Z,hw293,166,NOTRUN
2026-08-10T14:14:42Z,hw293,167,NOTRUN
2026-08-10T14:14:42Z,hw293,168,NOTRUN
2026-08-10T14:14:42Z,hw293,169,NOTRUN
2026-08-10T14:14:42Z,hw293,17,NOTRUN
2026-08-10T14:14:42Z,hw293,170,NOTRUN
2026-08-10T14:14:42Z,hw293,171,NOTRUN
2026-08-10T14:14:42Z,hw293,172,NOTRUN
2026-08-10T14:14:42Z,hw293,173,NOTRUN
2026-08-10T14:14:42Z,hw293,174,NOTRUN
2026-08-10T14:14:42Z,hw293,175,NOTRUN
2026-08-10T14:14:42Z,hw293,176,FAIL
2026-08-10T14:14:42Z,hw293,177,FAIL
2026-08-10T14:14:42Z,hw293,178,FAIL
2026-08-10T14:14:42Z,hw293,179,NOTRUN
2026-08-10T14:14:42Z,hw293,18,NOTRUN
2026-08-10T14:14:42Z,hw293,180,NOTRUN
2026-08-10T14:14:42Z,hw293,181,NOTRUN
2026-08-10T14:14:42Z,hw293,182,NOTRUN
2026-08-10T14:14:42Z,hw293,183,FAIL
2026-08-10T14:14:42Z,hw293,184,NOTRUN
2026-08-10T14:14:42Z,hw293,185,NOTRUN
2026-08-10T14:14:42Z,hw293,186,NOTRUN
2026-08-10T14:14:42Z,hw293,187,NOTRUN
2026-08-10T14:14:42Z,hw293,188,FAIL
2026-08-10T14:14:42Z,hw293,189,NOTRUN
2026-08-10T14:14:42Z,hw293,19,FAIL
2026-08-10T14:14:42Z,hw293,190,NOTRUN
2026-08-10T14:14:42Z,hw293,191,NOTRUN
2026-08-10T14:14:42Z,hw293,192,FAIL
2026-08-10T14:14:42Z,hw293,193,NOTRUN
2026-08-10T14:14:42Z,hw293,194,NOTRUN
2026-08-10T14:14:42Z,hw293,195,FAIL
2026-08-10T14:14:42Z,hw293,196,NOTRUN
2026-08-10T14:14:42Z,hw293,197,NOTRUN
2026-08-10T14:14:42Z,hw293,198,NOTRUN
2026-08-10T14:14:42Z,hw293,199,NOTRUN
2026-08-10T14:14:42Z,hw293,2,NOTRUN
2026-08-10T14:14:42Z,hw293,20,NOTRUN
2026-08-10T14:14:42Z,hw293,200,NOTRUN
2026-08-10T14:14:42Z,hw293,201,NOTRUN
2026-08-10T14:14:42Z,hw293,202,NOTRUN
2026-08-10T14:14:42Z,hw293,203,NOTRUN
2026-08-10T14:14:42Z,hw293,204,NOTRUN
2026-08-10T14:14:42Z,hw293,205,NOTRUN
2026-08-10T14:14:42Z,hw293,206,NOTRUN
2026-08-10T14:14:42Z,hw293,207,NOTRUN
2026-08-10T14:14:42Z,hw293,208,NOTRUN
2026-08-10T14:14:42Z,hw293,209,NOTRUN
2026-08-10T14:14:42Z,hw293,21,NOTRUN
2026-08-10T14:14:42Z,hw293,210,NOTRUN
2026-08-10T14:14:42Z,hw293,211,NOTRUN
2026-08-10T14:14:42Z,hw293,212,FAIL
2026-08-10T14:14:42Z,hw293,213,FAIL
2026-08-10T14:14:42Z,hw293,214,NOTRUN
2026-08-10T14:14:42Z,hw293,215,NOTRUN
2026-08-10T14:14:42Z,hw293,216,FAIL
2026-08-10T14:14:42Z,hw293,217,FAIL
2026-08-10T14:14:42Z,hw293,218,FAIL
2026-08-10T14:14:42Z,hw293,219,FAIL
2026-08-10T14:14:42Z,hw293,22,NOTRUN
2026-08-10T14:14:42Z,hw293,220,FAIL
2026-08-10T14:14:42Z,hw293,221,FAIL
2026-08-10T14:14:42Z,hw293,222,FAIL
2026-08-10T14:14:42Z,hw293,223,FAIL
2026-08-10T14:14:42Z,hw293,224,NOTRUN
2026-08-10T14:14:42Z,hw293,225,FAIL
2026-08-10T14:14:42Z,hw293,226,NOTRUN
2026-08-10T14:14:42Z,hw293,227,NOTRUN
2026-08-10T14:14:42Z,hw293,228,FAIL
2026-08-10T14:14:42Z,hw293,229,NOTRUN
2026-08-10T14:14:42Z,hw293,23,NOTRUN
2026-08-10T14:14:42Z,hw293,230,NOTRUN
2026-08-10T14:14:42Z,hw293,231,NOTRUN
2026-08-10T14:14:42Z,hw293,232,NOTRUN
2026-08-10T14:14:42Z,hw293,233,FAIL
2026-08-10T14:14:42Z,hw293,234,FAIL
2026-08-10T14:14:42Z,hw293,235,NOTRUN
2026-08-10T14:14:42Z,hw293,236,NOTRUN
2026-08-10T14:14:42Z,hw293,237,NOTRUN
2026-08-10T14:14:42Z,hw293,238,FAIL
2026-08-10T14:14:42Z,hw293,239,NOTRUN
2026-08-10T14:14:42Z,hw293,24,NOTRUN
2026-08-10T14:14:42Z,hw293,240,NOTRUN
2026-08-10T14:14:42Z,hw293,241,FAIL
2026-08-10T14:14:42Z,hw293,242,PASS
2026-08-10T14:14:42Z,hw293,243,NOTRUN
2026-08-10T14:14:42Z,hw293,25,FAIL
2026-08-10T14:14:42Z,hw293,26,NOTRUN
2026-08-10T14:14:42Z,hw293,27,NOTRUN
2026-08-10T14:14:42Z,hw293,28,NOTRUN
2026-08-10T14:14:42Z,hw293,29,FAIL
2026-08-10T14:14:42Z,hw293,3,FAIL
2026-08-10T14:14:42Z,hw293,30,NOTRUN
2026-08-10T14:14:42Z,hw293,31,NOTRUN
2026-08-10T14:14:42Z,hw293,32,NOTRUN
2026-08-10T14:14:42Z,hw293,33,FAIL
2026-08-10T14:14:42Z,hw293,34,NOTRUN
2026-08-10T14:14:42Z,hw293,35,FAIL
2026-08-10T14:14:42Z,hw293,36,NOTRUN
2026-08-10T14:14:42Z,hw293,37,FAIL
2026-08-10T14:14:42Z,hw293,38,FAIL
2026-08-10T14:14:42Z,hw293,39,NOTRUN
2026-08-10T14:14:42Z,hw293,4,FAIL
2026-08-10T14:14:42Z,hw293,40,NOTRUN
2026-08-10T14:14:42Z,hw293,41,FAIL
2026-08-10T14:14:42Z,hw293,42,NOTRUN
2026-08-10T14:14:42Z,hw293,43,NOTRUN
2026-08-10T14:14:42Z,hw293,44,NOTRUN
2026-08-10T14:14:42Z,hw293,45,NOTRUN
2026-08-10T14:14:42Z,hw293,46,NOTRUN
2026-08-10T14:14:42Z,hw293,47,NOTRUN
2026-08-10T14:14:42Z,hw293,48,FAIL
2026-08-10T14:14:42Z,hw293,49,NOTRUN
2026-08-10T14:14:42Z,hw293,5,NOTRUN
2026-08-10T14:14:42Z,hw293,50,NOTRUN
2026-08-10T14:14:42Z,hw293,51,NOTRUN
2026-08-10T14:14:42Z,hw293,52,NOTRUN
2026-08-10T14:14:42Z,hw293,53,NOTRUN
2026-08-10T14:14:42Z,hw293,54,NOTRUN
2026-08-10T14:14:42Z,hw293,55,FAIL
2026-08-10T14:14:42Z,hw293,56,NOTRUN
2026-08-10T14:14:42Z,hw293,57,FAIL
2026-08-10T14:14:42Z,hw293,58,NOTRUN
2026-08-10T14:14:42Z,hw293,59,FAIL
2026-08-10T14:14:42Z,hw293,6,NOTRUN
2026-08-10T14:14:42Z,hw293,60,FAIL
2026-08-10T14:14:42Z,hw293,61,NOTRUN
2026-08-10T14:14:42Z,hw293,62,FAIL
2026-08-10T14:14:42Z,hw293,63,FAIL
2026-08-10T14:14:42Z,hw293,64,NOTRUN
2026-08-10T14:14:42Z,hw293,65,NOTRUN
2026-08-10T14:14:42Z,hw293,66,NOTRUN
2026-08-10T14:14:42Z,hw293,67,FAIL
2026-08-10T14:14:42Z,hw293,68,NOTRUN
2026-08-10T14:14:42Z,hw293,69,FAIL
2026-08-10T14:14:42Z,hw293,7,FAIL
2026-08-10T14:14:42Z,hw293,70,NOTRUN
2026-08-10T14:14:42Z,hw293,71,FAIL
2026-08-10T14:14:42Z,hw293,72,NOTRUN
2026-08-10T14:14:42Z,hw293,73,NOTRUN
2026-08-10T14:14:42Z,hw293,74,NOTRUN
2026-08-10T14:14:42Z,hw293,75,FAIL
2026-08-10T14:14:42Z,hw293,76,NOTRUN
2026-08-10T14:14:42Z,hw293,77,NOTRUN
2026-08-10T14:14:42Z,hw293,78,NOTRUN
2026-08-10T14:14:42Z,hw293,79,NOTRUN
2026-08-10T14:14:42Z,hw293,8,NOTRUN
2026-08-10T14:14:42Z,hw293,80,NOTRUN
2026-08-10T14:14:42Z,hw293,81,NOTRUN
2026-08-10T14:14:42Z,hw293,82,NOTRUN
2026-08-10T14:14:42Z,hw293,83,NOTRUN
2026-08-10T14:14:42Z,hw293,84,FAIL
2026-08-10T14:14:42Z,hw293,85,FAIL
2026-08-10T14:14:42Z,hw293,86,FAIL
2026-08-10T14:14:42Z,hw293,87,FAIL
2026-08-10T14:14:42Z,hw293,88,FAIL
2026-08-10T14:14:42Z,hw293,89,NOTRUN
2026-08-10T14:14:42Z,hw293,9,NOTRUN
2026-08-10T14:14:42Z,hw293,90,FAIL
2026-08-10T14:14:42Z,hw293,91,FAIL
2026-08-10T14:14:42Z,hw293,92,FAIL
2026-08-10T14:14:42Z,hw293,93,NOTRUN
2026-08-10T14:14:42Z,hw293,94,FAIL
2026-08-10T14:14:42Z,hw293,95,FAIL
2026-08-10T14:14:42Z,hw293,96,FAIL
2026-08-10T14:14:42Z,hw293,97,NOTRUN
2026-08-10T14:14:42Z,hw293,98,FAIL
2026-08-10T14:14:42Z,hw293,99,NOTRUN
2026-08-10T14:14:42Z,hw293,G1,NOTRUN
2026-08-10T14:14:42Z,hw293,G10,NOTRUN
2026-08-10T14:14:42Z,hw293,G11,NOTRUN
2026-08-10T14:14:42Z,hw293,G12,NOTRUN
2026-08-10T14:14:42Z,hw293,G2,FAIL
2026-08-10T14:14:42Z,hw293,G3,NOTRUN
2026-08-10T14:14:42Z,hw293,G4,NOTRUN
2026-08-10T14:14:42Z,hw293,G5,NOTRUN
2026-08-10T14:14:42Z,hw293,G6,NOTRUN
2026-08-10T14:14:42Z,hw293,G7,FAIL
2026-08-10T14:14:42Z,hw293,G8,FAIL
2026-08-10T14:14:42Z,hw293,G9,FAIL
2026-08-10T14:14:42Z,hw293,M1,NOTRUN
2026-08-10T14:14:42Z,hw293,M2,NOTRUN
2026-08-10T14:14:42Z,hw293,M3,NOTRUN
2026-08-10T14:14:42Z,hw293,M4,NOTRUN
2026-08-10T14:14:42Z,hw293,R1,NOTRUN
2026-08-10T14:14:42Z,hw293,R10,NOTRUN
2026-08-10T14:14:42Z,hw293,R11,NOTRUN
2026-08-10T14:14:42Z,hw293,R12,NOTRUN
2026-08-10T14:14:42Z,hw293,R13,NOTRUN
2026-08-10T14:14:42Z,hw293,R14,NOTRUN
2026-08-10T14:14:42Z,hw293,R15,NOTRUN
2026-08-10T14:14:42Z,hw293,R16,FAIL
2026-08-10T14:14:42Z,hw293,R17,FAIL
2026-08-10T14:14:42Z,hw293,R18,NOTRUN
2026-08-10T14:14:42Z,hw293,R19,NOTRUN
2026-08-10T14:14:42Z,hw293,R2,NOTRUN
2026-08-10T14:14:42Z,hw293,R20,NOTRUN
2026-08-10T14:14:42Z,hw293,R21,NOTRUN
2026-08-10T14:14:42Z,hw293,R22,PASS
2026-08-10T14:14:42Z,hw293,R3,NOTRUN
2026-08-10T14:14:42Z,hw293,R4,NOTRUN
2026-08-10T14:14:42Z,hw293,R5,NOTRUN
2026-08-10T14:14:42Z,hw293,R6,NOTRUN
2026-08-10T14:14:42Z,hw293,R7,NOTRUN
2026-08-10T14:14:42Z,hw293,R8,NOTRUN
2026-08-10T14:14:42Z,hw293,R9,NOTRUN
2026-08-10T14:14:42Z,hw293,W1,FAIL
2026-08-10T14:14:42Z,hw293,W2,FAIL
2026-08-10T14:14:42Z,hw293,W3,NOTRUN
2026-08-10T14:14:42Z,hw293,W4,NOTRUN
2026-08-10T14:14:42Z,hw293,W5,FAIL
2026-08-10T14:27:26Z,hw293,1,NOTRUN
2026-08-10T14:27:26Z,hw293,10,NOTRUN
2026-08-10T14:27:26Z,hw293,100,FAIL
2026-08-10T14:27:26Z,hw293,101,NOTRUN
2026-08-10T14:27:26Z,hw293,102,FAIL
2026-08-10T14:27:26Z,hw293,103,FAIL
2026-08-10T14:27:26Z,hw293,104,NOTRUN
2026-08-10T14:27:26Z,hw293,105,NOTRUN
2026-08-10T14:27:26Z,hw293,106,FAIL
2026-08-10T14:27:26Z,hw293,107,NOTRUN
2026-08-10T14:27:26Z,hw293,108,NOTRUN
2026-08-10T14:27:26Z,hw293,109,NOTRUN
2026-08-10T14:27:26Z,hw293,11,NOTRUN
2026-08-10T14:27:26Z,hw293,110,NOTRUN
2026-08-10T14:27:26Z,hw293,111,NOTRUN
2026-08-10T14:27:26Z,hw293,112,NOTRUN
2026-08-10T14:27:26Z,hw293,113,NOTRUN
2026-08-10T14:27:26Z,hw293,114,NOTRUN
2026-08-10T14:27:26Z,hw293,115,NOTRUN
2026-08-10T14:27:26Z,hw293,116,NOTRUN
2026-08-10T14:27:26Z,hw293,117,NOTRUN
2026-08-10T14:27:26Z,hw293,118,NOTRUN
2026-08-10T14:27:26Z,hw293,119,NOTRUN
2026-08-10T14:27:26Z,hw293,12,NOTRUN
2026-08-10T14:27:26Z,hw293,120,NOTRUN
2026-08-10T14:27:26Z,hw293,121,FAIL
2026-08-10T14:27:26Z,hw293,122,NOTRUN
2026-08-10T14:27:26Z,hw293,123,FAIL
2026-08-10T14:27:26Z,hw293,124,NOTRUN
2026-08-10T14:27:26Z,hw293,125,NOTRUN
2026-08-10T14:27:26Z,hw293,126,NOTRUN
2026-08-10T14:27:26Z,hw293,127,NOTRUN
2026-08-10T14:27:26Z,hw293,128,NOTRUN
2026-08-10T14:27:26Z,hw293,129,NOTRUN
2026-08-10T14:27:26Z,hw293,13,NOTRUN
2026-08-10T14:27:26Z,hw293,130,NOTRUN
2026-08-10T14:27:26Z,hw293,131,NOTRUN
2026-08-10T14:27:26Z,hw293,132,NOTRUN
2026-08-10T14:27:26Z,hw293,133,NOTRUN
2026-08-10T14:27:26Z,hw293,134,NOTRUN
2026-08-10T14:27:26Z,hw293,135,NOTRUN
2026-08-10T14:27:26Z,hw293,136,NOTRUN
2026-08-10T14:27:26Z,hw293,137,NOTRUN
2026-08-10T14:27:26Z,hw293,138,NOTRUN
2026-08-10T14:27:26Z,hw293,139,NOTRUN
2026-08-10T14:27:26Z,hw293,14,NOTRUN
2026-08-10T14:27:26Z,hw293,140,NOTRUN
2026-08-10T14:27:26Z,hw293,141,NOTRUN
2026-08-10T14:27:26Z,hw293,142,NOTRUN
2026-08-10T14:27:26Z,hw293,143,NOTRUN
2026-08-10T14:27:26Z,hw293,144,NOTRUN
2026-08-10T14:27:26Z,hw293,145,NOTRUN
2026-08-10T14:27:26Z,hw293,146,NOTRUN
2026-08-10T14:27:26Z,hw293,147,NOTRUN
2026-08-10T14:27:26Z,hw293,148,NOTRUN
2026-08-10T14:27:26Z,hw293,149,NOTRUN
2026-08-10T14:27:26Z,hw293,15,FAIL
2026-08-10T14:27:26Z,hw293,150,NOTRUN
2026-08-10T14:27:26Z,hw293,151,NOTRUN
2026-08-10T14:27:26Z,hw293,152,NOTRUN
2026-08-10T14:27:26Z,hw293,153,NOTRUN
2026-08-10T14:27:26Z,hw293,154,NOTRUN
2026-08-10T14:27:26Z,hw293,155,NOTRUN
2026-08-10T14:27:26Z,hw293,156,NOTRUN
2026-08-10T14:27:26Z,hw293,157,NOTRUN
2026-08-10T14:27:26Z,hw293,158,NOTRUN
2026-08-10T14:27:26Z,hw293,159,NOTRUN
2026-08-10T14:27:26Z,hw293,16,NOTRUN
2026-08-10T14:27:26Z,hw293,160,NOTRUN
2026-08-10T14:27:26Z,hw293,161,NOTRUN
2026-08-10T14:27:26Z,hw293,162,NOTRUN
2026-08-10T14:27:26Z,hw293,163,NOTRUN
2026-08-10T14:27:26Z,hw293,164,FAIL
2026-08-10T14:27:26Z,hw293,165,NOTRUN
2026-08-10T14:27:26Z,hw293,166,FAIL
2026-08-10T14:27:26Z,hw293,167,NOTRUN
2026-08-10T14:27:26Z,hw293,168,NOTRUN
2026-08-10T14:27:26Z,hw293,169,NOTRUN
2026-08-10T14:27:26Z,hw293,17,NOTRUN
2026-08-10T14:27:26Z,hw293,170,NOTRUN
2026-08-10T14:27:26Z,hw293,171,NOTRUN
2026-08-10T14:27:26Z,hw293,172,NOTRUN
2026-08-10T14:27:26Z,hw293,173,NOTRUN
2026-08-10T14:27:26Z,hw293,174,NOTRUN
2026-08-10T14:27:26Z,hw293,175,NOTRUN
2026-08-10T14:27:26Z,hw293,176,FAIL
2026-08-10T14:27:26Z,hw293,177,FAIL
2026-08-10T14:27:26Z,hw293,178,FAIL
2026-08-10T14:27:26Z,hw293,179,NOTRUN
2026-08-10T14:27:26Z,hw293,18,NOTRUN
2026-08-10T14:27:26Z,hw293,180,NOTRUN
2026-08-10T14:27:26Z,hw293,181,NOTRUN
2026-08-10T14:27:26Z,hw293,182,NOTRUN
2026-08-10T14:27:26Z,hw293,183,FAIL
2026-08-10T14:27:26Z,hw293,184,NOTRUN
2026-08-10T14:27:26Z,hw293,185,NOTRUN
2026-08-10T14:27:26Z,hw293,186,NOTRUN
2026-08-10T14:27:26Z,hw293,187,NOTRUN
2026-08-10T14:27:26Z,hw293,188,FAIL
2026-08-10T14:27:26Z,hw293,189,NOTRUN
2026-08-10T14:27:26Z,hw293,19,FAIL
2026-08-10T14:27:26Z,hw293,190,NOTRUN
2026-08-10T14:27:26Z,hw293,191,NOTRUN
2026-08-10T14:27:26Z,hw293,192,FAIL
2026-08-10T14:27:26Z,hw293,193,NOTRUN
2026-08-10T14:27:26Z,hw293,194,NOTRUN
2026-08-10T14:27:26Z,hw293,195,FAIL
2026-08-10T14:27:26Z,hw293,196,NOTRUN
2026-08-10T14:27:26Z,hw293,197,NOTRUN
2026-08-10T14:27:26Z,hw293,198,NOTRUN
2026-08-10T14:27:26Z,hw293,199,NOTRUN
2026-08-10T14:27:26Z,hw293,2,NOTRUN
2026-08-10T14:27:26Z,hw293,20,NOTRUN
2026-08-10T14:27:26Z,hw293,200,NOTRUN
2026-08-10T14:27:26Z,hw293,201,NOTRUN
2026-08-10T14:27:26Z,hw293,202,NOTRUN
2026-08-10T14:27:26Z,hw293,203,NOTRUN
2026-08-10T14:27:26Z,hw293,204,NOTRUN
2026-08-10T14:27:26Z,hw293,205,NOTRUN
2026-08-10T14:27:26Z,hw293,206,NOTRUN
2026-08-10T14:27:26Z,hw293,207,NOTRUN
2026-08-10T14:27:26Z,hw293,208,NOTRUN
2026-08-10T14:27:26Z,hw293,209,NOTRUN
2026-08-10T14:27:26Z,hw293,21,NOTRUN
2026-08-10T14:27:26Z,hw293,210,NOTRUN
2026-08-10T14:27:26Z,hw293,211,NOTRUN
2026-08-10T14:27:26Z,hw293,212,FAIL
2026-08-10T14:27:26Z,hw293,213,FAIL
2026-08-10T14:27:26Z,hw293,214,NOTRUN
2026-08-10T14:27:26Z,hw293,215,NOTRUN
2026-08-10T14:27:26Z,hw293,216,FAIL
2026-08-10T14:27:26Z,hw293,217,FAIL
2026-08-10T14:27:26Z,hw293,218,FAIL
2026-08-10T14:27:26Z,hw293,219,FAIL
2026-08-10T14:27:26Z,hw293,22,NOTRUN
2026-08-10T14:27:26Z,hw293,220,FAIL
2026-08-10T14:27:26Z,hw293,221,FAIL
2026-08-10T14:27:26Z,hw293,222,FAIL
2026-08-10T14:27:26Z,hw293,223,FAIL
2026-08-10T14:27:26Z,hw293,224,NOTRUN
2026-08-10T14:27:26Z,hw293,225,FAIL
2026-08-10T14:27:26Z,hw293,226,NOTRUN
2026-08-10T14:27:26Z,hw293,227,NOTRUN
2026-08-10T14:27:26Z,hw293,228,FAIL
2026-08-10T14:27:26Z,hw293,229,NOTRUN
2026-08-10T14:27:26Z,hw293,23,NOTRUN
2026-08-10T14:27:26Z,hw293,230,NOTRUN
2026-08-10T14:27:26Z,hw293,231,NOTRUN
2026-08-10T14:27:26Z,hw293,232,NOTRUN
2026-08-10T14:27:26Z,hw293,233,FAIL
2026-08-10T14:27:26Z,hw293,234,FAIL
2026-08-10T14:27:26Z,hw293,235,NOTRUN
2026-08-10T14:27:26Z,hw293,236,NOTRUN
2026-08-10T14:27:26Z,hw293,237,NOTRUN
2026-08-10T14:27:26Z,hw293,238,FAIL
2026-08-10T14:27:26Z,hw293,239,NOTRUN
2026-08-10T14:27:26Z,hw293,24,NOTRUN
2026-08-10T14:27:26Z,hw293,240,NOTRUN
2026-08-10T14:27:26Z,hw293,241,FAIL
2026-08-10T14:27:26Z,hw293,242,PASS
2026-08-10T14:27:26Z,hw293,243,NOTRUN
2026-08-10T14:27:26Z,hw293,25,FAIL
2026-08-10T14:27:26Z,hw293,26,NOTRUN
2026-08-10T14:27:26Z,hw293,27,NOTRUN
2026-08-10T14:27:26Z,hw293,28,NOTRUN
2026-08-10T14:27:26Z,hw293,29,FAIL
2026-08-10T14:27:26Z,hw293,3,FAIL
2026-08-10T14:27:26Z,hw293,30,NOTRUN
2026-08-10T14:27:26Z,hw293,31,NOTRUN
2026-08-10T14:27:26Z,hw293,32,NOTRUN
2026-08-10T14:27:26Z,hw293,33,FAIL
2026-08-10T14:27:26Z,hw293,34,NOTRUN
2026-08-10T14:27:26Z,hw293,35,FAIL
2026-08-10T14:27:26Z,hw293,36,NOTRUN
2026-08-10T14:27:26Z,hw293,37,FAIL
2026-08-10T14:27:26Z,hw293,38,FAIL
2026-08-10T14:27:26Z,hw293,39,NOTRUN
2026-08-10T14:27:26Z,hw293,4,FAIL
2026-08-10T14:27:26Z,hw293,40,NOTRUN
2026-08-10T14:27:26Z,hw293,41,FAIL
2026-08-10T14:27:26Z,hw293,42,NOTRUN
2026-08-10T14:27:26Z,hw293,43,NOTRUN
2026-08-10T14:27:26Z,hw293,44,NOTRUN
2026-08-10T14:27:26Z,hw293,45,NOTRUN
2026-08-10T14:27:26Z,hw293,46,NOTRUN
2026-08-10T14:27:26Z,hw293,47,NOTRUN
2026-08-10T14:27:26Z,hw293,48,FAIL
2026-08-10T14:27:26Z,hw293,49,NOTRUN
2026-08-10T14:27:26Z,hw293,5,NOTRUN
2026-08-10T14:27:26Z,hw293,50,NOTRUN
2026-08-10T14:27:26Z,hw293,51,NOTRUN
2026-08-10T14:27:26Z,hw293,52,NOTRUN
2026-08-10T14:27:26Z,hw293,53,NOTRUN
2026-08-10T14:27:26Z,hw293,54,NOTRUN
2026-08-10T14:27:26Z,hw293,55,FAIL
2026-08-10T14:27:26Z,hw293,56,NOTRUN
2026-08-10T14:27:26Z,hw293,57,FAIL
2026-08-10T14:27:26Z,hw293,58,NOTRUN
2026-08-10T14:27:26Z,hw293,59,FAIL
2026-08-10T14:27:26Z,hw293,6,NOTRUN
2026-08-10T14:27:26Z,hw293,60,FAIL
2026-08-10T14:27:26Z,hw293,61,NOTRUN
2026-08-10T14:27:26Z,hw293,62,FAIL
2026-08-10T14:27:26Z,hw293,63,FAIL
2026-08-10T14:27:26Z,hw293,64,NOTRUN
2026-08-10T14:27:26Z,hw293,65,NOTRUN
2026-08-10T14:27:26Z,hw293,66,NOTRUN
2026-08-10T14:27:26Z,hw293,67,FAIL
2026-08-10T14:27:26Z,hw293,68,NOTRUN
2026-08-10T14:27:26Z,hw293,69,FAIL
2026-08-10T14:27:26Z,hw293,7,FAIL
2026-08-10T14:27:26Z,hw293,70,NOTRUN
2026-08-10T14:27:26Z,hw293,71,FAIL
2026-08-10T14:27:26Z,hw293,72,NOTRUN
2026-08-10T14:27:26Z,hw293,73,NOTRUN
2026-08-10T14:27:26Z,hw293,74,NOTRUN
2026-08-10T14:27:26Z,hw293,75,FAIL
2026-08-10T14:27:26Z,hw293,76,NOTRUN
2026-08-10T14:27:26Z,hw293,77,NOTRUN
2026-08-10T14:27:26Z,hw293,78,NOTRUN
2026-08-10T14:27:26Z,hw293,79,NOTRUN
2026-08-10T14:27:26Z,hw293,8,NOTRUN
2026-08-10T14:27:26Z,hw293,80,NOTRUN
2026-08-10T14:27:26Z,hw293,81,NOTRUN
2026-08-10T14:27:26Z,hw293,82,NOTRUN
2026-08-10T14:27:26Z,hw293,83,NOTRUN
2026-08-10T14:27:26Z,hw293,84,FAIL
2026-08-10T14:27:26Z,hw293,85,FAIL
2026-08-10T14:27:26Z,hw293,86,FAIL
2026-08-10T14:27:26Z,hw293,87,FAIL
2026-08-10T14:27:26Z,hw293,88,FAIL
2026-08-10T14:27:26Z,hw293,89,NOTRUN
2026-08-10T14:27:26Z,hw293,9,NOTRUN
2026-08-10T14:27:26Z,hw293,90,FAIL
2026-08-10T14:27:26Z,hw293,91,FAIL
2026-08-10T14:27:26Z,hw293,92,FAIL
2026-08-10T14:27:26Z,hw293,93,NOTRUN
2026-08-10T14:27:26Z,hw293,94,FAIL
2026-08-10T14:27:26Z,hw293,95,FAIL
2026-08-10T14:27:26Z,hw293,96,FAIL
2026-08-10T14:27:26Z,hw293,97,NOTRUN
2026-08-10T14:27:26Z,hw293,98,FAIL
2026-08-10T14:27:26Z,hw293,99,NOTRUN
2026-08-10T14:27:26Z,hw293,G1,NOTRUN
2026-08-10T14:27:26Z,hw293,G10,NOTRUN
2026-08-10T14:27:26Z,hw293,G11,FAIL
2026-08-10T14:27:26Z,hw293,G12,NOTRUN
2026-08-10T14:27:26Z,hw293,G2,FAIL
2026-08-10T14:27:26Z,hw293,G3,NOTRUN
2026-08-10T14:27:26Z,hw293,G4,NOTRUN
2026-08-10T14:27:26Z,hw293,G5,NOTRUN
2026-08-10T14:27:26Z,hw293,G6,NOTRUN
2026-08-10T14:27:26Z,hw293,G7,FAIL
2026-08-10T14:27:26Z,hw293,G8,FAIL
2026-08-10T14:27:26Z,hw293,G9,FAIL
2026-08-10T14:27:26Z,hw293,M1,NOTRUN
2026-08-10T14:27:26Z,hw293,M2,NOTRUN
2026-08-10T14:27:26Z,hw293,M3,NOTRUN
2026-08-10T14:27:26Z,hw293,M4,NOTRUN
2026-08-10T14:27:26Z,hw293,R1,NOTRUN
2026-08-10T14:27:26Z,hw293,R10,NOTRUN
2026-08-10T14:27:26Z,hw293,R11,NOTRUN
2026-08-10T14:27:26Z,hw293,R12,NOTRUN
2026-08-10T14:27:26Z,hw293,R13,NOTRUN
2026-08-10T14:27:26Z,hw293,R14,NOTRUN
2026-08-10T14:27:26Z,hw293,R15,NOTRUN
2026-08-10T14:27:26Z,hw293,R16,FAIL
2026-08-10T14:27:26Z,hw293,R17,FAIL
2026-08-10T14:27:26Z,hw293,R18,NOTRUN
2026-08-10T14:27:26Z,hw293,R19,NOTRUN
2026-08-10T14:27:26Z,hw293,R2,NOTRUN
2026-08-10T14:27:26Z,hw293,R20,NOTRUN
2026-08-10T14:27:26Z,hw293,R21,NOTRUN
2026-08-10T14:27:26Z,hw293,R22,PASS
2026-08-10T14:27:26Z,hw293,R3,NOTRUN
2026-08-10T14:27:26Z,hw293,R4,NOTRUN
2026-08-10T14:27:26Z,hw293,R5,NOTRUN
2026-08-10T14:27:26Z,hw293,R6,NOTRUN
2026-08-10T14:27:26Z,hw293,R7,NOTRUN
2026-08-10T14:27:26Z,hw293,R8,NOTRUN
2026-08-10T14:27:26Z,hw293,R9,NOTRUN
2026-08-10T14:27:26Z,hw293,W1,FAIL
2026-08-10T14:27:26Z,hw293,W2,FAIL
2026-08-10T14:27:26Z,hw293,W3,NOTRUN
2026-08-10T14:27:26Z,hw293,W4,NOTRUN
2026-08-10T14:27:26Z,hw293,W5,FAIL
2026-08-10T14:30:17Z,hw293,1,NOTRUN
2026-08-10T14:30:17Z,hw293,10,NOTRUN
2026-08-10T14:30:17Z,hw293,100,FAIL
2026-08-10T14:30:17Z,hw293,101,NOTRUN
2026-08-10T14:30:17Z,hw293,102,FAIL
2026-08-10T14:30:17Z,hw293,103,FAIL
2026-08-10T14:30:17Z,hw293,104,NOTRUN
2026-08-10T14:30:17Z,hw293,105,NOTRUN
2026-08-10T14:30:17Z,hw293,106,FAIL
2026-08-10T14:30:17Z,hw293,107,NOTRUN
2026-08-10T14:30:17Z,hw293,108,NOTRUN
2026-08-10T14:30:17Z,hw293,109,NOTRUN
2026-08-10T14:30:17Z,hw293,11,NOTRUN
2026-08-10T14:30:17Z,hw293,110,NOTRUN
2026-08-10T14:30:17Z,hw293,111,NOTRUN
2026-08-10T14:30:17Z,hw293,112,NOTRUN
2026-08-10T14:30:17Z,hw293,113,NOTRUN
2026-08-10T14:30:17Z,hw293,114,NOTRUN
2026-08-10T14:30:17Z,hw293,115,NOTRUN
2026-08-10T14:30:17Z,hw293,116,NOTRUN
2026-08-10T14:30:17Z,hw293,117,NOTRUN
2026-08-10T14:30:17Z,hw293,118,NOTRUN
2026-08-10T14:30:17Z,hw293,119,NOTRUN
2026-08-10T14:30:17Z,hw293,12,NOTRUN
2026-08-10T14:30:17Z,hw293,120,NOTRUN
2026-08-10T14:30:17Z,hw293,121,FAIL
2026-08-10T14:30:17Z,hw293,122,NOTRUN
2026-08-10T14:30:17Z,hw293,123,FAIL
2026-08-10T14:30:17Z,hw293,124,NOTRUN
2026-08-10T14:30:17Z,hw293,125,NOTRUN
2026-08-10T14:30:17Z,hw293,126,NOTRUN
2026-08-10T14:30:17Z,hw293,127,NOTRUN
2026-08-10T14:30:17Z,hw293,128,NOTRUN
2026-08-10T14:30:17Z,hw293,129,NOTRUN
2026-08-10T14:30:17Z,hw293,13,NOTRUN
2026-08-10T14:30:17Z,hw293,130,NOTRUN
2026-08-10T14:30:17Z,hw293,131,NOTRUN
2026-08-10T14:30:17Z,hw293,132,NOTRUN
2026-08-10T14:30:17Z,hw293,133,NOTRUN
2026-08-10T14:30:17Z,hw293,134,NOTRUN
2026-08-10T14:30:17Z,hw293,135,NOTRUN
2026-08-10T14:30:17Z,hw293,136,NOTRUN
2026-08-10T14:30:17Z,hw293,137,NOTRUN
2026-08-10T14:30:17Z,hw293,138,NOTRUN
2026-08-10T14:30:17Z,hw293,139,NOTRUN
2026-08-10T14:30:17Z,hw293,14,NOTRUN
2026-08-10T14:30:17Z,hw293,140,NOTRUN
2026-08-10T14:30:17Z,hw293,141,NOTRUN
2026-08-10T14:30:17Z,hw293,142,NOTRUN
2026-08-10T14:30:17Z,hw293,143,NOTRUN
2026-08-10T14:30:17Z,hw293,144,NOTRUN
2026-08-10T14:30:17Z,hw293,145,NOTRUN
2026-08-10T14:30:17Z,hw293,146,NOTRUN
2026-08-10T14:30:17Z,hw293,147,NOTRUN
2026-08-10T14:30:17Z,hw293,148,NOTRUN
2026-08-10T14:30:17Z,hw293,149,NOTRUN
2026-08-10T14:30:17Z,hw293,15,FAIL
2026-08-10T14:30:17Z,hw293,150,NOTRUN
2026-08-10T14:30:17Z,hw293,151,NOTRUN
2026-08-10T14:30:17Z,hw293,152,NOTRUN
2026-08-10T14:30:17Z,hw293,153,NOTRUN
2026-08-10T14:30:17Z,hw293,154,NOTRUN
2026-08-10T14:30:17Z,hw293,155,NOTRUN
2026-08-10T14:30:17Z,hw293,156,NOTRUN
2026-08-10T14:30:17Z,hw293,157,NOTRUN
2026-08-10T14:30:17Z,hw293,158,NOTRUN
2026-08-10T14:30:17Z,hw293,159,NOTRUN
2026-08-10T14:30:17Z,hw293,16,NOTRUN
2026-08-10T14:30:17Z,hw293,160,NOTRUN
2026-08-10T14:30:17Z,hw293,161,NOTRUN
2026-08-10T14:30:17Z,hw293,162,NOTRUN
2026-08-10T14:30:17Z,hw293,163,NOTRUN
2026-08-10T14:30:17Z,hw293,164,FAIL
2026-08-10T14:30:17Z,hw293,165,NOTRUN
2026-08-10T14:30:17Z,hw293,166,FAIL
2026-08-10T14:30:17Z,hw293,167,NOTRUN
2026-08-10T14:30:17Z,hw293,168,NOTRUN
2026-08-10T14:30:17Z,hw293,169,NOTRUN
2026-08-10T14:30:17Z,hw293,17,NOTRUN
2026-08-10T14:30:17Z,hw293,170,NOTRUN
2026-08-10T14:30:17Z,hw293,171,NOTRUN
2026-08-10T14:30:17Z,hw293,172,NOTRUN
2026-08-10T14:30:17Z,hw293,173,NOTRUN
2026-08-10T14:30:17Z,hw293,174,NOTRUN
2026-08-10T14:30:17Z,hw293,175,NOTRUN
2026-08-10T14:30:17Z,hw293,176,FAIL
2026-08-10T14:30:17Z,hw293,177,FAIL
2026-08-10T14:30:17Z,hw293,178,FAIL
2026-08-10T14:30:17Z,hw293,179,NOTRUN
2026-08-10T14:30:17Z,hw293,18,NOTRUN
2026-08-10T14:30:17Z,hw293,180,NOTRUN
2026-08-10T14:30:17Z,hw293,181,NOTRUN
2026-08-10T14:30:17Z,hw293,182,NOTRUN
2026-08-10T14:30:17Z,hw293,183,FAIL
2026-08-10T14:30:17Z,hw293,184,NOTRUN
2026-08-10T14:30:17Z,hw293,185,NOTRUN
2026-08-10T14:30:17Z,hw293,186,NOTRUN
2026-08-10T14:30:17Z,hw293,187,NOTRUN
2026-08-10T14:30:17Z,hw293,188,FAIL
2026-08-10T14:30:17Z,hw293,189,NOTRUN
2026-08-10T14:30:17Z,hw293,19,FAIL
2026-08-10T14:30:17Z,hw293,190,NOTRUN
2026-08-10T14:30:17Z,hw293,191,NOTRUN
2026-08-10T14:30:17Z,hw293,192,FAIL
2026-08-10T14:30:17Z,hw293,193,NOTRUN
2026-08-10T14:30:17Z,hw293,194,NOTRUN
2026-08-10T14:30:17Z,hw293,195,FAIL
2026-08-10T14:30:17Z,hw293,196,NOTRUN
2026-08-10T14:30:17Z,hw293,197,NOTRUN
2026-08-10T14:30:17Z,hw293,198,NOTRUN
2026-08-10T14:30:17Z,hw293,199,NOTRUN
2026-08-10T14:30:17Z,hw293,2,NOTRUN
2026-08-10T14:30:17Z,hw293,20,NOTRUN
2026-08-10T14:30:17Z,hw293,200,NOTRUN
2026-08-10T14:30:17Z,hw293,201,NOTRUN
2026-08-10T14:30:17Z,hw293,202,NOTRUN
2026-08-10T14:30:17Z,hw293,203,NOTRUN
2026-08-10T14:30:17Z,hw293,204,NOTRUN
2026-08-10T14:30:17Z,hw293,205,NOTRUN
2026-08-10T14:30:17Z,hw293,206,NOTRUN
2026-08-10T14:30:17Z,hw293,207,NOTRUN
2026-08-10T14:30:17Z,hw293,208,NOTRUN
2026-08-10T14:30:17Z,hw293,209,NOTRUN
2026-08-10T14:30:17Z,hw293,21,NOTRUN
2026-08-10T14:30:17Z,hw293,210,NOTRUN
2026-08-10T14:30:17Z,hw293,211,NOTRUN
2026-08-10T14:30:17Z,hw293,212,FAIL
2026-08-10T14:30:17Z,hw293,213,FAIL
2026-08-10T14:30:17Z,hw293,214,NOTRUN
2026-08-10T14:30:17Z,hw293,215,NOTRUN
2026-08-10T14:30:17Z,hw293,216,FAIL
2026-08-10T14:30:17Z,hw293,217,FAIL
2026-08-10T14:30:17Z,hw293,218,FAIL
2026-08-10T14:30:17Z,hw293,219,FAIL
2026-08-10T14:30:17Z,hw293,22,NOTRUN
2026-08-10T14:30:17Z,hw293,220,FAIL
2026-08-10T14:30:17Z,hw293,221,FAIL
2026-08-10T14:30:17Z,hw293,222,FAIL
2026-08-10T14:30:17Z,hw293,223,FAIL
2026-08-10T14:30:17Z,hw293,224,NOTRUN
2026-08-10T14:30:17Z,hw293,225,FAIL
2026-08-10T14:30:17Z,hw293,226,NOTRUN
2026-08-10T14:30:17Z,hw293,227,NOTRUN
2026-08-10T14:30:17Z,hw293,228,FAIL
2026-08-10T14:30:17Z,hw293,229,NOTRUN
2026-08-10T14:30:17Z,hw293,23,NOTRUN
2026-08-10T14:30:17Z,hw293,230,NOTRUN
2026-08-10T14:30:17Z,hw293,231,NOTRUN
2026-08-10T14:30:17Z,hw293,232,NOTRUN
2026-08-10T14:30:17Z,hw293,233,FAIL
2026-08-10T14:30:17Z,hw293,234,FAIL
2026-08-10T14:30:17Z,hw293,235,NOTRUN
2026-08-10T14:30:17Z,hw293,236,NOTRUN
2026-08-10T14:30:17Z,hw293,237,NOTRUN
2026-08-10T14:30:17Z,hw293,238,FAIL
2026-08-10T14:30:17Z,hw293,239,NOTRUN
2026-08-10T14:30:17Z,hw293,24,NOTRUN
2026-08-10T14:30:17Z,hw293,240,NOTRUN
2026-08-10T14:30:17Z,hw293,241,FAIL
2026-08-10T14:30:17Z,hw293,242,PASS
2026-08-10T14:30:17Z,hw293,243,NOTRUN
2026-08-10T14:30:17Z,hw293,25,FAIL
2026-08-10T14:30:17Z,hw293,26,NOTRUN
2026-08-10T14:30:17Z,hw293,27,NOTRUN
2026-08-10T14:30:17Z,hw293,28,NOTRUN
2026-08-10T14:30:17Z,hw293,29,FAIL
2026-08-10T14:30:17Z,hw293,3,FAIL
2026-08-10T14:30:17Z,hw293,30,NOTRUN
2026-08-10T14:30:17Z,hw293,31,NOTRUN
2026-08-10T14:30:17Z,hw293,32,NOTRUN
2026-08-10T14:30:17Z,hw293,33,FAIL
2026-08-10T14:30:17Z,hw293,34,NOTRUN
2026-08-10T14:30:17Z,hw293,35,FAIL
2026-08-10T14:30:17Z,hw293,36,NOTRUN
2026-08-10T14:30:17Z,hw293,37,FAIL
2026-08-10T14:30:17Z,hw293,38,FAIL
2026-08-10T14:30:17Z,hw293,39,NOTRUN
2026-08-10T14:30:17Z,hw293,4,FAIL
2026-08-10T14:30:17Z,hw293,40,NOTRUN
2026-08-10T14:30:17Z,hw293,41,FAIL
2026-08-10T14:30:17Z,hw293,42,NOTRUN
2026-08-10T14:30:17Z,hw293,43,NOTRUN
2026-08-10T14:30:17Z,hw293,44,NOTRUN
2026-08-10T14:30:17Z,hw293,45,NOTRUN
2026-08-10T14:30:17Z,hw293,46,NOTRUN
2026-08-10T14:30:17Z,hw293,47,NOTRUN
2026-08-10T14:30:17Z,hw293,48,FAIL
2026-08-10T14:30:17Z,hw293,49,NOTRUN
2026-08-10T14:30:17Z,hw293,5,NOTRUN
2026-08-10T14:30:17Z,hw293,50,NOTRUN
2026-08-10T14:30:17Z,hw293,51,NOTRUN
2026-08-10T14:30:17Z,hw293,52,NOTRUN
2026-08-10T14:30:17Z,hw293,53,NOTRUN
2026-08-10T14:30:17Z,hw293,54,NOTRUN
2026-08-10T14:30:17Z,hw293,55,FAIL
2026-08-10T14:30:17Z,hw293,56,NOTRUN
2026-08-10T14:30:17Z,hw293,57,FAIL
2026-08-10T14:30:17Z,hw293,58,NOTRUN
2026-08-10T14:30:17Z,hw293,59,FAIL
2026-08-10T14:30:17Z,hw293,6,NOTRUN
2026-08-10T14:30:17Z,hw293,60,FAIL
2026-08-10T14:30:17Z,hw293,61,NOTRUN
2026-08-10T14:30:17Z,hw293,62,FAIL
2026-08-10T14:30:17Z,hw293,63,FAIL
2026-08-10T14:30:17Z,hw293,64,NOTRUN
2026-08-10T14:30:17Z,hw293,65,NOTRUN
2026-08-10T14:30:17Z,hw293,66,NOTRUN
2026-08-10T14:30:17Z,hw293,67,FAIL
2026-08-10T14:30:17Z,hw293,68,NOTRUN
2026-08-10T14:30:17Z,hw293,69,FAIL
2026-08-10T14:30:17Z,hw293,7,FAIL
2026-08-10T14:30:17Z,hw293,70,NOTRUN
2026-08-10T14:30:17Z,hw293,71,FAIL
2026-08-10T14:30:17Z,hw293,72,NOTRUN
2026-08-10T14:30:17Z,hw293,73,NOTRUN
2026-08-10T14:30:17Z,hw293,74,NOTRUN
2026-08-10T14:30:17Z,hw293,75,PASS
2026-08-10T14:30:17Z,hw293,76,NOTRUN
2026-08-10T14:30:17Z,hw293,77,NOTRUN
2026-08-10T14:30:17Z,hw293,78,NOTRUN
2026-08-10T14:30:17Z,hw293,79,NOTRUN
2026-08-10T14:30:17Z,hw293,8,NOTRUN
2026-08-10T14:30:17Z,hw293,80,NOTRUN
2026-08-10T14:30:17Z,hw293,81,NOTRUN
2026-08-10T14:30:17Z,hw293,82,NOTRUN
2026-08-10T14:30:17Z,hw293,83,NOTRUN
2026-08-10T14:30:17Z,hw293,84,PASS
2026-08-10T14:30:17Z,hw293,85,PASS
2026-08-10T14:30:17Z,hw293,86,PASS
2026-08-10T14:30:17Z,hw293,87,FAIL
2026-08-10T14:30:17Z,hw293,88,PASS
2026-08-10T14:30:17Z,hw293,89,NOTRUN
2026-08-10T14:30:17Z,hw293,9,NOTRUN
2026-08-10T14:30:17Z,hw293,90,FAIL
2026-08-10T14:30:17Z,hw293,91,PASS
2026-08-10T14:30:17Z,hw293,92,PASS
2026-08-10T14:30:17Z,hw293,93,NOTRUN
2026-08-10T14:30:17Z,hw293,94,PASS
2026-08-10T14:30:17Z,hw293,95,FAIL
2026-08-10T14:30:17Z,hw293,96,FAIL
2026-08-10T14:30:17Z,hw293,97,NOTRUN
2026-08-10T14:30:17Z,hw293,98,FAIL
2026-08-10T14:30:17Z,hw293,99,NOTRUN
2026-08-10T14:30:17Z,hw293,G1,NOTRUN
2026-08-10T14:30:17Z,hw293,G10,NOTRUN
2026-08-10T14:30:17Z,hw293,G11,FAIL
2026-08-10T14:30:17Z,hw293,G12,NOTRUN
2026-08-10T14:30:17Z,hw293,G2,FAIL
2026-08-10T14:30:17Z,hw293,G3,NOTRUN
2026-08-10T14:30:17Z,hw293,G4,NOTRUN
2026-08-10T14:30:17Z,hw293,G5,NOTRUN
2026-08-10T14:30:17Z,hw293,G6,NOTRUN
2026-08-10T14:30:17Z,hw293,G7,FAIL
2026-08-10T14:30:17Z,hw293,G8,FAIL
2026-08-10T14:30:17Z,hw293,G9,FAIL
2026-08-10T14:30:17Z,hw293,M1,NOTRUN
2026-08-10T14:30:17Z,hw293,M2,NOTRUN
2026-08-10T14:30:17Z,hw293,M3,NOTRUN
2026-08-10T14:30:17Z,hw293,M4,NOTRUN
2026-08-10T14:30:17Z,hw293,R1,NOTRUN
2026-08-10T14:30:17Z,hw293,R10,NOTRUN
2026-08-10T14:30:17Z,hw293,R11,NOTRUN
2026-08-10T14:30:17Z,hw293,R12,NOTRUN
2026-08-10T14:30:17Z,hw293,R13,NOTRUN
2026-08-10T14:30:17Z,hw293,R14,NOTRUN
2026-08-10T14:30:17Z,hw293,R15,NOTRUN
2026-08-10T14:30:17Z,hw293,R16,FAIL
2026-08-10T14:30:17Z,hw293,R17,FAIL
2026-08-10T14:30:17Z,hw293,R18,NOTRUN
2026-08-10T14:30:17Z,hw293,R19,NOTRUN
2026-08-10T14:30:17Z,hw293,R2,NOTRUN
2026-08-10T14:30:17Z,hw293,R20,NOTRUN
2026-08-10T14:30:17Z,hw293,R21,NOTRUN
2026-08-10T14:30:17Z,hw293,R22,PASS
2026-08-10T14:30:17Z,hw293,R3,NOTRUN
2026-08-10T14:30:17Z,hw293,R4,NOTRUN
2026-08-10T14:30:17Z,hw293,R5,NOTRUN
2026-08-10T14:30:17Z,hw293,R6,NOTRUN
2026-08-10T14:30:17Z,hw293,R7,NOTRUN
2026-08-10T14:30:17Z,hw293,R8,NOTRUN
2026-08-10T14:30:17Z,hw293,R9,NOTRUN
2026-08-10T14:30:17Z,hw293,W1,FAIL
2026-08-10T14:30:17Z,hw293,W2,FAIL
2026-08-10T14:30:17Z,hw293,W3,NOTRUN
2026-08-10T14:30:17Z,hw293,W4,NOTRUN
2026-08-10T14:30:17Z,hw293,W5,FAIL
2026-08-10T14:49:11Z,hw293,1,NOTRUN
2026-08-10T14:49:11Z,hw293,10,NOTRUN
2026-08-10T14:49:11Z,hw293,100,FAIL
2026-08-10T14:49:11Z,hw293,101,NOTRUN
2026-08-10T14:49:11Z,hw293,102,PASS
2026-08-10T14:49:11Z,hw293,103,PASS
2026-08-10T14:49:11Z,hw293,104,NOTRUN
2026-08-10T14:49:11Z,hw293,105,NOTRUN
2026-08-10T14:49:11Z,hw293,106,PASS
2026-08-10T14:49:11Z,hw293,107,NOTRUN
2026-08-10T14:49:11Z,hw293,108,NOTRUN
2026-08-10T14:49:11Z,hw293,109,NOTRUN
2026-08-10T14:49:11Z,hw293,11,NOTRUN
2026-08-10T14:49:11Z,hw293,110,NOTRUN
2026-08-10T14:49:11Z,hw293,111,NOTRUN
2026-08-10T14:49:11Z,hw293,112,NOTRUN
2026-08-10T14:49:11Z,hw293,113,NOTRUN
2026-08-10T14:49:11Z,hw293,114,NOTRUN
2026-08-10T14:49:11Z,hw293,115,FAIL
2026-08-10T14:49:11Z,hw293,116,NOTRUN
2026-08-10T14:49:11Z,hw293,117,NOTRUN
2026-08-10T14:49:11Z,hw293,118,NOTRUN
2026-08-10T14:49:11Z,hw293,119,NOTRUN
2026-08-10T14:49:11Z,hw293,12,NOTRUN
2026-08-10T14:49:11Z,hw293,120,NOTRUN
2026-08-10T14:49:11Z,hw293,121,FAIL
2026-08-10T14:49:11Z,hw293,122,NOTRUN
2026-08-10T14:49:11Z,hw293,123,FAIL
2026-08-10T14:49:11Z,hw293,124,NOTRUN
2026-08-10T14:49:11Z,hw293,125,NOTRUN
2026-08-10T14:49:11Z,hw293,126,NOTRUN
2026-08-10T14:49:11Z,hw293,127,NOTRUN
2026-08-10T14:49:11Z,hw293,128,NOTRUN
2026-08-10T14:49:11Z,hw293,129,NOTRUN
2026-08-10T14:49:11Z,hw293,13,NOTRUN
2026-08-10T14:49:11Z,hw293,130,NOTRUN
2026-08-10T14:49:11Z,hw293,131,NOTRUN
2026-08-10T14:49:11Z,hw293,132,NOTRUN
2026-08-10T14:49:11Z,hw293,133,NOTRUN
2026-08-10T14:49:11Z,hw293,134,NOTRUN
2026-08-10T14:49:11Z,hw293,135,NOTRUN
2026-08-10T14:49:11Z,hw293,136,NOTRUN
2026-08-10T14:49:11Z,hw293,137,NOTRUN
2026-08-10T14:49:11Z,hw293,138,NOTRUN
2026-08-10T14:49:11Z,hw293,139,NOTRUN
2026-08-10T14:49:11Z,hw293,14,NOTRUN
2026-08-10T14:49:11Z,hw293,140,NOTRUN
2026-08-10T14:49:11Z,hw293,141,NOTRUN
2026-08-10T14:49:11Z,hw293,142,NOTRUN
2026-08-10T14:49:11Z,hw293,143,NOTRUN
2026-08-10T14:49:11Z,hw293,144,NOTRUN
2026-08-10T14:49:11Z,hw293,145,NOTRUN
2026-08-10T14:49:11Z,hw293,146,NOTRUN
2026-08-10T14:49:11Z,hw293,147,NOTRUN
2026-08-10T14:49:11Z,hw293,148,NOTRUN
2026-08-10T14:49:11Z,hw293,149,NOTRUN
2026-08-10T14:49:11Z,hw293,15,FAIL
2026-08-10T14:49:11Z,hw293,150,NOTRUN
2026-08-10T14:49:11Z,hw293,151,NOTRUN
2026-08-10T14:49:11Z,hw293,152,NOTRUN
2026-08-10T14:49:11Z,hw293,153,NOTRUN
2026-08-10T14:49:11Z,hw293,154,NOTRUN
2026-08-10T14:49:11Z,hw293,155,NOTRUN
2026-08-10T14:49:11Z,hw293,156,NOTRUN
2026-08-10T14:49:11Z,hw293,157,NOTRUN
2026-08-10T14:49:11Z,hw293,158,NOTRUN
2026-08-10T14:49:11Z,hw293,159,NOTRUN
2026-08-10T14:49:11Z,hw293,16,NOTRUN
2026-08-10T14:49:11Z,hw293,160,NOTRUN
2026-08-10T14:49:11Z,hw293,161,NOTRUN
2026-08-10T14:49:11Z,hw293,162,NOTRUN
2026-08-10T14:49:11Z,hw293,163,NOTRUN
2026-08-10T14:49:11Z,hw293,164,FAIL
2026-08-10T14:49:11Z,hw293,165,NOTRUN
2026-08-10T14:49:11Z,hw293,166,FAIL
2026-08-10T14:49:11Z,hw293,167,NOTRUN
2026-08-10T14:49:11Z,hw293,168,NOTRUN
2026-08-10T14:49:11Z,hw293,169,NOTRUN
2026-08-10T14:49:11Z,hw293,17,NOTRUN
2026-08-10T14:49:11Z,hw293,170,NOTRUN
2026-08-10T14:49:11Z,hw293,171,NOTRUN
2026-08-10T14:49:11Z,hw293,172,NOTRUN
2026-08-10T14:49:11Z,hw293,173,NOTRUN
2026-08-10T14:49:11Z,hw293,174,NOTRUN
2026-08-10T14:49:11Z,hw293,175,NOTRUN
2026-08-10T14:49:11Z,hw293,176,FAIL
2026-08-10T14:49:11Z,hw293,177,FAIL
2026-08-10T14:49:11Z,hw293,178,FAIL
2026-08-10T14:49:11Z,hw293,179,NOTRUN
2026-08-10T14:49:11Z,hw293,18,NOTRUN
2026-08-10T14:49:11Z,hw293,180,NOTRUN
2026-08-10T14:49:11Z,hw293,181,NOTRUN
2026-08-10T14:49:11Z,hw293,182,NOTRUN
2026-08-10T14:49:11Z,hw293,183,FAIL
2026-08-10T14:49:11Z,hw293,184,NOTRUN
2026-08-10T14:49:11Z,hw293,185,NOTRUN
2026-08-10T14:49:11Z,hw293,186,NOTRUN
2026-08-10T14:49:11Z,hw293,187,NOTRUN
2026-08-10T14:49:11Z,hw293,188,FAIL
2026-08-10T14:49:11Z,hw293,189,NOTRUN
2026-08-10T14:49:11Z,hw293,19,FAIL
2026-08-10T14:49:11Z,hw293,190,NOTRUN
2026-08-10T14:49:11Z,hw293,191,NOTRUN
2026-08-10T14:49:11Z,hw293,192,FAIL
2026-08-10T14:49:11Z,hw293,193,NOTRUN
2026-08-10T14:49:11Z,hw293,194,NOTRUN
2026-08-10T14:49:11Z,hw293,195,FAIL
2026-08-10T14:49:11Z,hw293,196,NOTRUN
2026-08-10T14:49:11Z,hw293,197,NOTRUN
2026-08-10T14:49:11Z,hw293,198,NOTRUN
2026-08-10T14:49:11Z,hw293,199,NOTRUN
2026-08-10T14:49:11Z,hw293,2,NOTRUN
2026-08-10T14:49:11Z,hw293,20,NOTRUN
2026-08-10T14:49:11Z,hw293,200,NOTRUN
2026-08-10T14:49:11Z,hw293,201,NOTRUN
2026-08-10T14:49:11Z,hw293,202,NOTRUN
2026-08-10T14:49:11Z,hw293,203,NOTRUN
2026-08-10T14:49:11Z,hw293,204,NOTRUN
2026-08-10T14:49:11Z,hw293,205,NOTRUN
2026-08-10T14:49:11Z,hw293,206,NOTRUN
2026-08-10T14:49:11Z,hw293,207,NOTRUN
2026-08-10T14:49:11Z,hw293,208,NOTRUN
2026-08-10T14:49:11Z,hw293,209,NOTRUN
2026-08-10T14:49:11Z,hw293,21,NOTRUN
2026-08-10T14:49:11Z,hw293,210,NOTRUN
2026-08-10T14:49:11Z,hw293,211,NOTRUN
2026-08-10T14:49:11Z,hw293,212,FAIL
2026-08-10T14:49:11Z,hw293,213,FAIL
2026-08-10T14:49:11Z,hw293,214,NOTRUN
2026-08-10T14:49:11Z,hw293,215,NOTRUN
2026-08-10T14:49:11Z,hw293,216,FAIL
2026-08-10T14:49:11Z,hw293,217,FAIL
2026-08-10T14:49:11Z,hw293,218,FAIL
2026-08-10T14:49:11Z,hw293,219,FAIL
2026-08-10T14:49:11Z,hw293,22,NOTRUN
2026-08-10T14:49:11Z,hw293,220,FAIL
2026-08-10T14:49:11Z,hw293,221,FAIL
2026-08-10T14:49:11Z,hw293,222,FAIL
2026-08-10T14:49:11Z,hw293,223,FAIL
2026-08-10T14:49:11Z,hw293,224,NOTRUN
2026-08-10T14:49:11Z,hw293,225,FAIL
2026-08-10T14:49:11Z,hw293,226,NOTRUN
2026-08-10T14:49:11Z,hw293,227,NOTRUN
2026-08-10T14:49:11Z,hw293,228,FAIL
2026-08-10T14:49:11Z,hw293,229,NOTRUN
2026-08-10T14:49:11Z,hw293,23,NOTRUN
2026-08-10T14:49:11Z,hw293,230,NOTRUN
2026-08-10T14:49:11Z,hw293,231,NOTRUN
2026-08-10T14:49:11Z,hw293,232,NOTRUN
2026-08-10T14:49:11Z,hw293,233,FAIL
2026-08-10T14:49:11Z,hw293,234,FAIL
2026-08-10T14:49:11Z,hw293,235,NOTRUN
2026-08-10T14:49:11Z,hw293,236,NOTRUN
2026-08-10T14:49:11Z,hw293,237,NOTRUN
2026-08-10T14:49:11Z,hw293,238,FAIL
2026-08-10T14:49:11Z,hw293,239,NOTRUN
2026-08-10T14:49:11Z,hw293,24,NOTRUN
2026-08-10T14:49:11Z,hw293,240,NOTRUN
2026-08-10T14:49:11Z,hw293,241,FAIL
2026-08-10T14:49:11Z,hw293,242,PASS
2026-08-10T14:49:11Z,hw293,243,NOTRUN
2026-08-10T14:49:11Z,hw293,25,FAIL
2026-08-10T14:49:11Z,hw293,26,NOTRUN
2026-08-10T14:49:11Z,hw293,27,NOTRUN
2026-08-10T14:49:11Z,hw293,28,NOTRUN
2026-08-10T14:49:11Z,hw293,29,FAIL
2026-08-10T14:49:11Z,hw293,3,FAIL
2026-08-10T14:49:11Z,hw293,30,NOTRUN
2026-08-10T14:49:11Z,hw293,31,NOTRUN
2026-08-10T14:49:11Z,hw293,32,NOTRUN
2026-08-10T14:49:11Z,hw293,33,FAIL
2026-08-10T14:49:11Z,hw293,34,NOTRUN
2026-08-10T14:49:11Z,hw293,35,FAIL
2026-08-10T14:49:11Z,hw293,36,NOTRUN
2026-08-10T14:49:11Z,hw293,37,FAIL
2026-08-10T14:49:11Z,hw293,38,FAIL
2026-08-10T14:49:11Z,hw293,39,NOTRUN
2026-08-10T14:49:11Z,hw293,4,FAIL
2026-08-10T14:49:11Z,hw293,40,NOTRUN
2026-08-10T14:49:11Z,hw293,41,FAIL
2026-08-10T14:49:11Z,hw293,42,NOTRUN
2026-08-10T14:49:11Z,hw293,43,NOTRUN
2026-08-10T14:49:11Z,hw293,44,NOTRUN
2026-08-10T14:49:11Z,hw293,45,NOTRUN
2026-08-10T14:49:11Z,hw293,46,NOTRUN
2026-08-10T14:49:11Z,hw293,47,NOTRUN
2026-08-10T14:49:11Z,hw293,48,FAIL
2026-08-10T14:49:11Z,hw293,49,NOTRUN
2026-08-10T14:49:11Z,hw293,5,NOTRUN
2026-08-10T14:49:11Z,hw293,50,NOTRUN
2026-08-10T14:49:11Z,hw293,51,NOTRUN
2026-08-10T14:49:11Z,hw293,52,NOTRUN
2026-08-10T14:49:11Z,hw293,53,NOTRUN
2026-08-10T14:49:11Z,hw293,54,NOTRUN
2026-08-10T14:49:11Z,hw293,55,FAIL
2026-08-10T14:49:11Z,hw293,56,NOTRUN
2026-08-10T14:49:11Z,hw293,57,FAIL
2026-08-10T14:49:11Z,hw293,58,NOTRUN
2026-08-10T14:49:11Z,hw293,59,FAIL
2026-08-10T14:49:11Z,hw293,6,NOTRUN
2026-08-10T14:49:11Z,hw293,60,FAIL
2026-08-10T14:49:11Z,hw293,61,NOTRUN
2026-08-10T14:49:11Z,hw293,62,FAIL
2026-08-10T14:49:11Z,hw293,63,FAIL
2026-08-10T14:49:11Z,hw293,64,NOTRUN
2026-08-10T14:49:11Z,hw293,65,NOTRUN
2026-08-10T14:49:11Z,hw293,66,NOTRUN
2026-08-10T14:49:11Z,hw293,67,FAIL
2026-08-10T14:49:11Z,hw293,68,NOTRUN
2026-08-10T14:49:11Z,hw293,69,FAIL
2026-08-10T14:49:11Z,hw293,7,FAIL
2026-08-10T14:49:11Z,hw293,70,NOTRUN
2026-08-10T14:49:11Z,hw293,71,FAIL
2026-08-10T14:49:11Z,hw293,72,NOTRUN
2026-08-10T14:49:11Z,hw293,73,NOTRUN
2026-08-10T14:49:11Z,hw293,74,NOTRUN
2026-08-10T14:49:11Z,hw293,75,PASS
2026-08-10T14:49:11Z,hw293,76,NOTRUN
2026-08-10T14:49:11Z,hw293,77,NOTRUN
2026-08-10T14:49:11Z,hw293,78,NOTRUN
2026-08-10T14:49:11Z,hw293,79,NOTRUN
2026-08-10T14:49:11Z,hw293,8,NOTRUN
2026-08-10T14:49:11Z,hw293,80,NOTRUN
2026-08-10T14:49:11Z,hw293,81,NOTRUN
2026-08-10T14:49:11Z,hw293,82,NOTRUN
2026-08-10T14:49:11Z,hw293,83,NOTRUN
2026-08-10T14:49:11Z,hw293,84,PASS
2026-08-10T14:49:11Z,hw293,85,PASS
2026-08-10T14:49:11Z,hw293,86,PASS
2026-08-10T14:49:11Z,hw293,87,FAIL
2026-08-10T14:49:11Z,hw293,88,PASS
2026-08-10T14:49:11Z,hw293,89,NOTRUN
2026-08-10T14:49:11Z,hw293,9,NOTRUN
2026-08-10T14:49:11Z,hw293,90,FAIL
2026-08-10T14:49:11Z,hw293,91,PASS
2026-08-10T14:49:11Z,hw293,92,PASS
2026-08-10T14:49:11Z,hw293,93,NOTRUN
2026-08-10T14:49:11Z,hw293,94,PASS
2026-08-10T14:49:11Z,hw293,95,FAIL
2026-08-10T14:49:11Z,hw293,96,PASS
2026-08-10T14:49:11Z,hw293,97,NOTRUN
2026-08-10T14:49:11Z,hw293,98,PASS
2026-08-10T14:49:11Z,hw293,99,NOTRUN
2026-08-10T14:49:11Z,hw293,G1,NOTRUN
2026-08-10T14:49:11Z,hw293,G10,NOTRUN
2026-08-10T14:49:11Z,hw293,G11,FAIL
2026-08-10T14:49:11Z,hw293,G12,NOTRUN
2026-08-10T14:49:11Z,hw293,G2,FAIL
2026-08-10T14:49:11Z,hw293,G3,NOTRUN
2026-08-10T14:49:11Z,hw293,G4,NOTRUN
2026-08-10T14:49:11Z,hw293,G5,NOTRUN
2026-08-10T14:49:11Z,hw293,G6,NOTRUN
2026-08-10T14:49:11Z,hw293,G7,FAIL
2026-08-10T14:49:11Z,hw293,G8,FAIL
2026-08-10T14:49:11Z,hw293,G9,FAIL
2026-08-10T14:49:11Z,hw293,M1,NOTRUN
2026-08-10T14:49:11Z,hw293,M2,NOTRUN
2026-08-10T14:49:11Z,hw293,M3,NOTRUN
2026-08-10T14:49:11Z,hw293,M4,NOTRUN
2026-08-10T14:49:11Z,hw293,R1,NOTRUN
2026-08-10T14:49:11Z,hw293,R10,NOTRUN
2026-08-10T14:49:11Z,hw293,R11,NOTRUN
2026-08-10T14:49:11Z,hw293,R12,NOTRUN
2026-08-10T14:49:11Z,hw293,R13,NOTRUN
2026-08-10T14:49:11Z,hw293,R14,NOTRUN
2026-08-10T14:49:11Z,hw293,R15,NOTRUN
2026-08-10T14:49:11Z,hw293,R16,FAIL
2026-08-10T14:49:11Z,hw293,R17,FAIL
2026-08-10T14:49:11Z,hw293,R18,NOTRUN
2026-08-10T14:49:11Z,hw293,R19,NOTRUN
2026-08-10T14:49:11Z,hw293,R2,NOTRUN
2026-08-10T14:49:11Z,hw293,R20,NOTRUN
2026-08-10T14:49:11Z,hw293,R21,NOTRUN
2026-08-10T14:49:11Z,hw293,R22,PASS
2026-08-10T14:49:11Z,hw293,R3,NOTRUN
2026-08-10T14:49:11Z,hw293,R4,NOTRUN
2026-08-10T14:49:11Z,hw293,R5,NOTRUN
2026-08-10T14:49:11Z,hw293,R6,NOTRUN
2026-08-10T14:49:11Z,hw293,R7,NOTRUN
2026-08-10T14:49:11Z,hw293,R8,NOTRUN
2026-08-10T14:49:11Z,hw293,R9,NOTRUN
2026-08-10T14:49:11Z,hw293,W1,FAIL
2026-08-10T14:49:11Z,hw293,W2,FAIL
2026-08-10T14:49:11Z,hw293,W3,NOTRUN
2026-08-10T14:49:11Z,hw293,W4,NOTRUN
2026-08-10T14:49:11Z,hw293,W5,FAIL
2026-08-10T15:26:22Z,hw293,1,NOTRUN
2026-08-10T15:26:22Z,hw293,10,NOTRUN
2026-08-10T15:26:22Z,hw293,100,FAIL
2026-08-10T15:26:22Z,hw293,101,NOTRUN
2026-08-10T15:26:22Z,hw293,102,PASS
2026-08-10T15:26:22Z,hw293,103,PASS
2026-08-10T15:26:22Z,hw293,104,NOTRUN
2026-08-10T15:26:22Z,hw293,105,NOTRUN
2026-08-10T15:26:22Z,hw293,106,PASS
2026-08-10T15:26:22Z,hw293,107,NOTRUN
2026-08-10T15:26:22Z,hw293,108,NOTRUN
2026-08-10T15:26:22Z,hw293,109,NOTRUN
2026-08-10T15:26:22Z,hw293,11,NOTRUN
2026-08-10T15:26:22Z,hw293,110,NOTRUN
2026-08-10T15:26:22Z,hw293,111,NOTRUN
2026-08-10T15:26:22Z,hw293,112,NOTRUN
2026-08-10T15:26:22Z,hw293,113,NOTRUN
2026-08-10T15:26:22Z,hw293,114,NOTRUN
2026-08-10T15:26:22Z,hw293,115,FAIL
2026-08-10T15:26:22Z,hw293,116,NOTRUN
2026-08-10T15:26:22Z,hw293,117,NOTRUN
2026-08-10T15:26:22Z,hw293,118,NOTRUN
2026-08-10T15:26:22Z,hw293,119,NOTRUN
2026-08-10T15:26:22Z,hw293,12,NOTRUN
2026-08-10T15:26:22Z,hw293,120,NOTRUN
2026-08-10T15:26:22Z,hw293,121,FAIL
2026-08-10T15:26:22Z,hw293,122,NOTRUN
2026-08-10T15:26:22Z,hw293,123,FAIL
2026-08-10T15:26:22Z,hw293,124,NOTRUN
2026-08-10T15:26:22Z,hw293,125,NOTRUN
2026-08-10T15:26:22Z,hw293,126,NOTRUN
2026-08-10T15:26:22Z,hw293,127,NOTRUN
2026-08-10T15:26:22Z,hw293,128,NOTRUN
2026-08-10T15:26:22Z,hw293,129,NOTRUN
2026-08-10T15:26:22Z,hw293,13,NOTRUN
2026-08-10T15:26:22Z,hw293,130,NOTRUN
2026-08-10T15:26:22Z,hw293,131,NOTRUN
2026-08-10T15:26:22Z,hw293,132,NOTRUN
2026-08-10T15:26:22Z,hw293,133,NOTRUN
2026-08-10T15:26:22Z,hw293,134,NOTRUN
2026-08-10T15:26:22Z,hw293,135,NOTRUN
2026-08-10T15:26:22Z,hw293,136,NOTRUN
2026-08-10T15:26:22Z,hw293,137,NOTRUN
2026-08-10T15:26:22Z,hw293,138,NOTRUN
2026-08-10T15:26:22Z,hw293,139,NOTRUN
2026-08-10T15:26:22Z,hw293,14,NOTRUN
2026-08-10T15:26:22Z,hw293,140,NOTRUN
2026-08-10T15:26:22Z,hw293,141,NOTRUN
2026-08-10T15:26:22Z,hw293,142,NOTRUN
2026-08-10T15:26:22Z,hw293,143,NOTRUN
2026-08-10T15:26:22Z,hw293,144,NOTRUN
2026-08-10T15:26:22Z,hw293,145,NOTRUN
2026-08-10T15:26:22Z,hw293,146,NOTRUN
2026-08-10T15:26:22Z,hw293,147,NOTRUN
2026-08-10T15:26:22Z,hw293,148,NOTRUN
2026-08-10T15:26:22Z,hw293,149,NOTRUN
2026-08-10T15:26:22Z,hw293,15,FAIL
2026-08-10T15:26:22Z,hw293,150,NOTRUN
2026-08-10T15:26:22Z,hw293,151,NOTRUN
2026-08-10T15:26:22Z,hw293,152,NOTRUN
2026-08-10T15:26:22Z,hw293,153,NOTRUN
2026-08-10T15:26:22Z,hw293,154,NOTRUN
2026-08-10T15:26:22Z,hw293,155,NOTRUN
2026-08-10T15:26:22Z,hw293,156,NOTRUN
2026-08-10T15:26:22Z,hw293,157,NOTRUN
2026-08-10T15:26:22Z,hw293,158,NOTRUN
2026-08-10T15:26:22Z,hw293,159,NOTRUN
2026-08-10T15:26:22Z,hw293,16,NOTRUN
2026-08-10T15:26:22Z,hw293,160,NOTRUN
2026-08-10T15:26:22Z,hw293,161,NOTRUN
2026-08-10T15:26:22Z,hw293,162,NOTRUN
2026-08-10T15:26:22Z,hw293,163,NOTRUN
2026-08-10T15:26:22Z,hw293,164,FAIL
2026-08-10T15:26:22Z,hw293,165,NOTRUN
2026-08-10T15:26:22Z,hw293,166,FAIL
2026-08-10T15:26:22Z,hw293,167,NOTRUN
2026-08-10T15:26:22Z,hw293,168,NOTRUN
2026-08-10T15:26:22Z,hw293,169,NOTRUN
2026-08-10T15:26:22Z,hw293,17,NOTRUN
2026-08-10T15:26:22Z,hw293,170,NOTRUN
2026-08-10T15:26:22Z,hw293,171,NOTRUN
2026-08-10T15:26:22Z,hw293,172,NOTRUN
2026-08-10T15:26:22Z,hw293,173,NOTRUN
2026-08-10T15:26:22Z,hw293,174,NOTRUN
2026-08-10T15:26:22Z,hw293,175,NOTRUN
2026-08-10T15:26:22Z,hw293,176,FAIL
2026-08-10T15:26:22Z,hw293,177,FAIL
2026-08-10T15:26:22Z,hw293,178,FAIL
2026-08-10T15:26:22Z,hw293,179,NOTRUN
2026-08-10T15:26:22Z,hw293,18,NOTRUN
2026-08-10T15:26:22Z,hw293,180,NOTRUN
2026-08-10T15:26:22Z,hw293,181,NOTRUN
2026-08-10T15:26:22Z,hw293,182,NOTRUN
2026-08-10T15:26:22Z,hw293,183,FAIL
2026-08-10T15:26:22Z,hw293,184,NOTRUN
2026-08-10T15:26:22Z,hw293,185,NOTRUN
2026-08-10T15:26:22Z,hw293,186,NOTRUN
2026-08-10T15:26:22Z,hw293,187,NOTRUN
2026-08-10T15:26:22Z,hw293,188,FAIL
2026-08-10T15:26:22Z,hw293,189,NOTRUN
2026-08-10T15:26:22Z,hw293,19,FAIL
2026-08-10T15:26:22Z,hw293,190,NOTRUN
2026-08-10T15:26:22Z,hw293,191,NOTRUN
2026-08-10T15:26:22Z,hw293,192,FAIL
2026-08-10T15:26:22Z,hw293,193,NOTRUN
2026-08-10T15:26:22Z,hw293,194,NOTRUN
2026-08-10T15:26:22Z,hw293,195,FAIL
2026-08-10T15:26:22Z,hw293,196,NOTRUN
2026-08-10T15:26:22Z,hw293,197,NOTRUN
2026-08-10T15:26:22Z,hw293,198,NOTRUN
2026-08-10T15:26:22Z,hw293,199,NOTRUN
2026-08-10T15:26:22Z,hw293,2,NOTRUN
2026-08-10T15:26:22Z,hw293,20,NOTRUN
2026-08-10T15:26:22Z,hw293,200,NOTRUN
2026-08-10T15:26:22Z,hw293,201,NOTRUN
2026-08-10T15:26:22Z,hw293,202,NOTRUN
2026-08-10T15:26:22Z,hw293,203,NOTRUN
2026-08-10T15:26:22Z,hw293,204,NOTRUN
2026-08-10T15:26:22Z,hw293,205,NOTRUN
2026-08-10T15:26:22Z,hw293,206,NOTRUN
2026-08-10T15:26:22Z,hw293,207,NOTRUN
2026-08-10T15:26:22Z,hw293,208,NOTRUN
2026-08-10T15:26:22Z,hw293,209,NOTRUN
2026-08-10T15:26:22Z,hw293,21,NOTRUN
2026-08-10T15:26:22Z,hw293,210,NOTRUN
2026-08-10T15:26:22Z,hw293,211,NOTRUN
2026-08-10T15:26:22Z,hw293,212,FAIL
2026-08-10T15:26:22Z,hw293,213,FAIL
2026-08-10T15:26:22Z,hw293,214,NOTRUN
2026-08-10T15:26:22Z,hw293,215,NOTRUN
2026-08-10T15:26:22Z,hw293,216,FAIL
2026-08-10T15:26:22Z,hw293,217,FAIL
2026-08-10T15:26:22Z,hw293,218,FAIL
2026-08-10T15:26:22Z,hw293,219,FAIL
2026-08-10T15:26:22Z,hw293,22,NOTRUN
2026-08-10T15:26:22Z,hw293,220,FAIL
2026-08-10T15:26:22Z,hw293,221,FAIL
2026-08-10T15:26:22Z,hw293,222,FAIL
2026-08-10T15:26:22Z,hw293,223,FAIL
2026-08-10T15:26:22Z,hw293,224,NOTRUN
2026-08-10T15:26:22Z,hw293,225,FAIL
2026-08-10T15:26:22Z,hw293,226,NOTRUN
2026-08-10T15:26:22Z,hw293,227,NOTRUN
2026-08-10T15:26:22Z,hw293,228,FAIL
2026-08-10T15:26:22Z,hw293,229,NOTRUN
2026-08-10T15:26:22Z,hw293,23,NOTRUN
2026-08-10T15:26:22Z,hw293,230,NOTRUN
2026-08-10T15:26:22Z,hw293,231,NOTRUN
2026-08-10T15:26:22Z,hw293,232,NOTRUN
2026-08-10T15:26:22Z,hw293,233,FAIL
2026-08-10T15:26:22Z,hw293,234,FAIL
2026-08-10T15:26:22Z,hw293,235,NOTRUN
2026-08-10T15:26:22Z,hw293,236,NOTRUN
2026-08-10T15:26:22Z,hw293,237,NOTRUN
2026-08-10T15:26:22Z,hw293,238,FAIL
2026-08-10T15:26:22Z,hw293,239,NOTRUN
2026-08-10T15:26:22Z,hw293,24,NOTRUN
2026-08-10T15:26:22Z,hw293,240,NOTRUN
2026-08-10T15:26:22Z,hw293,241,FAIL
2026-08-10T15:26:22Z,hw293,242,PASS
2026-08-10T15:26:22Z,hw293,243,NOTRUN
2026-08-10T15:26:22Z,hw293,25,FAIL
2026-08-10T15:26:22Z,hw293,26,NOTRUN
2026-08-10T15:26:22Z,hw293,27,NOTRUN
2026-08-10T15:26:22Z,hw293,28,NOTRUN
2026-08-10T15:26:22Z,hw293,29,FAIL
2026-08-10T15:26:22Z,hw293,3,FAIL
2026-08-10T15:26:22Z,hw293,30,NOTRUN
2026-08-10T15:26:22Z,hw293,31,NOTRUN
2026-08-10T15:26:22Z,hw293,32,NOTRUN
2026-08-10T15:26:22Z,hw293,33,FAIL
2026-08-10T15:26:22Z,hw293,34,NOTRUN
2026-08-10T15:26:22Z,hw293,35,FAIL
2026-08-10T15:26:22Z,hw293,36,NOTRUN
2026-08-10T15:26:22Z,hw293,37,FAIL
2026-08-10T15:26:22Z,hw293,38,FAIL
2026-08-10T15:26:22Z,hw293,39,NOTRUN
2026-08-10T15:26:22Z,hw293,4,FAIL
2026-08-10T15:26:22Z,hw293,40,NOTRUN
2026-08-10T15:26:22Z,hw293,41,FAIL
2026-08-10T15:26:22Z,hw293,42,NOTRUN
2026-08-10T15:26:22Z,hw293,43,NOTRUN
2026-08-10T15:26:22Z,hw293,44,NOTRUN
2026-08-10T15:26:22Z,hw293,45,NOTRUN
2026-08-10T15:26:22Z,hw293,46,NOTRUN
2026-08-10T15:26:22Z,hw293,47,NOTRUN
2026-08-10T15:26:22Z,hw293,48,FAIL
2026-08-10T15:26:22Z,hw293,49,NOTRUN
2026-08-10T15:26:22Z,hw293,5,NOTRUN
2026-08-10T15:26:22Z,hw293,50,NOTRUN
2026-08-10T15:26:22Z,hw293,51,NOTRUN
2026-08-10T15:26:22Z,hw293,52,NOTRUN
2026-08-10T15:26:22Z,hw293,53,NOTRUN
2026-08-10T15:26:22Z,hw293,54,NOTRUN
2026-08-10T15:26:22Z,hw293,55,FAIL
2026-08-10T15:26:22Z,hw293,56,NOTRUN
2026-08-10T15:26:22Z,hw293,57,FAIL
2026-08-10T15:26:22Z,hw293,58,NOTRUN
2026-08-10T15:26:22Z,hw293,59,FAIL
2026-08-10T15:26:22Z,hw293,6,NOTRUN
2026-08-10T15:26:22Z,hw293,60,FAIL
2026-08-10T15:26:22Z,hw293,61,NOTRUN
2026-08-10T15:26:22Z,hw293,62,FAIL
2026-08-10T15:26:22Z,hw293,63,FAIL
2026-08-10T15:26:22Z,hw293,64,NOTRUN
2026-08-10T15:26:22Z,hw293,65,NOTRUN
2026-08-10T15:26:22Z,hw293,66,NOTRUN
2026-08-10T15:26:22Z,hw293,67,FAIL
2026-08-10T15:26:22Z,hw293,68,NOTRUN
2026-08-10T15:26:22Z,hw293,69,FAIL
2026-08-10T15:26:22Z,hw293,7,FAIL
2026-08-10T15:26:22Z,hw293,70,NOTRUN
2026-08-10T15:26:22Z,hw293,71,FAIL
2026-08-10T15:26:22Z,hw293,72,NOTRUN
2026-08-10T15:26:22Z,hw293,73,NOTRUN
2026-08-10T15:26:22Z,hw293,74,NOTRUN
2026-08-10T15:26:22Z,hw293,75,PASS
2026-08-10T15:26:22Z,hw293,76,NOTRUN
2026-08-10T15:26:22Z,hw293,77,NOTRUN
2026-08-10T15:26:22Z,hw293,78,NOTRUN
2026-08-10T15:26:22Z,hw293,79,NOTRUN
2026-08-10T15:26:22Z,hw293,8,NOTRUN
2026-08-10T15:26:22Z,hw293,80,NOTRUN
2026-08-10T15:26:22Z,hw293,81,NOTRUN
2026-08-10T15:26:22Z,hw293,82,NOTRUN
2026-08-10T15:26:22Z,hw293,83,NOTRUN
2026-08-10T15:26:22Z,hw293,84,PASS
2026-08-10T15:26:22Z,hw293,85,PASS
2026-08-10T15:26:22Z,hw293,86,PASS
2026-08-10T15:26:22Z,hw293,87,FAIL
2026-08-10T15:26:22Z,hw293,88,PASS
2026-08-10T15:26:22Z,hw293,89,NOTRUN
2026-08-10T15:26:22Z,hw293,9,NOTRUN
2026-08-10T15:26:22Z,hw293,90,FAIL
2026-08-10T15:26:22Z,hw293,91,PASS
2026-08-10T15:26:22Z,hw293,92,PASS
2026-08-10T15:26:22Z,hw293,93,NOTRUN
2026-08-10T15:26:22Z,hw293,94,PASS
2026-08-10T15:26:22Z,hw293,95,FAIL
2026-08-10T15:26:22Z,hw293,96,PASS
2026-08-10T15:26:22Z,hw293,97,NOTRUN
2026-08-10T15:26:22Z,hw293,98,PASS
2026-08-10T15:26:22Z,hw293,99,NOTRUN
2026-08-10T15:26:22Z,hw293,G1,FAIL
2026-08-10T15:26:22Z,hw293,G10,FAIL
2026-08-10T15:26:22Z,hw293,G11,FAIL
2026-08-10T15:26:22Z,hw293,G12,NOTRUN
2026-08-10T15:26:22Z,hw293,G2,FAIL
2026-08-10T15:26:22Z,hw293,G3,FAIL
2026-08-10T15:26:22Z,hw293,G4,PASS
2026-08-10T15:26:22Z,hw293,G5,NOTRUN
2026-08-10T15:26:22Z,hw293,G6,FAIL
2026-08-10T15:26:22Z,hw293,G7,FAIL
2026-08-10T15:26:22Z,hw293,G8,FAIL
2026-08-10T15:26:22Z,hw293,G9,FAIL
2026-08-10T15:26:22Z,hw293,M1,PASS
2026-08-10T15:26:22Z,hw293,M2,NOTRUN
2026-08-10T15:26:22Z,hw293,M3,NOTRUN
2026-08-10T15:26:22Z,hw293,M4,NOTRUN
2026-08-10T15:26:22Z,hw293,R1,NOTRUN
2026-08-10T15:26:22Z,hw293,R10,NOTRUN
2026-08-10T15:26:22Z,hw293,R11,NOTRUN
2026-08-10T15:26:22Z,hw293,R12,FAIL
2026-08-10T15:26:22Z,hw293,R13,FAIL
2026-08-10T15:26:22Z,hw293,R14,NOTRUN
2026-08-10T15:26:22Z,hw293,R15,NOTRUN
2026-08-10T15:26:22Z,hw293,R16,FAIL
2026-08-10T15:26:22Z,hw293,R17,FAIL
2026-08-10T15:26:22Z,hw293,R18,PASS
2026-08-10T15:26:22Z,hw293,R19,FAIL
2026-08-10T15:26:22Z,hw293,R2,PASS
2026-08-10T15:26:22Z,hw293,R20,PASS
2026-08-10T15:26:22Z,hw293,R21,NOTRUN
2026-08-10T15:26:22Z,hw293,R22,PASS
2026-08-10T15:26:22Z,hw293,R3,NOTRUN
2026-08-10T15:26:22Z,hw293,R4,NOTRUN
2026-08-10T15:26:22Z,hw293,R5,PASS
2026-08-10T15:26:22Z,hw293,R6,NOTRUN
2026-08-10T15:26:22Z,hw293,R7,PASS
2026-08-10T15:26:22Z,hw293,R8,NOTRUN
2026-08-10T15:26:22Z,hw293,R9,PASS
2026-08-10T15:26:22Z,hw293,W1,FAIL
2026-08-10T15:26:22Z,hw293,W2,FAIL
2026-08-10T15:26:22Z,hw293,W3,NOTRUN
2026-08-10T15:26:22Z,hw293,W4,PASS
2026-08-10T15:26:22Z,hw293,W5,FAIL
2026-08-10T15:36:23Z,hw293,1,NOTRUN
2026-08-10T15:36:23Z,hw293,10,NOTRUN
2026-08-10T15:36:23Z,hw293,100,FAIL
2026-08-10T15:36:23Z,hw293,101,NOTRUN
2026-08-10T15:36:23Z,hw293,102,PASS
2026-08-10T15:36:23Z,hw293,103,PASS
2026-08-10T15:36:23Z,hw293,104,NOTRUN
2026-08-10T15:36:23Z,hw293,105,NOTRUN
2026-08-10T15:36:23Z,hw293,106,PASS
2026-08-10T15:36:23Z,hw293,107,NOTRUN
2026-08-10T15:36:23Z,hw293,108,NOTRUN
2026-08-10T15:36:23Z,hw293,109,NOTRUN
2026-08-10T15:36:23Z,hw293,11,NOTRUN
2026-08-10T15:36:23Z,hw293,110,NOTRUN
2026-08-10T15:36:23Z,hw293,111,NOTRUN
2026-08-10T15:36:23Z,hw293,112,NOTRUN
2026-08-10T15:36:23Z,hw293,113,NOTRUN
2026-08-10T15:36:23Z,hw293,114,NOTRUN
2026-08-10T15:36:23Z,hw293,115,FAIL
2026-08-10T15:36:23Z,hw293,116,NOTRUN
2026-08-10T15:36:23Z,hw293,117,NOTRUN
2026-08-10T15:36:23Z,hw293,118,NOTRUN
2026-08-10T15:36:23Z,hw293,119,NOTRUN
2026-08-10T15:36:23Z,hw293,12,NOTRUN
2026-08-10T15:36:23Z,hw293,120,NOTRUN
2026-08-10T15:36:23Z,hw293,121,FAIL
2026-08-10T15:36:23Z,hw293,122,NOTRUN
2026-08-10T15:36:23Z,hw293,123,FAIL
2026-08-10T15:36:23Z,hw293,124,NOTRUN
2026-08-10T15:36:23Z,hw293,125,NOTRUN
2026-08-10T15:36:23Z,hw293,126,NOTRUN
2026-08-10T15:36:23Z,hw293,127,NOTRUN
2026-08-10T15:36:23Z,hw293,128,NOTRUN
2026-08-10T15:36:23Z,hw293,129,NOTRUN
2026-08-10T15:36:23Z,hw293,13,NOTRUN
2026-08-10T15:36:23Z,hw293,130,NOTRUN
2026-08-10T15:36:23Z,hw293,131,NOTRUN
2026-08-10T15:36:23Z,hw293,132,NOTRUN
2026-08-10T15:36:23Z,hw293,133,NOTRUN
2026-08-10T15:36:23Z,hw293,134,NOTRUN
2026-08-10T15:36:23Z,hw293,135,NOTRUN
2026-08-10T15:36:23Z,hw293,136,NOTRUN
2026-08-10T15:36:23Z,hw293,137,NOTRUN
2026-08-10T15:36:23Z,hw293,138,NOTRUN
2026-08-10T15:36:23Z,hw293,139,NOTRUN
2026-08-10T15:36:23Z,hw293,14,NOTRUN
2026-08-10T15:36:23Z,hw293,140,NOTRUN
2026-08-10T15:36:23Z,hw293,141,NOTRUN
2026-08-10T15:36:23Z,hw293,142,NOTRUN
2026-08-10T15:36:23Z,hw293,143,NOTRUN
2026-08-10T15:36:23Z,hw293,144,NOTRUN
2026-08-10T15:36:23Z,hw293,145,NOTRUN
2026-08-10T15:36:23Z,hw293,146,NOTRUN
2026-08-10T15:36:23Z,hw293,147,NOTRUN
2026-08-10T15:36:23Z,hw293,148,NOTRUN
2026-08-10T15:36:23Z,hw293,149,NOTRUN
2026-08-10T15:36:23Z,hw293,15,FAIL
2026-08-10T15:36:23Z,hw293,150,NOTRUN
2026-08-10T15:36:23Z,hw293,151,NOTRUN
2026-08-10T15:36:23Z,hw293,152,NOTRUN
2026-08-10T15:36:23Z,hw293,153,NOTRUN
2026-08-10T15:36:23Z,hw293,154,NOTRUN
2026-08-10T15:36:23Z,hw293,155,NOTRUN
2026-08-10T15:36:23Z,hw293,156,NOTRUN
2026-08-10T15:36:23Z,hw293,157,NOTRUN
2026-08-10T15:36:23Z,hw293,158,NOTRUN
2026-08-10T15:36:23Z,hw293,159,NOTRUN
2026-08-10T15:36:23Z,hw293,16,NOTRUN
2026-08-10T15:36:23Z,hw293,160,NOTRUN
2026-08-10T15:36:23Z,hw293,161,NOTRUN
2026-08-10T15:36:23Z,hw293,162,NOTRUN
2026-08-10T15:36:23Z,hw293,163,NOTRUN
2026-08-10T15:36:23Z,hw293,164,FAIL
2026-08-10T15:36:23Z,hw293,165,NOTRUN
2026-08-10T15:36:23Z,hw293,166,FAIL
2026-08-10T15:36:23Z,hw293,167,NOTRUN
2026-08-10T15:36:23Z,hw293,168,NOTRUN
2026-08-10T15:36:23Z,hw293,169,NOTRUN
2026-08-10T15:36:23Z,hw293,17,NOTRUN
2026-08-10T15:36:23Z,hw293,170,NOTRUN
2026-08-10T15:36:23Z,hw293,171,NOTRUN
2026-08-10T15:36:23Z,hw293,172,NOTRUN
2026-08-10T15:36:23Z,hw293,173,NOTRUN
2026-08-10T15:36:23Z,hw293,174,NOTRUN
2026-08-10T15:36:23Z,hw293,175,NOTRUN
2026-08-10T15:36:23Z,hw293,176,FAIL
2026-08-10T15:36:23Z,hw293,177,FAIL
2026-08-10T15:36:23Z,hw293,178,FAIL
2026-08-10T15:36:23Z,hw293,179,NOTRUN
2026-08-10T15:36:23Z,hw293,18,NOTRUN
2026-08-10T15:36:23Z,hw293,180,NOTRUN
2026-08-10T15:36:23Z,hw293,181,NOTRUN
2026-08-10T15:36:23Z,hw293,182,NOTRUN
2026-08-10T15:36:23Z,hw293,183,FAIL
2026-08-10T15:36:23Z,hw293,184,NOTRUN
2026-08-10T15:36:23Z,hw293,185,NOTRUN
2026-08-10T15:36:23Z,hw293,186,NOTRUN
2026-08-10T15:36:23Z,hw293,187,NOTRUN
2026-08-10T15:36:23Z,hw293,188,FAIL
2026-08-10T15:36:23Z,hw293,189,NOTRUN
2026-08-10T15:36:23Z,hw293,19,FAIL
2026-08-10T15:36:23Z,hw293,190,NOTRUN
2026-08-10T15:36:23Z,hw293,191,NOTRUN
2026-08-10T15:36:23Z,hw293,192,FAIL
2026-08-10T15:36:23Z,hw293,193,NOTRUN
2026-08-10T15:36:23Z,hw293,194,NOTRUN
2026-08-10T15:36:23Z,hw293,195,FAIL
2026-08-10T15:36:23Z,hw293,196,NOTRUN
2026-08-10T15:36:23Z,hw293,197,NOTRUN
2026-08-10T15:36:23Z,hw293,198,NOTRUN
2026-08-10T15:36:23Z,hw293,199,NOTRUN
2026-08-10T15:36:23Z,hw293,2,NOTRUN
2026-08-10T15:36:23Z,hw293,20,NOTRUN
2026-08-10T15:36:23Z,hw293,200,NOTRUN
2026-08-10T15:36:23Z,hw293,201,NOTRUN
2026-08-10T15:36:23Z,hw293,202,NOTRUN
2026-08-10T15:36:23Z,hw293,203,NOTRUN
2026-08-10T15:36:23Z,hw293,204,NOTRUN
2026-08-10T15:36:23Z,hw293,205,NOTRUN
2026-08-10T15:36:23Z,hw293,206,NOTRUN
2026-08-10T15:36:23Z,hw293,207,NOTRUN
2026-08-10T15:36:23Z,hw293,208,NOTRUN
2026-08-10T15:36:23Z,hw293,209,NOTRUN
2026-08-10T15:36:23Z,hw293,21,NOTRUN
2026-08-10T15:36:23Z,hw293,210,NOTRUN
2026-08-10T15:36:23Z,hw293,211,NOTRUN
2026-08-10T15:36:23Z,hw293,212,FAIL
2026-08-10T15:36:23Z,hw293,213,FAIL
2026-08-10T15:36:23Z,hw293,214,NOTRUN
2026-08-10T15:36:23Z,hw293,215,NOTRUN
2026-08-10T15:36:23Z,hw293,216,FAIL
2026-08-10T15:36:23Z,hw293,217,FAIL
2026-08-10T15:36:23Z,hw293,218,FAIL
2026-08-10T15:36:23Z,hw293,219,FAIL
2026-08-10T15:36:23Z,hw293,22,NOTRUN
2026-08-10T15:36:23Z,hw293,220,FAIL
2026-08-10T15:36:23Z,hw293,221,FAIL
2026-08-10T15:36:23Z,hw293,222,FAIL
2026-08-10T15:36:23Z,hw293,223,FAIL
2026-08-10T15:36:23Z,hw293,224,NOTRUN
2026-08-10T15:36:23Z,hw293,225,FAIL
2026-08-10T15:36:23Z,hw293,226,NOTRUN
2026-08-10T15:36:23Z,hw293,227,NOTRUN
2026-08-10T15:36:23Z,hw293,228,FAIL
2026-08-10T15:36:23Z,hw293,229,NOTRUN
2026-08-10T15:36:23Z,hw293,23,NOTRUN
2026-08-10T15:36:23Z,hw293,230,NOTRUN
2026-08-10T15:36:23Z,hw293,231,NOTRUN
2026-08-10T15:36:23Z,hw293,232,NOTRUN
2026-08-10T15:36:23Z,hw293,233,FAIL
2026-08-10T15:36:23Z,hw293,234,FAIL
2026-08-10T15:36:23Z,hw293,235,NOTRUN
2026-08-10T15:36:23Z,hw293,236,NOTRUN
2026-08-10T15:36:23Z,hw293,237,NOTRUN
2026-08-10T15:36:23Z,hw293,238,FAIL
2026-08-10T15:36:23Z,hw293,239,NOTRUN
2026-08-10T15:36:23Z,hw293,24,NOTRUN
2026-08-10T15:36:23Z,hw293,240,NOTRUN
2026-08-10T15:36:23Z,hw293,241,FAIL
2026-08-10T15:36:23Z,hw293,242,PASS
2026-08-10T15:36:23Z,hw293,243,NOTRUN
2026-08-10T15:36:23Z,hw293,25,FAIL
2026-08-10T15:36:23Z,hw293,26,NOTRUN
2026-08-10T15:36:23Z,hw293,27,NOTRUN
2026-08-10T15:36:23Z,hw293,28,NOTRUN
2026-08-10T15:36:23Z,hw293,29,FAIL
2026-08-10T15:36:23Z,hw293,3,FAIL
2026-08-10T15:36:23Z,hw293,30,NOTRUN
2026-08-10T15:36:23Z,hw293,31,NOTRUN
2026-08-10T15:36:23Z,hw293,32,NOTRUN
2026-08-10T15:36:23Z,hw293,33,FAIL
2026-08-10T15:36:23Z,hw293,34,NOTRUN
2026-08-10T15:36:23Z,hw293,35,FAIL
2026-08-10T15:36:23Z,hw293,36,NOTRUN
2026-08-10T15:36:23Z,hw293,37,FAIL
2026-08-10T15:36:23Z,hw293,38,FAIL
2026-08-10T15:36:23Z,hw293,39,NOTRUN
2026-08-10T15:36:23Z,hw293,4,FAIL
2026-08-10T15:36:23Z,hw293,40,NOTRUN
2026-08-10T15:36:23Z,hw293,41,FAIL
2026-08-10T15:36:23Z,hw293,42,NOTRUN
2026-08-10T15:36:23Z,hw293,43,NOTRUN
2026-08-10T15:36:23Z,hw293,44,NOTRUN
2026-08-10T15:36:23Z,hw293,45,NOTRUN
2026-08-10T15:36:23Z,hw293,46,NOTRUN
2026-08-10T15:36:23Z,hw293,47,NOTRUN
2026-08-10T15:36:23Z,hw293,48,FAIL
2026-08-10T15:36:23Z,hw293,49,NOTRUN
2026-08-10T15:36:23Z,hw293,5,NOTRUN
2026-08-10T15:36:23Z,hw293,50,NOTRUN
2026-08-10T15:36:23Z,hw293,51,NOTRUN
2026-08-10T15:36:23Z,hw293,52,NOTRUN
2026-08-10T15:36:23Z,hw293,53,NOTRUN
2026-08-10T15:36:23Z,hw293,54,NOTRUN
2026-08-10T15:36:23Z,hw293,55,FAIL
2026-08-10T15:36:23Z,hw293,56,FAIL
2026-08-10T15:36:23Z,hw293,57,FAIL
2026-08-10T15:36:23Z,hw293,58,PASS
2026-08-10T15:36:23Z,hw293,59,FAIL
2026-08-10T15:36:23Z,hw293,6,NOTRUN
2026-08-10T15:36:23Z,hw293,60,FAIL
2026-08-10T15:36:23Z,hw293,61,PASS
2026-08-10T15:36:23Z,hw293,62,FAIL
2026-08-10T15:36:23Z,hw293,63,FAIL
2026-08-10T15:36:23Z,hw293,64,FAIL
2026-08-10T15:36:23Z,hw293,65,FAIL
2026-08-10T15:36:23Z,hw293,66,FAIL
2026-08-10T15:36:23Z,hw293,67,FAIL
2026-08-10T15:36:23Z,hw293,68,PASS
2026-08-10T15:36:23Z,hw293,69,FAIL
2026-08-10T15:36:23Z,hw293,7,FAIL
2026-08-10T15:36:23Z,hw293,70,FAIL
2026-08-10T15:36:23Z,hw293,71,FAIL
2026-08-10T15:36:23Z,hw293,72,PASS
2026-08-10T15:36:23Z,hw293,73,PASS
2026-08-10T15:36:23Z,hw293,74,PASS
2026-08-10T15:36:23Z,hw293,75,PASS
2026-08-10T15:36:23Z,hw293,76,PASS
2026-08-10T15:36:23Z,hw293,77,PASS
2026-08-10T15:36:23Z,hw293,78,PASS
2026-08-10T15:36:23Z,hw293,79,PASS
2026-08-10T15:36:23Z,hw293,8,NOTRUN
2026-08-10T15:36:23Z,hw293,80,PASS
2026-08-10T15:36:23Z,hw293,81,PASS
2026-08-10T15:36:23Z,hw293,82,PASS
2026-08-10T15:36:23Z,hw293,83,PASS
2026-08-10T15:36:23Z,hw293,84,PASS
2026-08-10T15:36:23Z,hw293,85,PASS
2026-08-10T15:36:23Z,hw293,86,PASS
2026-08-10T15:36:23Z,hw293,87,FAIL
2026-08-10T15:36:23Z,hw293,88,PASS
2026-08-10T15:36:23Z,hw293,89,PASS
2026-08-10T15:36:23Z,hw293,9,NOTRUN
2026-08-10T15:36:23Z,hw293,90,FAIL
2026-08-10T15:36:23Z,hw293,91,PASS
2026-08-10T15:36:23Z,hw293,92,PASS
2026-08-10T15:36:23Z,hw293,93,PASS
2026-08-10T15:36:23Z,hw293,94,PASS
2026-08-10T15:36:23Z,hw293,95,FAIL
2026-08-10T15:36:23Z,hw293,96,PASS
2026-08-10T15:36:23Z,hw293,97,NOTRUN
2026-08-10T15:36:23Z,hw293,98,PASS
2026-08-10T15:36:23Z,hw293,99,NOTRUN
2026-08-10T15:36:23Z,hw293,G1,FAIL
2026-08-10T15:36:23Z,hw293,G10,FAIL
2026-08-10T15:36:23Z,hw293,G11,FAIL
2026-08-10T15:36:23Z,hw293,G12,NOTRUN
2026-08-10T15:36:23Z,hw293,G2,FAIL
2026-08-10T15:36:23Z,hw293,G3,FAIL
2026-08-10T15:36:23Z,hw293,G4,PASS
2026-08-10T15:36:23Z,hw293,G5,NOTRUN
2026-08-10T15:36:23Z,hw293,G6,FAIL
2026-08-10T15:36:23Z,hw293,G7,FAIL
2026-08-10T15:36:23Z,hw293,G8,FAIL
2026-08-10T15:36:23Z,hw293,G9,FAIL
2026-08-10T15:36:23Z,hw293,M1,PASS
2026-08-10T15:36:23Z,hw293,M2,NOTRUN
2026-08-10T15:36:23Z,hw293,M3,NOTRUN
2026-08-10T15:36:23Z,hw293,M4,NOTRUN
2026-08-10T15:36:23Z,hw293,R1,NOTRUN
2026-08-10T15:36:23Z,hw293,R10,NOTRUN
2026-08-10T15:36:23Z,hw293,R11,NOTRUN
2026-08-10T15:36:23Z,hw293,R12,FAIL
2026-08-10T15:36:23Z,hw293,R13,FAIL
2026-08-10T15:36:23Z,hw293,R14,NOTRUN
2026-08-10T15:36:23Z,hw293,R15,NOTRUN
2026-08-10T15:36:23Z,hw293,R16,FAIL
2026-08-10T15:36:23Z,hw293,R17,FAIL
2026-08-10T15:36:23Z,hw293,R18,PASS
2026-08-10T15:36:23Z,hw293,R19,FAIL
2026-08-10T15:36:23Z,hw293,R2,PASS
2026-08-10T15:36:23Z,hw293,R20,PASS
2026-08-10T15:36:23Z,hw293,R21,NOTRUN
2026-08-10T15:36:23Z,hw293,R22,PASS
2026-08-10T15:36:23Z,hw293,R3,NOTRUN
2026-08-10T15:36:23Z,hw293,R4,NOTRUN
2026-08-10T15:36:23Z,hw293,R5,PASS
2026-08-10T15:36:23Z,hw293,R6,NOTRUN
2026-08-10T15:36:23Z,hw293,R7,PASS
2026-08-10T15:36:23Z,hw293,R8,NOTRUN
2026-08-10T15:36:23Z,hw293,R9,PASS
2026-08-10T15:36:23Z,hw293,W1,FAIL
2026-08-10T15:36:23Z,hw293,W2,FAIL
2026-08-10T15:36:23Z,hw293,W3,NOTRUN
2026-08-10T15:36:23Z,hw293,W4,PASS
2026-08-10T15:36:23Z,hw293,W5,FAIL
2026-08-10T15:58:45Z,hw293,1,PASS
2026-08-10T15:58:45Z,hw293,10,PASS
2026-08-10T15:58:45Z,hw293,100,FAIL
2026-08-10T15:58:45Z,hw293,101,NOTRUN
2026-08-10T15:58:45Z,hw293,102,PASS
2026-08-10T15:58:45Z,hw293,103,PASS
2026-08-10T15:58:45Z,hw293,104,NOTRUN
2026-08-10T15:58:45Z,hw293,105,NOTRUN
2026-08-10T15:58:45Z,hw293,106,PASS
2026-08-10T15:58:45Z,hw293,107,NOTRUN
2026-08-10T15:58:45Z,hw293,108,NOTRUN
2026-08-10T15:58:45Z,hw293,109,NOTRUN
2026-08-10T15:58:45Z,hw293,11,PASS
2026-08-10T15:58:45Z,hw293,110,NOTRUN
2026-08-10T15:58:45Z,hw293,111,NOTRUN
2026-08-10T15:58:45Z,hw293,112,NOTRUN
2026-08-10T15:58:45Z,hw293,113,NOTRUN
2026-08-10T15:58:45Z,hw293,114,NOTRUN
2026-08-10T15:58:45Z,hw293,115,FAIL
2026-08-10T15:58:45Z,hw293,116,NOTRUN
2026-08-10T15:58:45Z,hw293,117,NOTRUN
2026-08-10T15:58:45Z,hw293,118,NOTRUN
2026-08-10T15:58:45Z,hw293,119,NOTRUN
2026-08-10T15:58:45Z,hw293,12,PASS
2026-08-10T15:58:45Z,hw293,120,NOTRUN
2026-08-10T15:58:45Z,hw293,121,FAIL
2026-08-10T15:58:45Z,hw293,122,NOTRUN
2026-08-10T15:58:45Z,hw293,123,FAIL
2026-08-10T15:58:45Z,hw293,124,NOTRUN
2026-08-10T15:58:45Z,hw293,125,NOTRUN
2026-08-10T15:58:45Z,hw293,126,NOTRUN
2026-08-10T15:58:45Z,hw293,127,NOTRUN
2026-08-10T15:58:45Z,hw293,128,NOTRUN
2026-08-10T15:58:45Z,hw293,129,NOTRUN
2026-08-10T15:58:45Z,hw293,13,PASS
2026-08-10T15:58:45Z,hw293,130,NOTRUN
2026-08-10T15:58:45Z,hw293,131,NOTRUN
2026-08-10T15:58:45Z,hw293,132,NOTRUN
2026-08-10T15:58:45Z,hw293,133,NOTRUN
2026-08-10T15:58:45Z,hw293,134,NOTRUN
2026-08-10T15:58:45Z,hw293,135,NOTRUN
2026-08-10T15:58:45Z,hw293,136,NOTRUN
2026-08-10T15:58:45Z,hw293,137,NOTRUN
2026-08-10T15:58:45Z,hw293,138,NOTRUN
2026-08-10T15:58:45Z,hw293,139,NOTRUN
2026-08-10T15:58:45Z,hw293,14,PASS
2026-08-10T15:58:45Z,hw293,140,NOTRUN
2026-08-10T15:58:45Z,hw293,141,NOTRUN
2026-08-10T15:58:45Z,hw293,142,NOTRUN
2026-08-10T15:58:45Z,hw293,143,NOTRUN
2026-08-10T15:58:45Z,hw293,144,NOTRUN
2026-08-10T15:58:45Z,hw293,145,NOTRUN
2026-08-10T15:58:45Z,hw293,146,NOTRUN
2026-08-10T15:58:45Z,hw293,147,NOTRUN
2026-08-10T15:58:45Z,hw293,148,NOTRUN
2026-08-10T15:58:45Z,hw293,149,NOTRUN
2026-08-10T15:58:45Z,hw293,15,FAIL
2026-08-10T15:58:45Z,hw293,150,NOTRUN
2026-08-10T15:58:45Z,hw293,151,NOTRUN
2026-08-10T15:58:45Z,hw293,152,NOTRUN
2026-08-10T15:58:45Z,hw293,153,NOTRUN
2026-08-10T15:58:45Z,hw293,154,NOTRUN
2026-08-10T15:58:45Z,hw293,155,NOTRUN
2026-08-10T15:58:45Z,hw293,156,NOTRUN
2026-08-10T15:58:45Z,hw293,157,NOTRUN
2026-08-10T15:58:45Z,hw293,158,NOTRUN
2026-08-10T15:58:45Z,hw293,159,NOTRUN
2026-08-10T15:58:45Z,hw293,16,NOTRUN
2026-08-10T15:58:45Z,hw293,160,NOTRUN
2026-08-10T15:58:45Z,hw293,161,NOTRUN
2026-08-10T15:58:45Z,hw293,162,NOTRUN
2026-08-10T15:58:45Z,hw293,163,NOTRUN
2026-08-10T15:58:45Z,hw293,164,FAIL
2026-08-10T15:58:45Z,hw293,165,NOTRUN
2026-08-10T15:58:45Z,hw293,166,FAIL
2026-08-10T15:58:45Z,hw293,167,NOTRUN
2026-08-10T15:58:45Z,hw293,168,NOTRUN
2026-08-10T15:58:45Z,hw293,169,NOTRUN
2026-08-10T15:58:45Z,hw293,17,PASS
2026-08-10T15:58:45Z,hw293,170,NOTRUN
2026-08-10T15:58:45Z,hw293,171,NOTRUN
2026-08-10T15:58:45Z,hw293,172,NOTRUN
2026-08-10T15:58:45Z,hw293,173,NOTRUN
2026-08-10T15:58:45Z,hw293,174,NOTRUN
2026-08-10T15:58:45Z,hw293,175,NOTRUN
2026-08-10T15:58:45Z,hw293,176,FAIL
2026-08-10T15:58:45Z,hw293,177,FAIL
2026-08-10T15:58:45Z,hw293,178,FAIL
2026-08-10T15:58:45Z,hw293,179,NOTRUN
2026-08-10T15:58:45Z,hw293,18,PASS
2026-08-10T15:58:45Z,hw293,180,NOTRUN
2026-08-10T15:58:45Z,hw293,181,NOTRUN
2026-08-10T15:58:45Z,hw293,182,NOTRUN
2026-08-10T15:58:45Z,hw293,183,FAIL
2026-08-10T15:58:45Z,hw293,184,NOTRUN
2026-08-10T15:58:45Z,hw293,185,NOTRUN
2026-08-10T15:58:45Z,hw293,186,NOTRUN
2026-08-10T15:58:45Z,hw293,187,NOTRUN
2026-08-10T15:58:45Z,hw293,188,FAIL
2026-08-10T15:58:45Z,hw293,189,NOTRUN
2026-08-10T15:58:45Z,hw293,19,FAIL
2026-08-10T15:58:45Z,hw293,190,NOTRUN
2026-08-10T15:58:45Z,hw293,191,NOTRUN
2026-08-10T15:58:45Z,hw293,192,FAIL
2026-08-10T15:58:45Z,hw293,193,NOTRUN
2026-08-10T15:58:45Z,hw293,194,NOTRUN
2026-08-10T15:58:45Z,hw293,195,FAIL
2026-08-10T15:58:45Z,hw293,196,NOTRUN
2026-08-10T15:58:45Z,hw293,197,NOTRUN
2026-08-10T15:58:45Z,hw293,198,NOTRUN
2026-08-10T15:58:45Z,hw293,199,NOTRUN
2026-08-10T15:58:45Z,hw293,2,PASS
2026-08-10T15:58:45Z,hw293,20,PASS
2026-08-10T15:58:45Z,hw293,200,NOTRUN
2026-08-10T15:58:45Z,hw293,201,NOTRUN
2026-08-10T15:58:45Z,hw293,202,NOTRUN
2026-08-10T15:58:45Z,hw293,203,NOTRUN
2026-08-10T15:58:45Z,hw293,204,NOTRUN
2026-08-10T15:58:45Z,hw293,205,NOTRUN
2026-08-10T15:58:45Z,hw293,206,NOTRUN
2026-08-10T15:58:45Z,hw293,207,NOTRUN
2026-08-10T15:58:45Z,hw293,208,NOTRUN
2026-08-10T15:58:45Z,hw293,209,NOTRUN
2026-08-10T15:58:45Z,hw293,21,PASS
2026-08-10T15:58:45Z,hw293,210,NOTRUN
2026-08-10T15:58:45Z,hw293,211,NOTRUN
2026-08-10T15:58:45Z,hw293,212,FAIL
2026-08-10T15:58:45Z,hw293,213,FAIL
2026-08-10T15:58:45Z,hw293,214,NOTRUN
2026-08-10T15:58:45Z,hw293,215,NOTRUN
2026-08-10T15:58:45Z,hw293,216,FAIL
2026-08-10T15:58:45Z,hw293,217,FAIL
2026-08-10T15:58:45Z,hw293,218,FAIL
2026-08-10T15:58:45Z,hw293,219,FAIL
2026-08-10T15:58:45Z,hw293,22,PASS
2026-08-10T15:58:45Z,hw293,220,FAIL
2026-08-10T15:58:45Z,hw293,221,FAIL
2026-08-10T15:58:45Z,hw293,222,FAIL
2026-08-10T15:58:45Z,hw293,223,FAIL
2026-08-10T15:58:45Z,hw293,224,NOTRUN
2026-08-10T15:58:45Z,hw293,225,FAIL
2026-08-10T15:58:45Z,hw293,226,NOTRUN
2026-08-10T15:58:45Z,hw293,227,NOTRUN
2026-08-10T15:58:45Z,hw293,228,FAIL
2026-08-10T15:58:45Z,hw293,229,NOTRUN
2026-08-10T15:58:45Z,hw293,23,PASS
2026-08-10T15:58:45Z,hw293,230,NOTRUN
2026-08-10T15:58:45Z,hw293,231,NOTRUN
2026-08-10T15:58:45Z,hw293,232,NOTRUN
2026-08-10T15:58:45Z,hw293,233,FAIL
2026-08-10T15:58:45Z,hw293,234,FAIL
2026-08-10T15:58:45Z,hw293,235,NOTRUN
2026-08-10T15:58:45Z,hw293,236,NOTRUN
2026-08-10T15:58:45Z,hw293,237,NOTRUN
2026-08-10T15:58:45Z,hw293,238,FAIL
2026-08-10T15:58:45Z,hw293,239,NOTRUN
2026-08-10T15:58:45Z,hw293,24,PASS
2026-08-10T15:58:45Z,hw293,240,NOTRUN
2026-08-10T15:58:45Z,hw293,241,FAIL
2026-08-10T15:58:45Z,hw293,242,PASS
2026-08-10T15:58:45Z,hw293,243,NOTRUN
2026-08-10T15:58:45Z,hw293,25,FAIL
2026-08-10T15:58:45Z,hw293,26,PASS
2026-08-10T15:58:45Z,hw293,27,PASS
2026-08-10T15:58:45Z,hw293,28,PASS
2026-08-10T15:58:45Z,hw293,29,FAIL
2026-08-10T15:58:45Z,hw293,3,FAIL
2026-08-10T15:58:45Z,hw293,30,FAIL
2026-08-10T15:58:45Z,hw293,31,PASS
2026-08-10T15:58:45Z,hw293,32,FAIL
2026-08-10T15:58:45Z,hw293,33,FAIL
2026-08-10T15:58:45Z,hw293,34,PASS
2026-08-10T15:58:45Z,hw293,35,FAIL
2026-08-10T15:58:45Z,hw293,36,FAIL
2026-08-10T15:58:45Z,hw293,37,FAIL
2026-08-10T15:58:45Z,hw293,38,FAIL
2026-08-10T15:58:45Z,hw293,39,PASS
2026-08-10T15:58:45Z,hw293,4,FAIL
2026-08-10T15:58:45Z,hw293,40,PASS
2026-08-10T15:58:45Z,hw293,41,FAIL
2026-08-10T15:58:45Z,hw293,42,PASS
2026-08-10T15:58:45Z,hw293,43,PASS
2026-08-10T15:58:45Z,hw293,44,PASS
2026-08-10T15:58:45Z,hw293,45,PASS
2026-08-10T15:58:45Z,hw293,46,PASS
2026-08-10T15:58:45Z,hw293,47,PASS
2026-08-10T15:58:45Z,hw293,48,FAIL
2026-08-10T15:58:45Z,hw293,49,PASS
2026-08-10T15:58:45Z,hw293,5,PASS
2026-08-10T15:58:45Z,hw293,50,NOTRUN
2026-08-10T15:58:45Z,hw293,51,FAIL
2026-08-10T15:58:45Z,hw293,52,FAIL
2026-08-10T15:58:45Z,hw293,53,PASS
2026-08-10T15:58:45Z,hw293,54,PASS
2026-08-10T15:58:45Z,hw293,55,FAIL
2026-08-10T15:58:45Z,hw293,56,FAIL
2026-08-10T15:58:45Z,hw293,57,FAIL
2026-08-10T15:58:45Z,hw293,58,PASS
2026-08-10T15:58:45Z,hw293,59,FAIL
2026-08-10T15:58:45Z,hw293,6,PASS
2026-08-10T15:58:45Z,hw293,60,FAIL
2026-08-10T15:58:45Z,hw293,61,PASS
2026-08-10T15:58:45Z,hw293,62,FAIL
2026-08-10T15:58:45Z,hw293,63,FAIL
2026-08-10T15:58:45Z,hw293,64,FAIL
2026-08-10T15:58:45Z,hw293,65,FAIL
2026-08-10T15:58:45Z,hw293,66,FAIL
2026-08-10T15:58:45Z,hw293,67,FAIL
2026-08-10T15:58:45Z,hw293,68,PASS
2026-08-10T15:58:45Z,hw293,69,FAIL
2026-08-10T15:58:45Z,hw293,7,FAIL
2026-08-10T15:58:45Z,hw293,70,FAIL
2026-08-10T15:58:45Z,hw293,71,FAIL
2026-08-10T15:58:45Z,hw293,72,PASS
2026-08-10T15:58:45Z,hw293,73,PASS
2026-08-10T15:58:45Z,hw293,74,PASS
2026-08-10T15:58:45Z,hw293,75,PASS
2026-08-10T15:58:45Z,hw293,76,PASS
2026-08-10T15:58:45Z,hw293,77,PASS
2026-08-10T15:58:45Z,hw293,78,PASS
2026-08-10T15:58:45Z,hw293,79,PASS
2026-08-10T15:58:45Z,hw293,8,FAIL
2026-08-10T15:58:45Z,hw293,80,PASS
2026-08-10T15:58:45Z,hw293,81,PASS
2026-08-10T15:58:45Z,hw293,82,PASS
2026-08-10T15:58:45Z,hw293,83,PASS
2026-08-10T15:58:45Z,hw293,84,PASS
2026-08-10T15:58:45Z,hw293,85,PASS
2026-08-10T15:58:45Z,hw293,86,PASS
2026-08-10T15:58:45Z,hw293,87,FAIL
2026-08-10T15:58:45Z,hw293,88,PASS
2026-08-10T15:58:45Z,hw293,89,PASS
2026-08-10T15:58:45Z,hw293,9,PASS
2026-08-10T15:58:45Z,hw293,90,FAIL
2026-08-10T15:58:45Z,hw293,91,PASS
2026-08-10T15:58:45Z,hw293,92,PASS
2026-08-10T15:58:45Z,hw293,93,PASS
2026-08-10T15:58:45Z,hw293,94,PASS
2026-08-10T15:58:45Z,hw293,95,FAIL
2026-08-10T15:58:45Z,hw293,96,PASS
2026-08-10T15:58:45Z,hw293,97,NOTRUN
2026-08-10T15:58:45Z,hw293,98,PASS
2026-08-10T15:58:45Z,hw293,99,NOTRUN
2026-08-10T15:58:45Z,hw293,G1,FAIL
2026-08-10T15:58:45Z,hw293,G10,FAIL
2026-08-10T15:58:45Z,hw293,G11,FAIL
2026-08-10T15:58:45Z,hw293,G12,NOTRUN
2026-08-10T15:58:45Z,hw293,G2,FAIL
2026-08-10T15:58:45Z,hw293,G3,FAIL
2026-08-10T15:58:45Z,hw293,G4,PASS
2026-08-10T15:58:45Z,hw293,G5,NOTRUN
2026-08-10T15:58:45Z,hw293,G6,FAIL
2026-08-10T15:58:45Z,hw293,G7,FAIL
2026-08-10T15:58:45Z,hw293,G8,FAIL
2026-08-10T15:58:45Z,hw293,G9,FAIL
2026-08-10T15:58:45Z,hw293,M1,PASS
2026-08-10T15:58:45Z,hw293,M2,NOTRUN
2026-08-10T15:58:45Z,hw293,M3,NOTRUN
2026-08-10T15:58:45Z,hw293,M4,NOTRUN
2026-08-10T15:58:45Z,hw293,R1,NOTRUN
2026-08-10T15:58:45Z,hw293,R10,NOTRUN
2026-08-10T15:58:45Z,hw293,R11,NOTRUN
2026-08-10T15:58:45Z,hw293,R12,FAIL
2026-08-10T15:58:45Z,hw293,R13,FAIL
2026-08-10T15:58:45Z,hw293,R14,NOTRUN
2026-08-10T15:58:45Z,hw293,R15,NOTRUN
2026-08-10T15:58:45Z,hw293,R16,FAIL
2026-08-10T15:58:45Z,hw293,R17,FAIL
2026-08-10T15:58:45Z,hw293,R18,PASS
2026-08-10T15:58:45Z,hw293,R19,FAIL
2026-08-10T15:58:45Z,hw293,R2,PASS
2026-08-10T15:58:45Z,hw293,R20,PASS
2026-08-10T15:58:45Z,hw293,R21,NOTRUN
2026-08-10T15:58:45Z,hw293,R22,PASS
2026-08-10T15:58:45Z,hw293,R3,NOTRUN
2026-08-10T15:58:45Z,hw293,R4,NOTRUN
2026-08-10T15:58:45Z,hw293,R5,PASS
2026-08-10T15:58:45Z,hw293,R6,NOTRUN
2026-08-10T15:58:45Z,hw293,R7,PASS
2026-08-10T15:58:45Z,hw293,R8,NOTRUN
2026-08-10T15:58:45Z,hw293,R9,PASS
2026-08-10T15:58:45Z,hw293,W1,FAIL
2026-08-10T15:58:45Z,hw293,W2,FAIL
2026-08-10T15:58:45Z,hw293,W3,NOTRUN
2026-08-10T15:58:45Z,hw293,W4,PASS
2026-08-10T15:58:45Z,hw293,W5,FAIL
2026-08-10T16:08:43Z,hw293,1,PASS
2026-08-10T16:08:43Z,hw293,10,PASS
2026-08-10T16:08:43Z,hw293,100,FAIL
2026-08-10T16:08:43Z,hw293,101,NOTRUN
2026-08-10T16:08:43Z,hw293,102,PASS
2026-08-10T16:08:43Z,hw293,103,PASS
2026-08-10T16:08:43Z,hw293,104,NOTRUN
2026-08-10T16:08:43Z,hw293,105,NOTRUN
2026-08-10T16:08:43Z,hw293,106,PASS
2026-08-10T16:08:43Z,hw293,107,NOTRUN
2026-08-10T16:08:43Z,hw293,108,NOTRUN
2026-08-10T16:08:43Z,hw293,109,NOTRUN
2026-08-10T16:08:43Z,hw293,11,PASS
2026-08-10T16:08:43Z,hw293,110,NOTRUN
2026-08-10T16:08:43Z,hw293,111,NOTRUN
2026-08-10T16:08:43Z,hw293,112,NOTRUN
2026-08-10T16:08:43Z,hw293,113,NOTRUN
2026-08-10T16:08:43Z,hw293,114,NOTRUN
2026-08-10T16:08:43Z,hw293,115,FAIL
2026-08-10T16:08:43Z,hw293,116,NOTRUN
2026-08-10T16:08:43Z,hw293,117,NOTRUN
2026-08-10T16:08:43Z,hw293,118,NOTRUN
2026-08-10T16:08:43Z,hw293,119,NOTRUN
2026-08-10T16:08:43Z,hw293,12,PASS
2026-08-10T16:08:43Z,hw293,120,NOTRUN
2026-08-10T16:08:43Z,hw293,121,FAIL
2026-08-10T16:08:43Z,hw293,122,NOTRUN
2026-08-10T16:08:43Z,hw293,123,FAIL
2026-08-10T16:08:43Z,hw293,124,NOTRUN
2026-08-10T16:08:43Z,hw293,125,NOTRUN
2026-08-10T16:08:43Z,hw293,126,NOTRUN
2026-08-10T16:08:43Z,hw293,127,NOTRUN
2026-08-10T16:08:43Z,hw293,128,NOTRUN
2026-08-10T16:08:43Z,hw293,129,NOTRUN
2026-08-10T16:08:43Z,hw293,13,PASS
2026-08-10T16:08:43Z,hw293,130,NOTRUN
2026-08-10T16:08:43Z,hw293,131,NOTRUN
2026-08-10T16:08:43Z,hw293,132,NOTRUN
2026-08-10T16:08:43Z,hw293,133,NOTRUN
2026-08-10T16:08:43Z,hw293,134,NOTRUN
2026-08-10T16:08:43Z,hw293,135,NOTRUN
2026-08-10T16:08:43Z,hw293,136,NOTRUN
2026-08-10T16:08:43Z,hw293,137,NOTRUN
2026-08-10T16:08:43Z,hw293,138,NOTRUN
2026-08-10T16:08:43Z,hw293,139,NOTRUN
2026-08-10T16:08:43Z,hw293,14,PASS
2026-08-10T16:08:43Z,hw293,140,NOTRUN
2026-08-10T16:08:43Z,hw293,141,NOTRUN
2026-08-10T16:08:43Z,hw293,142,NOTRUN
2026-08-10T16:08:43Z,hw293,143,NOTRUN
2026-08-10T16:08:43Z,hw293,144,NOTRUN
2026-08-10T16:08:43Z,hw293,145,NOTRUN
2026-08-10T16:08:43Z,hw293,146,NOTRUN
2026-08-10T16:08:43Z,hw293,147,NOTRUN
2026-08-10T16:08:43Z,hw293,148,NOTRUN
2026-08-10T16:08:43Z,hw293,149,NOTRUN
2026-08-10T16:08:43Z,hw293,15,FAIL
2026-08-10T16:08:43Z,hw293,150,NOTRUN
2026-08-10T16:08:43Z,hw293,151,NOTRUN
2026-08-10T16:08:43Z,hw293,152,NOTRUN
2026-08-10T16:08:43Z,hw293,153,NOTRUN
2026-08-10T16:08:43Z,hw293,154,NOTRUN
2026-08-10T16:08:43Z,hw293,155,NOTRUN
2026-08-10T16:08:43Z,hw293,156,NOTRUN
2026-08-10T16:08:43Z,hw293,157,NOTRUN
2026-08-10T16:08:43Z,hw293,158,NOTRUN
2026-08-10T16:08:43Z,hw293,159,NOTRUN
2026-08-10T16:08:43Z,hw293,16,NOTRUN
2026-08-10T16:08:43Z,hw293,160,NOTRUN
2026-08-10T16:08:43Z,hw293,161,NOTRUN
2026-08-10T16:08:43Z,hw293,162,NOTRUN
2026-08-10T16:08:43Z,hw293,163,NOTRUN
2026-08-10T16:08:43Z,hw293,164,FAIL
2026-08-10T16:08:43Z,hw293,165,NOTRUN
2026-08-10T16:08:43Z,hw293,166,FAIL
2026-08-10T16:08:43Z,hw293,167,PASS
2026-08-10T16:08:43Z,hw293,168,PASS
2026-08-10T16:08:43Z,hw293,169,PASS
2026-08-10T16:08:43Z,hw293,17,PASS
2026-08-10T16:08:43Z,hw293,170,PASS
2026-08-10T16:08:43Z,hw293,171,PASS
2026-08-10T16:08:43Z,hw293,172,FAIL
2026-08-10T16:08:43Z,hw293,173,PASS
2026-08-10T16:08:43Z,hw293,174,NOTRUN
2026-08-10T16:08:43Z,hw293,175,PASS
2026-08-10T16:08:43Z,hw293,176,FAIL
2026-08-10T16:08:43Z,hw293,177,FAIL
2026-08-10T16:08:43Z,hw293,178,FAIL
2026-08-10T16:08:43Z,hw293,179,PASS
2026-08-10T16:08:43Z,hw293,18,PASS
2026-08-10T16:08:43Z,hw293,180,PASS
2026-08-10T16:08:43Z,hw293,181,PASS
2026-08-10T16:08:43Z,hw293,182,PASS
2026-08-10T16:08:43Z,hw293,183,FAIL
2026-08-10T16:08:43Z,hw293,184,FAIL
2026-08-10T16:08:43Z,hw293,185,PASS
2026-08-10T16:08:43Z,hw293,186,PASS
2026-08-10T16:08:43Z,hw293,187,FAIL
2026-08-10T16:08:43Z,hw293,188,FAIL
2026-08-10T16:08:43Z,hw293,189,FAIL
2026-08-10T16:08:43Z,hw293,19,FAIL
2026-08-10T16:08:43Z,hw293,190,PASS
2026-08-10T16:08:43Z,hw293,191,PASS
2026-08-10T16:08:43Z,hw293,192,FAIL
2026-08-10T16:08:43Z,hw293,193,PASS
2026-08-10T16:08:43Z,hw293,194,PASS
2026-08-10T16:08:43Z,hw293,195,FAIL
2026-08-10T16:08:43Z,hw293,196,NOTRUN
2026-08-10T16:08:43Z,hw293,197,NOTRUN
2026-08-10T16:08:43Z,hw293,198,NOTRUN
2026-08-10T16:08:43Z,hw293,199,NOTRUN
2026-08-10T16:08:43Z,hw293,2,PASS
2026-08-10T16:08:43Z,hw293,20,PASS
2026-08-10T16:08:43Z,hw293,200,NOTRUN
2026-08-10T16:08:43Z,hw293,201,NOTRUN
2026-08-10T16:08:43Z,hw293,202,NOTRUN
2026-08-10T16:08:43Z,hw293,203,NOTRUN
2026-08-10T16:08:43Z,hw293,204,NOTRUN
2026-08-10T16:08:43Z,hw293,205,NOTRUN
2026-08-10T16:08:43Z,hw293,206,NOTRUN
2026-08-10T16:08:43Z,hw293,207,NOTRUN
2026-08-10T16:08:43Z,hw293,208,NOTRUN
2026-08-10T16:08:43Z,hw293,209,NOTRUN
2026-08-10T16:08:43Z,hw293,21,PASS
2026-08-10T16:08:43Z,hw293,210,NOTRUN
2026-08-10T16:08:43Z,hw293,211,NOTRUN
2026-08-10T16:08:43Z,hw293,212,FAIL
2026-08-10T16:08:43Z,hw293,213,FAIL
2026-08-10T16:08:43Z,hw293,214,NOTRUN
2026-08-10T16:08:43Z,hw293,215,NOTRUN
2026-08-10T16:08:43Z,hw293,216,FAIL
2026-08-10T16:08:43Z,hw293,217,FAIL
2026-08-10T16:08:43Z,hw293,218,FAIL
2026-08-10T16:08:43Z,hw293,219,FAIL
2026-08-10T16:08:43Z,hw293,22,PASS
2026-08-10T16:08:43Z,hw293,220,FAIL
2026-08-10T16:08:43Z,hw293,221,FAIL
2026-08-10T16:08:43Z,hw293,222,FAIL
2026-08-10T16:08:43Z,hw293,223,FAIL
2026-08-10T16:08:43Z,hw293,224,NOTRUN
2026-08-10T16:08:43Z,hw293,225,FAIL
2026-08-10T16:08:43Z,hw293,226,NOTRUN
2026-08-10T16:08:43Z,hw293,227,NOTRUN
2026-08-10T16:08:43Z,hw293,228,FAIL
2026-08-10T16:08:43Z,hw293,229,NOTRUN
2026-08-10T16:08:43Z,hw293,23,PASS
2026-08-10T16:08:43Z,hw293,230,NOTRUN
2026-08-10T16:08:43Z,hw293,231,NOTRUN
2026-08-10T16:08:43Z,hw293,232,NOTRUN
2026-08-10T16:08:43Z,hw293,233,FAIL
2026-08-10T16:08:43Z,hw293,234,FAIL
2026-08-10T16:08:43Z,hw293,235,NOTRUN
2026-08-10T16:08:43Z,hw293,236,NOTRUN
2026-08-10T16:08:43Z,hw293,237,NOTRUN
2026-08-10T16:08:43Z,hw293,238,FAIL
2026-08-10T16:08:43Z,hw293,239,NOTRUN
2026-08-10T16:08:43Z,hw293,24,PASS
2026-08-10T16:08:43Z,hw293,240,NOTRUN
2026-08-10T16:08:43Z,hw293,241,FAIL
2026-08-10T16:08:43Z,hw293,242,PASS
2026-08-10T16:08:43Z,hw293,243,NOTRUN
2026-08-10T16:08:43Z,hw293,25,FAIL
2026-08-10T16:08:43Z,hw293,26,PASS
2026-08-10T16:08:43Z,hw293,27,PASS
2026-08-10T16:08:43Z,hw293,28,PASS
2026-08-10T16:08:43Z,hw293,29,FAIL
2026-08-10T16:08:43Z,hw293,3,FAIL
2026-08-10T16:08:43Z,hw293,30,FAIL
2026-08-10T16:08:43Z,hw293,31,PASS
2026-08-10T16:08:43Z,hw293,32,FAIL
2026-08-10T16:08:43Z,hw293,33,FAIL
2026-08-10T16:08:43Z,hw293,34,PASS
2026-08-10T16:08:43Z,hw293,35,FAIL
2026-08-10T16:08:43Z,hw293,36,FAIL
2026-08-10T16:08:43Z,hw293,37,FAIL
2026-08-10T16:08:43Z,hw293,38,FAIL
2026-08-10T16:08:43Z,hw293,39,PASS
2026-08-10T16:08:43Z,hw293,4,FAIL
2026-08-10T16:08:43Z,hw293,40,PASS
2026-08-10T16:08:43Z,hw293,41,FAIL
2026-08-10T16:08:43Z,hw293,42,PASS
2026-08-10T16:08:43Z,hw293,43,PASS
2026-08-10T16:08:43Z,hw293,44,PASS
2026-08-10T16:08:43Z,hw293,45,PASS
2026-08-10T16:08:43Z,hw293,46,PASS
2026-08-10T16:08:43Z,hw293,47,PASS
2026-08-10T16:08:43Z,hw293,48,FAIL
2026-08-10T16:08:43Z,hw293,49,PASS
2026-08-10T16:08:43Z,hw293,5,PASS
2026-08-10T16:08:43Z,hw293,50,NOTRUN
2026-08-10T16:08:43Z,hw293,51,FAIL
2026-08-10T16:08:43Z,hw293,52,FAIL
2026-08-10T16:08:43Z,hw293,53,PASS
2026-08-10T16:08:43Z,hw293,54,PASS
2026-08-10T16:08:43Z,hw293,55,FAIL
2026-08-10T16:08:43Z,hw293,56,FAIL
2026-08-10T16:08:43Z,hw293,57,FAIL
2026-08-10T16:08:43Z,hw293,58,PASS
2026-08-10T16:08:43Z,hw293,59,FAIL
2026-08-10T16:08:43Z,hw293,6,PASS
2026-08-10T16:08:43Z,hw293,60,FAIL
2026-08-10T16:08:43Z,hw293,61,PASS
2026-08-10T16:08:43Z,hw293,62,FAIL
2026-08-10T16:08:43Z,hw293,63,FAIL
2026-08-10T16:08:43Z,hw293,64,FAIL
2026-08-10T16:08:43Z,hw293,65,FAIL
2026-08-10T16:08:43Z,hw293,66,FAIL
2026-08-10T16:08:43Z,hw293,67,FAIL
2026-08-10T16:08:43Z,hw293,68,PASS
2026-08-10T16:08:43Z,hw293,69,FAIL
2026-08-10T16:08:43Z,hw293,7,FAIL
2026-08-10T16:08:43Z,hw293,70,FAIL
2026-08-10T16:08:43Z,hw293,71,FAIL
2026-08-10T16:08:43Z,hw293,72,PASS
2026-08-10T16:08:43Z,hw293,73,PASS
2026-08-10T16:08:43Z,hw293,74,PASS
2026-08-10T16:08:43Z,hw293,75,PASS
2026-08-10T16:08:43Z,hw293,76,PASS
2026-08-10T16:08:43Z,hw293,77,PASS
2026-08-10T16:08:43Z,hw293,78,PASS
2026-08-10T16:08:43Z,hw293,79,PASS
2026-08-10T16:08:43Z,hw293,8,FAIL
2026-08-10T16:08:43Z,hw293,80,PASS
2026-08-10T16:08:43Z,hw293,81,PASS
2026-08-10T16:08:43Z,hw293,82,PASS
2026-08-10T16:08:43Z,hw293,83,PASS
2026-08-10T16:08:43Z,hw293,84,PASS
2026-08-10T16:08:43Z,hw293,85,PASS
2026-08-10T16:08:43Z,hw293,86,PASS
2026-08-10T16:08:43Z,hw293,87,FAIL
2026-08-10T16:08:43Z,hw293,88,PASS
2026-08-10T16:08:43Z,hw293,89,PASS
2026-08-10T16:08:43Z,hw293,9,PASS
2026-08-10T16:08:43Z,hw293,90,FAIL
2026-08-10T16:08:43Z,hw293,91,PASS
2026-08-10T16:08:43Z,hw293,92,PASS
2026-08-10T16:08:43Z,hw293,93,PASS
2026-08-10T16:08:43Z,hw293,94,PASS
2026-08-10T16:08:43Z,hw293,95,FAIL
2026-08-10T16:08:43Z,hw293,96,PASS
2026-08-10T16:08:43Z,hw293,97,NOTRUN
2026-08-10T16:08:43Z,hw293,98,PASS
2026-08-10T16:08:43Z,hw293,99,NOTRUN
2026-08-10T16:08:43Z,hw293,G1,FAIL
2026-08-10T16:08:43Z,hw293,G10,FAIL
2026-08-10T16:08:43Z,hw293,G11,FAIL
2026-08-10T16:08:43Z,hw293,G12,NOTRUN
2026-08-10T16:08:43Z,hw293,G2,FAIL
2026-08-10T16:08:43Z,hw293,G3,FAIL
2026-08-10T16:08:43Z,hw293,G4,PASS
2026-08-10T16:08:43Z,hw293,G5,NOTRUN
2026-08-10T16:08:43Z,hw293,G6,FAIL
2026-08-10T16:08:43Z,hw293,G7,FAIL
2026-08-10T16:08:43Z,hw293,G8,FAIL
2026-08-10T16:08:43Z,hw293,G9,FAIL
2026-08-10T16:08:43Z,hw293,M1,PASS
2026-08-10T16:08:43Z,hw293,M2,NOTRUN
2026-08-10T16:08:43Z,hw293,M3,NOTRUN
2026-08-10T16:08:43Z,hw293,M4,NOTRUN
2026-08-10T16:08:43Z,hw293,R1,NOTRUN
2026-08-10T16:08:43Z,hw293,R10,NOTRUN
2026-08-10T16:08:43Z,hw293,R11,NOTRUN
2026-08-10T16:08:43Z,hw293,R12,FAIL
2026-08-10T16:08:43Z,hw293,R13,FAIL
2026-08-10T16:08:43Z,hw293,R14,NOTRUN
2026-08-10T16:08:43Z,hw293,R15,NOTRUN
2026-08-10T16:08:43Z,hw293,R16,FAIL
2026-08-10T16:08:43Z,hw293,R17,FAIL
2026-08-10T16:08:43Z,hw293,R18,PASS
2026-08-10T16:08:43Z,hw293,R19,FAIL
2026-08-10T16:08:43Z,hw293,R2,PASS
2026-08-10T16:08:43Z,hw293,R20,PASS
2026-08-10T16:08:43Z,hw293,R21,NOTRUN
2026-08-10T16:08:43Z,hw293,R22,PASS
2026-08-10T16:08:43Z,hw293,R3,NOTRUN
2026-08-10T16:08:43Z,hw293,R4,NOTRUN
2026-08-10T16:08:43Z,hw293,R5,PASS
2026-08-10T16:08:43Z,hw293,R6,NOTRUN
2026-08-10T16:08:43Z,hw293,R7,PASS
2026-08-10T16:08:43Z,hw293,R8,NOTRUN
2026-08-10T16:08:43Z,hw293,R9,PASS
2026-08-10T16:08:43Z,hw293,W1,FAIL
2026-08-10T16:08:43Z,hw293,W2,FAIL
2026-08-10T16:08:43Z,hw293,W3,NOTRUN
2026-08-10T16:08:43Z,hw293,W4,PASS
2026-08-10T16:08:43Z,hw293,W5,FAIL
2026-08-10T16:22:59Z,hw293,1,PASS
2026-08-10T16:22:59Z,hw293,10,PASS
2026-08-10T16:22:59Z,hw293,100,FAIL
2026-08-10T16:22:59Z,hw293,101,NOTRUN
2026-08-10T16:22:59Z,hw293,102,PASS
2026-08-10T16:22:59Z,hw293,103,PASS
2026-08-10T16:22:59Z,hw293,104,NOTRUN
2026-08-10T16:22:59Z,hw293,105,NOTRUN
2026-08-10T16:22:59Z,hw293,106,PASS
2026-08-10T16:22:59Z,hw293,107,NOTRUN
2026-08-10T16:22:59Z,hw293,108,NOTRUN
2026-08-10T16:22:59Z,hw293,109,NOTRUN
2026-08-10T16:22:59Z,hw293,11,PASS
2026-08-10T16:22:59Z,hw293,110,PASS
2026-08-10T16:22:59Z,hw293,111,FAIL
2026-08-10T16:22:59Z,hw293,112,PASS
2026-08-10T16:22:59Z,hw293,113,PASS
2026-08-10T16:22:59Z,hw293,114,PASS
2026-08-10T16:22:59Z,hw293,115,FAIL
2026-08-10T16:22:59Z,hw293,116,PASS
2026-08-10T16:22:59Z,hw293,117,PASS
2026-08-10T16:22:59Z,hw293,118,PASS
2026-08-10T16:22:59Z,hw293,119,PASS
2026-08-10T16:22:59Z,hw293,12,PASS
2026-08-10T16:22:59Z,hw293,120,PASS
2026-08-10T16:22:59Z,hw293,121,FAIL
2026-08-10T16:22:59Z,hw293,122,PASS
2026-08-10T16:22:59Z,hw293,123,FAIL
2026-08-10T16:22:59Z,hw293,124,PASS
2026-08-10T16:22:59Z,hw293,125,PASS
2026-08-10T16:22:59Z,hw293,126,PASS
2026-08-10T16:22:59Z,hw293,127,PASS
2026-08-10T16:22:59Z,hw293,128,PASS
2026-08-10T16:22:59Z,hw293,129,PASS
2026-08-10T16:22:59Z,hw293,13,PASS
2026-08-10T16:22:59Z,hw293,130,PASS
2026-08-10T16:22:59Z,hw293,131,PASS
2026-08-10T16:22:59Z,hw293,132,PASS
2026-08-10T16:22:59Z,hw293,133,PASS
2026-08-10T16:22:59Z,hw293,134,PASS
2026-08-10T16:22:59Z,hw293,135,PASS
2026-08-10T16:22:59Z,hw293,136,PASS
2026-08-10T16:22:59Z,hw293,137,PASS
2026-08-10T16:22:59Z,hw293,138,PASS
2026-08-10T16:22:59Z,hw293,139,PASS
2026-08-10T16:22:59Z,hw293,14,PASS
2026-08-10T16:22:59Z,hw293,140,PASS
2026-08-10T16:22:59Z,hw293,141,PASS
2026-08-10T16:22:59Z,hw293,142,PASS
2026-08-10T16:22:59Z,hw293,143,PASS
2026-08-10T16:22:59Z,hw293,144,PASS
2026-08-10T16:22:59Z,hw293,145,PASS
2026-08-10T16:22:59Z,hw293,146,PASS
2026-08-10T16:22:59Z,hw293,147,PASS
2026-08-10T16:22:59Z,hw293,148,PASS
2026-08-10T16:22:59Z,hw293,149,PASS
2026-08-10T16:22:59Z,hw293,15,FAIL
2026-08-10T16:22:59Z,hw293,150,PASS
2026-08-10T16:22:59Z,hw293,151,PASS
2026-08-10T16:22:59Z,hw293,152,PASS
2026-08-10T16:22:59Z,hw293,153,PASS
2026-08-10T16:22:59Z,hw293,154,PASS
2026-08-10T16:22:59Z,hw293,155,PASS
2026-08-10T16:22:59Z,hw293,156,PASS
2026-08-10T16:22:59Z,hw293,157,PASS
2026-08-10T16:22:59Z,hw293,158,PASS
2026-08-10T16:22:59Z,hw293,159,PASS
2026-08-10T16:22:59Z,hw293,16,NOTRUN
2026-08-10T16:22:59Z,hw293,160,FAIL
2026-08-10T16:22:59Z,hw293,161,PASS
2026-08-10T16:22:59Z,hw293,162,FAIL
2026-08-10T16:22:59Z,hw293,163,FAIL
2026-08-10T16:22:59Z,hw293,164,FAIL
2026-08-10T16:22:59Z,hw293,165,NOTRUN
2026-08-10T16:22:59Z,hw293,166,FAIL
2026-08-10T16:22:59Z,hw293,167,PASS
2026-08-10T16:22:59Z,hw293,168,PASS
2026-08-10T16:22:59Z,hw293,169,PASS
2026-08-10T16:22:59Z,hw293,17,PASS
2026-08-10T16:22:59Z,hw293,170,PASS
2026-08-10T16:22:59Z,hw293,171,PASS
2026-08-10T16:22:59Z,hw293,172,FAIL
2026-08-10T16:22:59Z,hw293,173,PASS
2026-08-10T16:22:59Z,hw293,174,NOTRUN
2026-08-10T16:22:59Z,hw293,175,PASS
2026-08-10T16:22:59Z,hw293,176,FAIL
2026-08-10T16:22:59Z,hw293,177,FAIL
2026-08-10T16:22:59Z,hw293,178,FAIL
2026-08-10T16:22:59Z,hw293,179,PASS
2026-08-10T16:22:59Z,hw293,18,PASS
2026-08-10T16:22:59Z,hw293,180,PASS
2026-08-10T16:22:59Z,hw293,181,PASS
2026-08-10T16:22:59Z,hw293,182,PASS
2026-08-10T16:22:59Z,hw293,183,FAIL
2026-08-10T16:22:59Z,hw293,184,FAIL
2026-08-10T16:22:59Z,hw293,185,PASS
2026-08-10T16:22:59Z,hw293,186,PASS
2026-08-10T16:22:59Z,hw293,187,FAIL
2026-08-10T16:22:59Z,hw293,188,FAIL
2026-08-10T16:22:59Z,hw293,189,FAIL
2026-08-10T16:22:59Z,hw293,19,FAIL
2026-08-10T16:22:59Z,hw293,190,PASS
2026-08-10T16:22:59Z,hw293,191,PASS
2026-08-10T16:22:59Z,hw293,192,FAIL
2026-08-10T16:22:59Z,hw293,193,PASS
2026-08-10T16:22:59Z,hw293,194,PASS
2026-08-10T16:22:59Z,hw293,195,FAIL
2026-08-10T16:22:59Z,hw293,196,NOTRUN
2026-08-10T16:22:59Z,hw293,197,NOTRUN
2026-08-10T16:22:59Z,hw293,198,NOTRUN
2026-08-10T16:22:59Z,hw293,199,NOTRUN
2026-08-10T16:22:59Z,hw293,2,PASS
2026-08-10T16:22:59Z,hw293,20,PASS
2026-08-10T16:22:59Z,hw293,200,NOTRUN
2026-08-10T16:22:59Z,hw293,201,NOTRUN
2026-08-10T16:22:59Z,hw293,202,NOTRUN
2026-08-10T16:22:59Z,hw293,203,NOTRUN
2026-08-10T16:22:59Z,hw293,204,NOTRUN
2026-08-10T16:22:59Z,hw293,205,NOTRUN
2026-08-10T16:22:59Z,hw293,206,NOTRUN
2026-08-10T16:22:59Z,hw293,207,NOTRUN
2026-08-10T16:22:59Z,hw293,208,NOTRUN
2026-08-10T16:22:59Z,hw293,209,NOTRUN
2026-08-10T16:22:59Z,hw293,21,PASS
2026-08-10T16:22:59Z,hw293,210,NOTRUN
2026-08-10T16:22:59Z,hw293,211,NOTRUN
2026-08-10T16:22:59Z,hw293,212,FAIL
2026-08-10T16:22:59Z,hw293,213,FAIL
2026-08-10T16:22:59Z,hw293,214,NOTRUN
2026-08-10T16:22:59Z,hw293,215,NOTRUN
2026-08-10T16:22:59Z,hw293,216,FAIL
2026-08-10T16:22:59Z,hw293,217,FAIL
2026-08-10T16:22:59Z,hw293,218,FAIL
2026-08-10T16:22:59Z,hw293,219,FAIL
2026-08-10T16:22:59Z,hw293,22,PASS
2026-08-10T16:22:59Z,hw293,220,FAIL
2026-08-10T16:22:59Z,hw293,221,FAIL
2026-08-10T16:22:59Z,hw293,222,FAIL
2026-08-10T16:22:59Z,hw293,223,FAIL
2026-08-10T16:22:59Z,hw293,224,NOTRUN
2026-08-10T16:22:59Z,hw293,225,FAIL
2026-08-10T16:22:59Z,hw293,226,NOTRUN
2026-08-10T16:22:59Z,hw293,227,NOTRUN
2026-08-10T16:22:59Z,hw293,228,FAIL
2026-08-10T16:22:59Z,hw293,229,NOTRUN
2026-08-10T16:22:59Z,hw293,23,PASS
2026-08-10T16:22:59Z,hw293,230,NOTRUN
2026-08-10T16:22:59Z,hw293,231,NOTRUN
2026-08-10T16:22:59Z,hw293,232,NOTRUN
2026-08-10T16:22:59Z,hw293,233,FAIL
2026-08-10T16:22:59Z,hw293,234,FAIL
2026-08-10T16:22:59Z,hw293,235,NOTRUN
2026-08-10T16:22:59Z,hw293,236,NOTRUN
2026-08-10T16:22:59Z,hw293,237,NOTRUN
2026-08-10T16:22:59Z,hw293,238,FAIL
2026-08-10T16:22:59Z,hw293,239,NOTRUN
2026-08-10T16:22:59Z,hw293,24,PASS
2026-08-10T16:22:59Z,hw293,240,NOTRUN
2026-08-10T16:22:59Z,hw293,241,FAIL
2026-08-10T16:22:59Z,hw293,242,PASS
2026-08-10T16:22:59Z,hw293,243,NOTRUN
2026-08-10T16:22:59Z,hw293,25,FAIL
2026-08-10T16:22:59Z,hw293,26,PASS
2026-08-10T16:22:59Z,hw293,27,PASS
2026-08-10T16:22:59Z,hw293,28,PASS
2026-08-10T16:22:59Z,hw293,29,FAIL
2026-08-10T16:22:59Z,hw293,3,FAIL
2026-08-10T16:22:59Z,hw293,30,FAIL
2026-08-10T16:22:59Z,hw293,31,PASS
2026-08-10T16:22:59Z,hw293,32,FAIL
2026-08-10T16:22:59Z,hw293,33,FAIL
2026-08-10T16:22:59Z,hw293,34,PASS
2026-08-10T16:22:59Z,hw293,35,FAIL
2026-08-10T16:22:59Z,hw293,36,FAIL
2026-08-10T16:22:59Z,hw293,37,FAIL
2026-08-10T16:22:59Z,hw293,38,FAIL
2026-08-10T16:22:59Z,hw293,39,PASS
2026-08-10T16:22:59Z,hw293,4,FAIL
2026-08-10T16:22:59Z,hw293,40,PASS
2026-08-10T16:22:59Z,hw293,41,FAIL
2026-08-10T16:22:59Z,hw293,42,PASS
2026-08-10T16:22:59Z,hw293,43,PASS
2026-08-10T16:22:59Z,hw293,44,PASS
2026-08-10T16:22:59Z,hw293,45,PASS
2026-08-10T16:22:59Z,hw293,46,PASS
2026-08-10T16:22:59Z,hw293,47,PASS
2026-08-10T16:22:59Z,hw293,48,FAIL
2026-08-10T16:22:59Z,hw293,49,PASS
2026-08-10T16:22:59Z,hw293,5,PASS
2026-08-10T16:22:59Z,hw293,50,NOTRUN
2026-08-10T16:22:59Z,hw293,51,FAIL
2026-08-10T16:22:59Z,hw293,52,FAIL
2026-08-10T16:22:59Z,hw293,53,PASS
2026-08-10T16:22:59Z,hw293,54,PASS
2026-08-10T16:22:59Z,hw293,55,FAIL
2026-08-10T16:22:59Z,hw293,56,FAIL
2026-08-10T16:22:59Z,hw293,57,FAIL
2026-08-10T16:22:59Z,hw293,58,PASS
2026-08-10T16:22:59Z,hw293,59,FAIL
2026-08-10T16:22:59Z,hw293,6,PASS
2026-08-10T16:22:59Z,hw293,60,FAIL
2026-08-10T16:22:59Z,hw293,61,PASS
2026-08-10T16:22:59Z,hw293,62,FAIL
2026-08-10T16:22:59Z,hw293,63,FAIL
2026-08-10T16:22:59Z,hw293,64,FAIL
2026-08-10T16:22:59Z,hw293,65,FAIL
2026-08-10T16:22:59Z,hw293,66,FAIL
2026-08-10T16:22:59Z,hw293,67,FAIL
2026-08-10T16:22:59Z,hw293,68,PASS
2026-08-10T16:22:59Z,hw293,69,FAIL
2026-08-10T16:22:59Z,hw293,7,FAIL
2026-08-10T16:22:59Z,hw293,70,FAIL
2026-08-10T16:22:59Z,hw293,71,FAIL
2026-08-10T16:22:59Z,hw293,72,PASS
2026-08-10T16:22:59Z,hw293,73,PASS
2026-08-10T16:22:59Z,hw293,74,PASS
2026-08-10T16:22:59Z,hw293,75,PASS
2026-08-10T16:22:59Z,hw293,76,PASS
2026-08-10T16:22:59Z,hw293,77,PASS
2026-08-10T16:22:59Z,hw293,78,PASS
2026-08-10T16:22:59Z,hw293,79,PASS
2026-08-10T16:22:59Z,hw293,8,FAIL
2026-08-10T16:22:59Z,hw293,80,PASS
2026-08-10T16:22:59Z,hw293,81,PASS
2026-08-10T16:22:59Z,hw293,82,PASS
2026-08-10T16:22:59Z,hw293,83,PASS
2026-08-10T16:22:59Z,hw293,84,PASS
2026-08-10T16:22:59Z,hw293,85,PASS
2026-08-10T16:22:59Z,hw293,86,PASS
2026-08-10T16:22:59Z,hw293,87,FAIL
2026-08-10T16:22:59Z,hw293,88,PASS
2026-08-10T16:22:59Z,hw293,89,PASS
2026-08-10T16:22:59Z,hw293,9,PASS
2026-08-10T16:22:59Z,hw293,90,FAIL
2026-08-10T16:22:59Z,hw293,91,PASS
2026-08-10T16:22:59Z,hw293,92,PASS
2026-08-10T16:22:59Z,hw293,93,PASS
2026-08-10T16:22:59Z,hw293,94,PASS
2026-08-10T16:22:59Z,hw293,95,FAIL
2026-08-10T16:22:59Z,hw293,96,PASS
2026-08-10T16:22:59Z,hw293,97,NOTRUN
2026-08-10T16:22:59Z,hw293,98,PASS
2026-08-10T16:22:59Z,hw293,99,NOTRUN
2026-08-10T16:22:59Z,hw293,G1,FAIL
2026-08-10T16:22:59Z,hw293,G10,FAIL
2026-08-10T16:22:59Z,hw293,G11,FAIL
2026-08-10T16:22:59Z,hw293,G12,NOTRUN
2026-08-10T16:22:59Z,hw293,G2,FAIL
2026-08-10T16:22:59Z,hw293,G3,FAIL
2026-08-10T16:22:59Z,hw293,G4,PASS
2026-08-10T16:22:59Z,hw293,G5,NOTRUN
2026-08-10T16:22:59Z,hw293,G6,FAIL
2026-08-10T16:22:59Z,hw293,G7,FAIL
2026-08-10T16:22:59Z,hw293,G8,FAIL
2026-08-10T16:22:59Z,hw293,G9,FAIL
2026-08-10T16:22:59Z,hw293,M1,PASS
2026-08-10T16:22:59Z,hw293,M2,NOTRUN
2026-08-10T16:22:59Z,hw293,M3,NOTRUN
2026-08-10T16:22:59Z,hw293,M4,NOTRUN
2026-08-10T16:22:59Z,hw293,R1,NOTRUN
2026-08-10T16:22:59Z,hw293,R10,NOTRUN
2026-08-10T16:22:59Z,hw293,R11,NOTRUN
2026-08-10T16:22:59Z,hw293,R12,FAIL
2026-08-10T16:22:59Z,hw293,R13,FAIL
2026-08-10T16:22:59Z,hw293,R14,NOTRUN
2026-08-10T16:22:59Z,hw293,R15,NOTRUN
2026-08-10T16:22:59Z,hw293,R16,FAIL
2026-08-10T16:22:59Z,hw293,R17,FAIL
2026-08-10T16:22:59Z,hw293,R18,PASS
2026-08-10T16:22:59Z,hw293,R19,FAIL
2026-08-10T16:22:59Z,hw293,R2,PASS
2026-08-10T16:22:59Z,hw293,R20,PASS
2026-08-10T16:22:59Z,hw293,R21,NOTRUN
2026-08-10T16:22:59Z,hw293,R22,PASS
2026-08-10T16:22:59Z,hw293,R3,NOTRUN
2026-08-10T16:22:59Z,hw293,R4,NOTRUN
2026-08-10T16:22:59Z,hw293,R5,PASS
2026-08-10T16:22:59Z,hw293,R6,NOTRUN
2026-08-10T16:22:59Z,hw293,R7,PASS
2026-08-10T16:22:59Z,hw293,R8,NOTRUN
2026-08-10T16:22:59Z,hw293,R9,PASS
2026-08-10T16:22:59Z,hw293,W1,FAIL
2026-08-10T16:22:59Z,hw293,W2,FAIL
2026-08-10T16:22:59Z,hw293,W3,NOTRUN
2026-08-10T16:22:59Z,hw293,W4,PASS
2026-08-10T16:22:59Z,hw293,W5,FAIL
2026-08-10T16:36:02Z,hw293,1,PASS
2026-08-10T16:36:02Z,hw293,10,PASS
2026-08-10T16:36:02Z,hw293,100,FAIL
2026-08-10T16:36:02Z,hw293,101,NOTRUN
2026-08-10T16:36:02Z,hw293,102,PASS
2026-08-10T16:36:02Z,hw293,103,PASS
2026-08-10T16:36:02Z,hw293,104,NOTRUN
2026-08-10T16:36:02Z,hw293,105,NOTRUN
2026-08-10T16:36:02Z,hw293,106,PASS
2026-08-10T16:36:02Z,hw293,107,NOTRUN
2026-08-10T16:36:02Z,hw293,108,NOTRUN
2026-08-10T16:36:02Z,hw293,109,NOTRUN
2026-08-10T16:36:02Z,hw293,11,PASS
2026-08-10T16:36:02Z,hw293,110,PASS
2026-08-10T16:36:02Z,hw293,111,FAIL
2026-08-10T16:36:02Z,hw293,112,PASS
2026-08-10T16:36:02Z,hw293,113,PASS
2026-08-10T16:36:02Z,hw293,114,PASS
2026-08-10T16:36:02Z,hw293,115,FAIL
2026-08-10T16:36:02Z,hw293,116,PASS
2026-08-10T16:36:02Z,hw293,117,PASS
2026-08-10T16:36:02Z,hw293,118,PASS
2026-08-10T16:36:02Z,hw293,119,PASS
2026-08-10T16:36:02Z,hw293,12,PASS
2026-08-10T16:36:02Z,hw293,120,PASS
2026-08-10T16:36:02Z,hw293,121,FAIL
2026-08-10T16:36:02Z,hw293,122,PASS
2026-08-10T16:36:02Z,hw293,123,FAIL
2026-08-10T16:36:02Z,hw293,124,PASS
2026-08-10T16:36:02Z,hw293,125,PASS
2026-08-10T16:36:02Z,hw293,126,PASS
2026-08-10T16:36:02Z,hw293,127,PASS
2026-08-10T16:36:02Z,hw293,128,PASS
2026-08-10T16:36:02Z,hw293,129,PASS
2026-08-10T16:36:02Z,hw293,13,PASS
2026-08-10T16:36:02Z,hw293,130,PASS
2026-08-10T16:36:02Z,hw293,131,PASS
2026-08-10T16:36:02Z,hw293,132,PASS
2026-08-10T16:36:02Z,hw293,133,PASS
2026-08-10T16:36:02Z,hw293,134,PASS
2026-08-10T16:36:02Z,hw293,135,PASS
2026-08-10T16:36:02Z,hw293,136,PASS
2026-08-10T16:36:02Z,hw293,137,PASS
2026-08-10T16:36:02Z,hw293,138,PASS
2026-08-10T16:36:02Z,hw293,139,PASS
2026-08-10T16:36:02Z,hw293,14,PASS
2026-08-10T16:36:02Z,hw293,140,PASS
2026-08-10T16:36:02Z,hw293,141,PASS
2026-08-10T16:36:02Z,hw293,142,PASS
2026-08-10T16:36:02Z,hw293,143,PASS
2026-08-10T16:36:02Z,hw293,144,PASS
2026-08-10T16:36:02Z,hw293,145,PASS
2026-08-10T16:36:02Z,hw293,146,PASS
2026-08-10T16:36:02Z,hw293,147,PASS
2026-08-10T16:36:02Z,hw293,148,PASS
2026-08-10T16:36:02Z,hw293,149,PASS
2026-08-10T16:36:02Z,hw293,15,FAIL
2026-08-10T16:36:02Z,hw293,150,PASS
2026-08-10T16:36:02Z,hw293,151,PASS
2026-08-10T16:36:02Z,hw293,152,PASS
2026-08-10T16:36:02Z,hw293,153,PASS
2026-08-10T16:36:02Z,hw293,154,PASS
2026-08-10T16:36:02Z,hw293,155,PASS
2026-08-10T16:36:02Z,hw293,156,PASS
2026-08-10T16:36:02Z,hw293,157,PASS
2026-08-10T16:36:02Z,hw293,158,PASS
2026-08-10T16:36:02Z,hw293,159,PASS
2026-08-10T16:36:02Z,hw293,16,NOTRUN
2026-08-10T16:36:02Z,hw293,160,FAIL
2026-08-10T16:36:02Z,hw293,161,PASS
2026-08-10T16:36:02Z,hw293,162,FAIL
2026-08-10T16:36:02Z,hw293,163,FAIL
2026-08-10T16:36:02Z,hw293,164,FAIL
2026-08-10T16:36:02Z,hw293,165,NOTRUN
2026-08-10T16:36:02Z,hw293,166,FAIL
2026-08-10T16:36:02Z,hw293,167,PASS
2026-08-10T16:36:02Z,hw293,168,PASS
2026-08-10T16:36:02Z,hw293,169,PASS
2026-08-10T16:36:02Z,hw293,17,PASS
2026-08-10T16:36:02Z,hw293,170,PASS
2026-08-10T16:36:02Z,hw293,171,PASS
2026-08-10T16:36:02Z,hw293,172,FAIL
2026-08-10T16:36:02Z,hw293,173,PASS
2026-08-10T16:36:02Z,hw293,174,NOTRUN
2026-08-10T16:36:02Z,hw293,175,PASS
2026-08-10T16:36:02Z,hw293,176,FAIL
2026-08-10T16:36:02Z,hw293,177,FAIL
2026-08-10T16:36:02Z,hw293,178,FAIL
2026-08-10T16:36:02Z,hw293,179,PASS
2026-08-10T16:36:02Z,hw293,18,PASS
2026-08-10T16:36:02Z,hw293,180,PASS
2026-08-10T16:36:02Z,hw293,181,PASS
2026-08-10T16:36:02Z,hw293,182,PASS
2026-08-10T16:36:02Z,hw293,183,FAIL
2026-08-10T16:36:02Z,hw293,184,FAIL
2026-08-10T16:36:02Z,hw293,185,PASS
2026-08-10T16:36:02Z,hw293,186,PASS
2026-08-10T16:36:02Z,hw293,187,FAIL
2026-08-10T16:36:02Z,hw293,188,FAIL
2026-08-10T16:36:02Z,hw293,189,FAIL
2026-08-10T16:36:02Z,hw293,19,FAIL
2026-08-10T16:36:02Z,hw293,190,PASS
2026-08-10T16:36:02Z,hw293,191,PASS
2026-08-10T16:36:02Z,hw293,192,FAIL
2026-08-10T16:36:02Z,hw293,193,PASS
2026-08-10T16:36:02Z,hw293,194,PASS
2026-08-10T16:36:02Z,hw293,195,FAIL
2026-08-10T16:36:02Z,hw293,196,NOTRUN
2026-08-10T16:36:02Z,hw293,197,NOTRUN
2026-08-10T16:36:02Z,hw293,198,PASS
2026-08-10T16:36:02Z,hw293,199,PASS
2026-08-10T16:36:02Z,hw293,2,PASS
2026-08-10T16:36:02Z,hw293,20,PASS
2026-08-10T16:36:02Z,hw293,200,PASS
2026-08-10T16:36:02Z,hw293,201,PASS
2026-08-10T16:36:02Z,hw293,202,PASS
2026-08-10T16:36:02Z,hw293,203,PASS
2026-08-10T16:36:02Z,hw293,204,PASS
2026-08-10T16:36:02Z,hw293,205,PASS
2026-08-10T16:36:02Z,hw293,206,FAIL
2026-08-10T16:36:02Z,hw293,207,FAIL
2026-08-10T16:36:02Z,hw293,208,FAIL
2026-08-10T16:36:02Z,hw293,209,PASS
2026-08-10T16:36:02Z,hw293,21,PASS
2026-08-10T16:36:02Z,hw293,210,PASS
2026-08-10T16:36:02Z,hw293,211,FAIL
2026-08-10T16:36:02Z,hw293,212,FAIL
2026-08-10T16:36:02Z,hw293,213,FAIL
2026-08-10T16:36:02Z,hw293,214,PASS
2026-08-10T16:36:02Z,hw293,215,PASS
2026-08-10T16:36:02Z,hw293,216,FAIL
2026-08-10T16:36:02Z,hw293,217,FAIL
2026-08-10T16:36:02Z,hw293,218,FAIL
2026-08-10T16:36:02Z,hw293,219,FAIL
2026-08-10T16:36:02Z,hw293,22,PASS
2026-08-10T16:36:02Z,hw293,220,FAIL
2026-08-10T16:36:02Z,hw293,221,FAIL
2026-08-10T16:36:02Z,hw293,222,FAIL
2026-08-10T16:36:02Z,hw293,223,FAIL
2026-08-10T16:36:02Z,hw293,224,FAIL
2026-08-10T16:36:02Z,hw293,225,FAIL
2026-08-10T16:36:02Z,hw293,226,PASS
2026-08-10T16:36:02Z,hw293,227,FAIL
2026-08-10T16:36:02Z,hw293,228,FAIL
2026-08-10T16:36:02Z,hw293,229,FAIL
2026-08-10T16:36:02Z,hw293,23,PASS
2026-08-10T16:36:02Z,hw293,230,PASS
2026-08-10T16:36:02Z,hw293,231,PASS
2026-08-10T16:36:02Z,hw293,232,FAIL
2026-08-10T16:36:02Z,hw293,233,FAIL
2026-08-10T16:36:02Z,hw293,234,FAIL
2026-08-10T16:36:02Z,hw293,235,FAIL
2026-08-10T16:36:02Z,hw293,236,FAIL
2026-08-10T16:36:02Z,hw293,237,FAIL
2026-08-10T16:36:02Z,hw293,238,FAIL
2026-08-10T16:36:02Z,hw293,239,FAIL
2026-08-10T16:36:02Z,hw293,24,PASS
2026-08-10T16:36:02Z,hw293,240,PASS
2026-08-10T16:36:02Z,hw293,241,FAIL
2026-08-10T16:36:02Z,hw293,242,PASS
2026-08-10T16:36:02Z,hw293,243,PASS
2026-08-10T16:36:02Z,hw293,25,FAIL
2026-08-10T16:36:02Z,hw293,26,PASS
2026-08-10T16:36:02Z,hw293,27,PASS
2026-08-10T16:36:02Z,hw293,28,PASS
2026-08-10T16:36:02Z,hw293,29,FAIL
2026-08-10T16:36:02Z,hw293,3,FAIL
2026-08-10T16:36:02Z,hw293,30,FAIL
2026-08-10T16:36:02Z,hw293,31,PASS
2026-08-10T16:36:02Z,hw293,32,FAIL
2026-08-10T16:36:02Z,hw293,33,FAIL
2026-08-10T16:36:02Z,hw293,34,PASS
2026-08-10T16:36:02Z,hw293,35,FAIL
2026-08-10T16:36:02Z,hw293,36,FAIL
2026-08-10T16:36:02Z,hw293,37,FAIL
2026-08-10T16:36:02Z,hw293,38,FAIL
2026-08-10T16:36:02Z,hw293,39,PASS
2026-08-10T16:36:02Z,hw293,4,FAIL
2026-08-10T16:36:02Z,hw293,40,PASS
2026-08-10T16:36:02Z,hw293,41,FAIL
2026-08-10T16:36:02Z,hw293,42,PASS
2026-08-10T16:36:02Z,hw293,43,PASS
2026-08-10T16:36:02Z,hw293,44,PASS
2026-08-10T16:36:02Z,hw293,45,PASS
2026-08-10T16:36:02Z,hw293,46,PASS
2026-08-10T16:36:02Z,hw293,47,PASS
2026-08-10T16:36:02Z,hw293,48,FAIL
2026-08-10T16:36:02Z,hw293,49,PASS
2026-08-10T16:36:02Z,hw293,5,PASS
2026-08-10T16:36:02Z,hw293,50,NOTRUN
2026-08-10T16:36:02Z,hw293,51,FAIL
2026-08-10T16:36:02Z,hw293,52,FAIL
2026-08-10T16:36:02Z,hw293,53,PASS
2026-08-10T16:36:02Z,hw293,54,PASS
2026-08-10T16:36:02Z,hw293,55,FAIL
2026-08-10T16:36:02Z,hw293,56,FAIL
2026-08-10T16:36:02Z,hw293,57,FAIL
2026-08-10T16:36:02Z,hw293,58,PASS
2026-08-10T16:36:02Z,hw293,59,FAIL
2026-08-10T16:36:02Z,hw293,6,PASS
2026-08-10T16:36:02Z,hw293,60,FAIL
2026-08-10T16:36:02Z,hw293,61,PASS
2026-08-10T16:36:02Z,hw293,62,FAIL
2026-08-10T16:36:02Z,hw293,63,FAIL
2026-08-10T16:36:02Z,hw293,64,FAIL
2026-08-10T16:36:02Z,hw293,65,FAIL
2026-08-10T16:36:02Z,hw293,66,FAIL
2026-08-10T16:36:02Z,hw293,67,FAIL
2026-08-10T16:36:02Z,hw293,68,PASS
2026-08-10T16:36:02Z,hw293,69,FAIL
2026-08-10T16:36:02Z,hw293,7,FAIL
2026-08-10T16:36:02Z,hw293,70,FAIL
2026-08-10T16:36:02Z,hw293,71,FAIL
2026-08-10T16:36:02Z,hw293,72,PASS
2026-08-10T16:36:02Z,hw293,73,PASS
2026-08-10T16:36:02Z,hw293,74,PASS
2026-08-10T16:36:02Z,hw293,75,PASS
2026-08-10T16:36:02Z,hw293,76,PASS
2026-08-10T16:36:02Z,hw293,77,PASS
2026-08-10T16:36:02Z,hw293,78,PASS
2026-08-10T16:36:02Z,hw293,79,PASS
2026-08-10T16:36:02Z,hw293,8,FAIL
2026-08-10T16:36:02Z,hw293,80,PASS
2026-08-10T16:36:02Z,hw293,81,PASS
2026-08-10T16:36:02Z,hw293,82,PASS
2026-08-10T16:36:02Z,hw293,83,PASS
2026-08-10T16:36:02Z,hw293,84,PASS
2026-08-10T16:36:02Z,hw293,85,PASS
2026-08-10T16:36:02Z,hw293,86,PASS
2026-08-10T16:36:02Z,hw293,87,FAIL
2026-08-10T16:36:02Z,hw293,88,PASS
2026-08-10T16:36:02Z,hw293,89,PASS
2026-08-10T16:36:02Z,hw293,9,PASS
2026-08-10T16:36:02Z,hw293,90,FAIL
2026-08-10T16:36:02Z,hw293,91,PASS
2026-08-10T16:36:02Z,hw293,92,PASS
2026-08-10T16:36:02Z,hw293,93,PASS
2026-08-10T16:36:02Z,hw293,94,PASS
2026-08-10T16:36:02Z,hw293,95,FAIL
2026-08-10T16:36:02Z,hw293,96,PASS
2026-08-10T16:36:02Z,hw293,97,NOTRUN
2026-08-10T16:36:02Z,hw293,98,PASS
2026-08-10T16:36:02Z,hw293,99,NOTRUN
2026-08-10T16:36:02Z,hw293,G1,FAIL
2026-08-10T16:36:02Z,hw293,G10,FAIL
2026-08-10T16:36:02Z,hw293,G11,FAIL
2026-08-10T16:36:02Z,hw293,G12,NOTRUN
2026-08-10T16:36:02Z,hw293,G2,FAIL
2026-08-10T16:36:02Z,hw293,G3,FAIL
2026-08-10T16:36:02Z,hw293,G4,PASS
2026-08-10T16:36:02Z,hw293,G5,NOTRUN
2026-08-10T16:36:02Z,hw293,G6,FAIL
2026-08-10T16:36:02Z,hw293,G7,FAIL
2026-08-10T16:36:02Z,hw293,G8,FAIL
2026-08-10T16:36:02Z,hw293,G9,FAIL
2026-08-10T16:36:02Z,hw293,M1,PASS
2026-08-10T16:36:02Z,hw293,M2,NOTRUN
2026-08-10T16:36:02Z,hw293,M3,NOTRUN
2026-08-10T16:36:02Z,hw293,M4,NOTRUN
2026-08-10T16:36:02Z,hw293,R1,NOTRUN
2026-08-10T16:36:02Z,hw293,R10,NOTRUN
2026-08-10T16:36:02Z,hw293,R11,NOTRUN
2026-08-10T16:36:02Z,hw293,R12,FAIL
2026-08-10T16:36:02Z,hw293,R13,FAIL
2026-08-10T16:36:02Z,hw293,R14,NOTRUN
2026-08-10T16:36:02Z,hw293,R15,NOTRUN
2026-08-10T16:36:02Z,hw293,R16,FAIL
2026-08-10T16:36:02Z,hw293,R17,FAIL
2026-08-10T16:36:02Z,hw293,R18,PASS
2026-08-10T16:36:02Z,hw293,R19,FAIL
2026-08-10T16:36:02Z,hw293,R2,PASS
2026-08-10T16:36:02Z,hw293,R20,PASS
2026-08-10T16:36:02Z,hw293,R21,NOTRUN
2026-08-10T16:36:02Z,hw293,R22,PASS
2026-08-10T16:36:02Z,hw293,R3,NOTRUN
2026-08-10T16:36:02Z,hw293,R4,NOTRUN
2026-08-10T16:36:02Z,hw293,R5,PASS
2026-08-10T16:36:02Z,hw293,R6,NOTRUN
2026-08-10T16:36:02Z,hw293,R7,PASS
2026-08-10T16:36:02Z,hw293,R8,NOTRUN
2026-08-10T16:36:02Z,hw293,R9,PASS
2026-08-10T16:36:02Z,hw293,W1,FAIL
2026-08-10T16:36:02Z,hw293,W2,FAIL
2026-08-10T16:36:02Z,hw293,W3,NOTRUN
2026-08-10T16:36:02Z,hw293,W4,PASS
2026-08-10T16:36:02Z,hw293,W5,FAIL
2026-08-10T17:32:54Z,hw293,1,PASS
2026-08-10T17:32:54Z,hw293,10,PASS
2026-08-10T17:32:54Z,hw293,100,FAIL
2026-08-10T17:32:54Z,hw293,101,NOTRUN
2026-08-10T17:32:54Z,hw293,102,PASS
2026-08-10T17:32:54Z,hw293,103,PASS
2026-08-10T17:32:54Z,hw293,104,NOTRUN
2026-08-10T17:32:54Z,hw293,105,NOTRUN
2026-08-10T17:32:54Z,hw293,106,PASS
2026-08-10T17:32:54Z,hw293,107,NOTRUN
2026-08-10T17:32:54Z,hw293,108,NOTRUN
2026-08-10T17:32:54Z,hw293,109,NOTRUN
2026-08-10T17:32:54Z,hw293,11,PASS
2026-08-10T17:32:54Z,hw293,110,PASS
2026-08-10T17:32:54Z,hw293,111,FAIL
2026-08-10T17:32:54Z,hw293,112,PASS
2026-08-10T17:32:54Z,hw293,113,PASS
2026-08-10T17:32:54Z,hw293,114,PASS
2026-08-10T17:32:54Z,hw293,115,FAIL
2026-08-10T17:32:54Z,hw293,116,PASS
2026-08-10T17:32:54Z,hw293,117,PASS
2026-08-10T17:32:54Z,hw293,118,PASS
2026-08-10T17:32:54Z,hw293,119,PASS
2026-08-10T17:32:54Z,hw293,12,PASS
2026-08-10T17:32:54Z,hw293,120,PASS
2026-08-10T17:32:54Z,hw293,121,FAIL
2026-08-10T17:32:54Z,hw293,122,PASS
2026-08-10T17:32:54Z,hw293,123,PASS
2026-08-10T17:32:54Z,hw293,124,PASS
2026-08-10T17:32:54Z,hw293,125,PASS
2026-08-10T17:32:54Z,hw293,126,PASS
2026-08-10T17:32:54Z,hw293,127,PASS
2026-08-10T17:32:54Z,hw293,128,PASS
2026-08-10T17:32:54Z,hw293,129,PASS
2026-08-10T17:32:54Z,hw293,13,PASS
2026-08-10T17:32:54Z,hw293,130,PASS
2026-08-10T17:32:54Z,hw293,131,PASS
2026-08-10T17:32:54Z,hw293,132,PASS
2026-08-10T17:32:54Z,hw293,133,PASS
2026-08-10T17:32:54Z,hw293,134,PASS
2026-08-10T17:32:54Z,hw293,135,PASS
2026-08-10T17:32:54Z,hw293,136,PASS
2026-08-10T17:32:54Z,hw293,137,PASS
2026-08-10T17:32:54Z,hw293,138,PASS
2026-08-10T17:32:54Z,hw293,139,PASS
2026-08-10T17:32:54Z,hw293,14,PASS
2026-08-10T17:32:54Z,hw293,140,PASS
2026-08-10T17:32:54Z,hw293,141,PASS
2026-08-10T17:32:54Z,hw293,142,PASS
2026-08-10T17:32:54Z,hw293,143,PASS
2026-08-10T17:32:54Z,hw293,144,PASS
2026-08-10T17:32:54Z,hw293,145,PASS
2026-08-10T17:32:54Z,hw293,146,PASS
2026-08-10T17:32:54Z,hw293,147,PASS
2026-08-10T17:32:54Z,hw293,148,PASS
2026-08-10T17:32:54Z,hw293,149,PASS
2026-08-10T17:32:54Z,hw293,15,FAIL
2026-08-10T17:32:54Z,hw293,150,PASS
2026-08-10T17:32:54Z,hw293,151,PASS
2026-08-10T17:32:54Z,hw293,152,PASS
2026-08-10T17:32:54Z,hw293,153,PASS
2026-08-10T17:32:54Z,hw293,154,PASS
2026-08-10T17:32:54Z,hw293,155,PASS
2026-08-10T17:32:54Z,hw293,156,PASS
2026-08-10T17:32:54Z,hw293,157,PASS
2026-08-10T17:32:54Z,hw293,158,PASS
2026-08-10T17:32:54Z,hw293,159,PASS
2026-08-10T17:32:54Z,hw293,16,NOTRUN
2026-08-10T17:32:54Z,hw293,160,FAIL
2026-08-10T17:32:54Z,hw293,161,PASS
2026-08-10T17:32:54Z,hw293,162,FAIL
2026-08-10T17:32:54Z,hw293,163,FAIL
2026-08-10T17:32:54Z,hw293,164,FAIL
2026-08-10T17:32:54Z,hw293,165,NOTRUN
2026-08-10T17:32:54Z,hw293,166,FAIL
2026-08-10T17:32:54Z,hw293,167,PASS
2026-08-10T17:32:54Z,hw293,168,PASS
2026-08-10T17:32:54Z,hw293,169,PASS
2026-08-10T17:32:54Z,hw293,17,PASS
2026-08-10T17:32:54Z,hw293,170,PASS
2026-08-10T17:32:54Z,hw293,171,PASS
2026-08-10T17:32:54Z,hw293,172,FAIL
2026-08-10T17:32:54Z,hw293,173,PASS
2026-08-10T17:32:54Z,hw293,174,NOTRUN
2026-08-10T17:32:54Z,hw293,175,PASS
2026-08-10T17:32:54Z,hw293,176,FAIL
2026-08-10T17:32:54Z,hw293,177,FAIL
2026-08-10T17:32:54Z,hw293,178,PASS
2026-08-10T17:32:54Z,hw293,179,PASS
2026-08-10T17:32:54Z,hw293,18,PASS
2026-08-10T17:32:54Z,hw293,180,PASS
2026-08-10T17:32:54Z,hw293,181,PASS
2026-08-10T17:32:54Z,hw293,182,PASS
2026-08-10T17:32:54Z,hw293,183,FAIL
2026-08-10T17:32:54Z,hw293,184,FAIL
2026-08-10T17:32:54Z,hw293,185,PASS
2026-08-10T17:32:54Z,hw293,186,PASS
2026-08-10T17:32:54Z,hw293,187,FAIL
2026-08-10T17:32:54Z,hw293,188,FAIL
2026-08-10T17:32:54Z,hw293,189,FAIL
2026-08-10T17:32:54Z,hw293,19,FAIL
2026-08-10T17:32:54Z,hw293,190,PASS
2026-08-10T17:32:54Z,hw293,191,PASS
2026-08-10T17:32:54Z,hw293,192,FAIL
2026-08-10T17:32:54Z,hw293,193,PASS
2026-08-10T17:32:54Z,hw293,194,PASS
2026-08-10T17:32:54Z,hw293,195,FAIL
2026-08-10T17:32:54Z,hw293,196,NOTRUN
2026-08-10T17:32:54Z,hw293,197,NOTRUN
2026-08-10T17:32:54Z,hw293,198,PASS
2026-08-10T17:32:54Z,hw293,199,PASS
2026-08-10T17:32:54Z,hw293,2,PASS
2026-08-10T17:32:54Z,hw293,20,PASS
2026-08-10T17:32:54Z,hw293,200,PASS
2026-08-10T17:32:54Z,hw293,201,PASS
2026-08-10T17:32:54Z,hw293,202,PASS
2026-08-10T17:32:54Z,hw293,203,PASS
2026-08-10T17:32:54Z,hw293,204,PASS
2026-08-10T17:32:54Z,hw293,205,PASS
2026-08-10T17:32:54Z,hw293,206,FAIL
2026-08-10T17:32:54Z,hw293,207,FAIL
2026-08-10T17:32:54Z,hw293,208,FAIL
2026-08-10T17:32:54Z,hw293,209,PASS
2026-08-10T17:32:54Z,hw293,21,PASS
2026-08-10T17:32:54Z,hw293,210,PASS
2026-08-10T17:32:54Z,hw293,211,FAIL
2026-08-10T17:32:54Z,hw293,212,FAIL
2026-08-10T17:32:54Z,hw293,213,FAIL
2026-08-10T17:32:54Z,hw293,214,PASS
2026-08-10T17:32:54Z,hw293,215,PASS
2026-08-10T17:32:54Z,hw293,216,FAIL
2026-08-10T17:32:54Z,hw293,217,FAIL
2026-08-10T17:32:54Z,hw293,218,FAIL
2026-08-10T17:32:54Z,hw293,219,FAIL
2026-08-10T17:32:54Z,hw293,22,PASS
2026-08-10T17:32:54Z,hw293,220,FAIL
2026-08-10T17:32:54Z,hw293,221,FAIL
2026-08-10T17:32:54Z,hw293,222,FAIL
2026-08-10T17:32:54Z,hw293,223,FAIL
2026-08-10T17:32:54Z,hw293,224,FAIL
2026-08-10T17:32:54Z,hw293,225,FAIL
2026-08-10T17:32:54Z,hw293,226,PASS
2026-08-10T17:32:54Z,hw293,227,FAIL
2026-08-10T17:32:54Z,hw293,228,FAIL
2026-08-10T17:32:54Z,hw293,229,FAIL
2026-08-10T17:32:54Z,hw293,23,PASS
2026-08-10T17:32:54Z,hw293,230,PASS
2026-08-10T17:32:54Z,hw293,231,PASS
2026-08-10T17:32:54Z,hw293,232,FAIL
2026-08-10T17:32:54Z,hw293,233,FAIL
2026-08-10T17:32:54Z,hw293,234,FAIL
2026-08-10T17:32:54Z,hw293,235,FAIL
2026-08-10T17:32:54Z,hw293,236,FAIL
2026-08-10T17:32:54Z,hw293,237,FAIL
2026-08-10T17:32:54Z,hw293,238,FAIL
2026-08-10T17:32:54Z,hw293,239,FAIL
2026-08-10T17:32:54Z,hw293,24,PASS
2026-08-10T17:32:54Z,hw293,240,PASS
2026-08-10T17:32:54Z,hw293,241,FAIL
2026-08-10T17:32:54Z,hw293,242,PASS
2026-08-10T17:32:54Z,hw293,243,PASS
2026-08-10T17:32:54Z,hw293,25,FAIL
2026-08-10T17:32:54Z,hw293,26,PASS
2026-08-10T17:32:54Z,hw293,27,PASS
2026-08-10T17:32:54Z,hw293,28,PASS
2026-08-10T17:32:54Z,hw293,29,FAIL
2026-08-10T17:32:54Z,hw293,3,FAIL
2026-08-10T17:32:54Z,hw293,30,FAIL
2026-08-10T17:32:54Z,hw293,31,PASS
2026-08-10T17:32:54Z,hw293,32,FAIL
2026-08-10T17:32:54Z,hw293,33,FAIL
2026-08-10T17:32:54Z,hw293,34,PASS
2026-08-10T17:32:54Z,hw293,35,FAIL
2026-08-10T17:32:54Z,hw293,36,FAIL
2026-08-10T17:32:54Z,hw293,37,FAIL
2026-08-10T17:32:54Z,hw293,38,FAIL
2026-08-10T17:32:54Z,hw293,39,PASS
2026-08-10T17:32:54Z,hw293,4,FAIL
2026-08-10T17:32:54Z,hw293,40,PASS
2026-08-10T17:32:54Z,hw293,41,PASS
2026-08-10T17:32:54Z,hw293,42,PASS
2026-08-10T17:32:54Z,hw293,43,PASS
2026-08-10T17:32:54Z,hw293,44,PASS
2026-08-10T17:32:54Z,hw293,45,PASS
2026-08-10T17:32:54Z,hw293,46,PASS
2026-08-10T17:32:54Z,hw293,47,PASS
2026-08-10T17:32:54Z,hw293,48,FAIL
2026-08-10T17:32:54Z,hw293,49,PASS
2026-08-10T17:32:54Z,hw293,5,PASS
2026-08-10T17:32:54Z,hw293,50,NOTRUN
2026-08-10T17:32:54Z,hw293,51,FAIL
2026-08-10T17:32:54Z,hw293,52,FAIL
2026-08-10T17:32:54Z,hw293,53,PASS
2026-08-10T17:32:54Z,hw293,54,PASS
2026-08-10T17:32:54Z,hw293,55,FAIL
2026-08-10T17:32:54Z,hw293,56,FAIL
2026-08-10T17:32:54Z,hw293,57,FAIL
2026-08-10T17:32:54Z,hw293,58,PASS
2026-08-10T17:32:54Z,hw293,59,FAIL
2026-08-10T17:32:54Z,hw293,6,PASS
2026-08-10T17:32:54Z,hw293,60,FAIL
2026-08-10T17:32:54Z,hw293,61,PASS
2026-08-10T17:32:54Z,hw293,62,FAIL
2026-08-10T17:32:54Z,hw293,63,FAIL
2026-08-10T17:32:54Z,hw293,64,FAIL
2026-08-10T17:32:54Z,hw293,65,FAIL
2026-08-10T17:32:54Z,hw293,66,FAIL
2026-08-10T17:32:54Z,hw293,67,FAIL
2026-08-10T17:32:54Z,hw293,68,PASS
2026-08-10T17:32:54Z,hw293,69,FAIL
2026-08-10T17:32:54Z,hw293,7,FAIL
2026-08-10T17:32:54Z,hw293,70,FAIL
2026-08-10T17:32:54Z,hw293,71,FAIL
2026-08-10T17:32:54Z,hw293,72,PASS
2026-08-10T17:32:54Z,hw293,73,PASS
2026-08-10T17:32:54Z,hw293,74,PASS
2026-08-10T17:32:54Z,hw293,75,PASS
2026-08-10T17:32:54Z,hw293,76,PASS
2026-08-10T17:32:54Z,hw293,77,PASS
2026-08-10T17:32:54Z,hw293,78,PASS
2026-08-10T17:32:54Z,hw293,79,PASS
2026-08-10T17:32:54Z,hw293,8,FAIL
2026-08-10T17:32:54Z,hw293,80,PASS
2026-08-10T17:32:54Z,hw293,81,PASS
2026-08-10T17:32:54Z,hw293,82,PASS
2026-08-10T17:32:54Z,hw293,83,PASS
2026-08-10T17:32:54Z,hw293,84,PASS
2026-08-10T17:32:54Z,hw293,85,PASS
2026-08-10T17:32:54Z,hw293,86,PASS
2026-08-10T17:32:54Z,hw293,87,FAIL
2026-08-10T17:32:54Z,hw293,88,PASS
2026-08-10T17:32:54Z,hw293,89,PASS
2026-08-10T17:32:54Z,hw293,9,PASS
2026-08-10T17:32:54Z,hw293,90,FAIL
2026-08-10T17:32:54Z,hw293,91,PASS
2026-08-10T17:32:54Z,hw293,92,PASS
2026-08-10T17:32:54Z,hw293,93,PASS
2026-08-10T17:32:54Z,hw293,94,PASS
2026-08-10T17:32:54Z,hw293,95,FAIL
2026-08-10T17:32:54Z,hw293,96,PASS
2026-08-10T17:32:54Z,hw293,97,NOTRUN
2026-08-10T17:32:54Z,hw293,98,PASS
2026-08-10T17:32:54Z,hw293,99,PASS
2026-08-10T17:32:54Z,hw293,G1,FAIL
2026-08-10T17:32:54Z,hw293,G10,FAIL
2026-08-10T17:32:54Z,hw293,G11,FAIL
2026-08-10T17:32:54Z,hw293,G12,NOTRUN
2026-08-10T17:32:54Z,hw293,G2,FAIL
2026-08-10T17:32:54Z,hw293,G3,FAIL
2026-08-10T17:32:54Z,hw293,G4,PASS
2026-08-10T17:32:54Z,hw293,G5,PASS
2026-08-10T17:32:54Z,hw293,G6,FAIL
2026-08-10T17:32:54Z,hw293,G7,FAIL
2026-08-10T17:32:54Z,hw293,G8,FAIL
2026-08-10T17:32:54Z,hw293,G9,FAIL
2026-08-10T17:32:54Z,hw293,M1,PASS
2026-08-10T17:32:54Z,hw293,M2,PASS
2026-08-10T17:32:54Z,hw293,M3,PASS
2026-08-10T17:32:54Z,hw293,M4,NOTRUN
2026-08-10T17:32:54Z,hw293,R1,PASS
2026-08-10T17:32:54Z,hw293,R10,PASS
2026-08-10T17:32:54Z,hw293,R11,NOTRUN
2026-08-10T17:32:54Z,hw293,R12,FAIL
2026-08-10T17:32:54Z,hw293,R13,FAIL
2026-08-10T17:32:54Z,hw293,R14,PASS
2026-08-10T17:32:54Z,hw293,R15,PASS
2026-08-10T17:32:54Z,hw293,R16,FAIL
2026-08-10T17:32:54Z,hw293,R17,FAIL
2026-08-10T17:32:54Z,hw293,R18,PASS
2026-08-10T17:32:54Z,hw293,R19,FAIL
2026-08-10T17:32:54Z,hw293,R2,PASS
2026-08-10T17:32:54Z,hw293,R20,PASS
2026-08-10T17:32:54Z,hw293,R21,FAIL
2026-08-10T17:32:54Z,hw293,R22,PASS
2026-08-10T17:32:54Z,hw293,R3,PASS
2026-08-10T17:32:54Z,hw293,R4,PASS
2026-08-10T17:32:54Z,hw293,R5,PASS
2026-08-10T17:32:54Z,hw293,R6,PASS
2026-08-10T17:32:54Z,hw293,R7,PASS
2026-08-10T17:32:54Z,hw293,R8,PASS
2026-08-10T17:32:54Z,hw293,R9,PASS
2026-08-10T17:32:54Z,hw293,W1,FAIL
2026-08-10T17:32:54Z,hw293,W2,FAIL
2026-08-10T17:32:54Z,hw293,W3,NOTRUN
2026-08-10T17:32:54Z,hw293,W4,PASS
2026-08-10T17:32:54Z,hw293,W5,FAIL
2026-08-10T17:50:20Z,hw293,1,PASS
2026-08-10T17:50:20Z,hw293,10,PASS
2026-08-10T17:50:20Z,hw293,100,FAIL
2026-08-10T17:50:20Z,hw293,101,NOTRUN
2026-08-10T17:50:20Z,hw293,102,PASS
2026-08-10T17:50:20Z,hw293,103,PASS
2026-08-10T17:50:20Z,hw293,104,NOTRUN
2026-08-10T17:50:20Z,hw293,105,NOTRUN
2026-08-10T17:50:20Z,hw293,106,PASS
2026-08-10T17:50:20Z,hw293,107,NOTRUN
2026-08-10T17:50:20Z,hw293,108,NOTRUN
2026-08-10T17:50:20Z,hw293,109,FAIL
2026-08-10T17:50:20Z,hw293,11,PASS
2026-08-10T17:50:20Z,hw293,110,PASS
2026-08-10T17:50:20Z,hw293,111,FAIL
2026-08-10T17:50:20Z,hw293,112,PASS
2026-08-10T17:50:20Z,hw293,113,PASS
2026-08-10T17:50:20Z,hw293,114,PASS
2026-08-10T17:50:20Z,hw293,115,FAIL
2026-08-10T17:50:20Z,hw293,116,PASS
2026-08-10T17:50:20Z,hw293,117,PASS
2026-08-10T17:50:20Z,hw293,118,PASS
2026-08-10T17:50:20Z,hw293,119,PASS
2026-08-10T17:50:20Z,hw293,12,PASS
2026-08-10T17:50:20Z,hw293,120,PASS
2026-08-10T17:50:20Z,hw293,121,PASS
2026-08-10T17:50:20Z,hw293,122,PASS
2026-08-10T17:50:20Z,hw293,123,PASS
2026-08-10T17:50:20Z,hw293,124,PASS
2026-08-10T17:50:20Z,hw293,125,PASS
2026-08-10T17:50:20Z,hw293,126,PASS
2026-08-10T17:50:20Z,hw293,127,PASS
2026-08-10T17:50:20Z,hw293,128,PASS
2026-08-10T17:50:20Z,hw293,129,PASS
2026-08-10T17:50:20Z,hw293,13,PASS
2026-08-10T17:50:20Z,hw293,130,PASS
2026-08-10T17:50:20Z,hw293,131,PASS
2026-08-10T17:50:20Z,hw293,132,PASS
2026-08-10T17:50:20Z,hw293,133,PASS
2026-08-10T17:50:20Z,hw293,134,PASS
2026-08-10T17:50:20Z,hw293,135,PASS
2026-08-10T17:50:20Z,hw293,136,PASS
2026-08-10T17:50:20Z,hw293,137,PASS
2026-08-10T17:50:20Z,hw293,138,PASS
2026-08-10T17:50:20Z,hw293,139,PASS
2026-08-10T17:50:20Z,hw293,14,PASS
2026-08-10T17:50:20Z,hw293,140,PASS
2026-08-10T17:50:20Z,hw293,141,PASS
2026-08-10T17:50:20Z,hw293,142,PASS
2026-08-10T17:50:20Z,hw293,143,PASS
2026-08-10T17:50:20Z,hw293,144,PASS
2026-08-10T17:50:20Z,hw293,145,PASS
2026-08-10T17:50:20Z,hw293,146,PASS
2026-08-10T17:50:20Z,hw293,147,PASS
2026-08-10T17:50:20Z,hw293,148,PASS
2026-08-10T17:50:20Z,hw293,149,PASS
2026-08-10T17:50:20Z,hw293,15,FAIL
2026-08-10T17:50:20Z,hw293,150,PASS
2026-08-10T17:50:20Z,hw293,151,PASS
2026-08-10T17:50:20Z,hw293,152,PASS
2026-08-10T17:50:20Z,hw293,153,PASS
2026-08-10T17:50:20Z,hw293,154,PASS
2026-08-10T17:50:20Z,hw293,155,PASS
2026-08-10T17:50:20Z,hw293,156,PASS
2026-08-10T17:50:20Z,hw293,157,PASS
2026-08-10T17:50:20Z,hw293,158,PASS
2026-08-10T17:50:20Z,hw293,159,PASS
2026-08-10T17:50:20Z,hw293,16,FAIL
2026-08-10T17:50:20Z,hw293,160,FAIL
2026-08-10T17:50:20Z,hw293,161,PASS
2026-08-10T17:50:20Z,hw293,162,FAIL
2026-08-10T17:50:20Z,hw293,163,FAIL
2026-08-10T17:50:20Z,hw293,164,FAIL
2026-08-10T17:50:20Z,hw293,165,NOTRUN
2026-08-10T17:50:20Z,hw293,166,FAIL
2026-08-10T17:50:20Z,hw293,167,PASS
2026-08-10T17:50:20Z,hw293,168,PASS
2026-08-10T17:50:20Z,hw293,169,PASS
2026-08-10T17:50:20Z,hw293,17,PASS
2026-08-10T17:50:20Z,hw293,170,PASS
2026-08-10T17:50:20Z,hw293,171,PASS
2026-08-10T17:50:20Z,hw293,172,FAIL
2026-08-10T17:50:20Z,hw293,173,PASS
2026-08-10T17:50:20Z,hw293,174,NOTRUN
2026-08-10T17:50:20Z,hw293,175,PASS
2026-08-10T17:50:20Z,hw293,176,FAIL
2026-08-10T17:50:20Z,hw293,177,FAIL
2026-08-10T17:50:20Z,hw293,178,PASS
2026-08-10T17:50:20Z,hw293,179,PASS
2026-08-10T17:50:20Z,hw293,18,PASS
2026-08-10T17:50:20Z,hw293,180,PASS
2026-08-10T17:50:20Z,hw293,181,PASS
2026-08-10T17:50:20Z,hw293,182,PASS
2026-08-10T17:50:20Z,hw293,183,FAIL
2026-08-10T17:50:20Z,hw293,184,FAIL
2026-08-10T17:50:20Z,hw293,185,PASS
2026-08-10T17:50:20Z,hw293,186,PASS
2026-08-10T17:50:20Z,hw293,187,FAIL
2026-08-10T17:50:20Z,hw293,188,FAIL
2026-08-10T17:50:20Z,hw293,189,FAIL
2026-08-10T17:50:20Z,hw293,19,FAIL
2026-08-10T17:50:20Z,hw293,190,PASS
2026-08-10T17:50:20Z,hw293,191,PASS
2026-08-10T17:50:20Z,hw293,192,PASS
2026-08-10T17:50:20Z,hw293,193,PASS
2026-08-10T17:50:20Z,hw293,194,PASS
2026-08-10T17:50:20Z,hw293,195,PASS
2026-08-10T17:50:20Z,hw293,196,NOTRUN
2026-08-10T17:50:20Z,hw293,197,NOTRUN
2026-08-10T17:50:20Z,hw293,198,PASS
2026-08-10T17:50:20Z,hw293,199,PASS
2026-08-10T17:50:20Z,hw293,2,PASS
2026-08-10T17:50:20Z,hw293,20,PASS
2026-08-10T17:50:20Z,hw293,200,PASS
2026-08-10T17:50:20Z,hw293,201,PASS
2026-08-10T17:50:20Z,hw293,202,PASS
2026-08-10T17:50:20Z,hw293,203,PASS
2026-08-10T17:50:20Z,hw293,204,PASS
2026-08-10T17:50:20Z,hw293,205,PASS
2026-08-10T17:50:20Z,hw293,206,FAIL
2026-08-10T17:50:20Z,hw293,207,FAIL
2026-08-10T17:50:20Z,hw293,208,FAIL
2026-08-10T17:50:20Z,hw293,209,PASS
2026-08-10T17:50:20Z,hw293,21,PASS
2026-08-10T17:50:20Z,hw293,210,PASS
2026-08-10T17:50:20Z,hw293,211,FAIL
2026-08-10T17:50:20Z,hw293,212,FAIL
2026-08-10T17:50:20Z,hw293,213,FAIL
2026-08-10T17:50:20Z,hw293,214,PASS
2026-08-10T17:50:20Z,hw293,215,PASS
2026-08-10T17:50:20Z,hw293,216,FAIL
2026-08-10T17:50:20Z,hw293,217,FAIL
2026-08-10T17:50:20Z,hw293,218,FAIL
2026-08-10T17:50:20Z,hw293,219,FAIL
2026-08-10T17:50:20Z,hw293,22,PASS
2026-08-10T17:50:20Z,hw293,220,FAIL
2026-08-10T17:50:20Z,hw293,221,FAIL
2026-08-10T17:50:20Z,hw293,222,FAIL
2026-08-10T17:50:20Z,hw293,223,FAIL
2026-08-10T17:50:20Z,hw293,224,FAIL
2026-08-10T17:50:20Z,hw293,225,FAIL
2026-08-10T17:50:20Z,hw293,226,PASS
2026-08-10T17:50:20Z,hw293,227,FAIL
2026-08-10T17:50:20Z,hw293,228,FAIL
2026-08-10T17:50:20Z,hw293,229,FAIL
2026-08-10T17:50:20Z,hw293,23,PASS
2026-08-10T17:50:20Z,hw293,230,PASS
2026-08-10T17:50:20Z,hw293,231,PASS
2026-08-10T17:50:20Z,hw293,232,FAIL
2026-08-10T17:50:20Z,hw293,233,FAIL
2026-08-10T17:50:20Z,hw293,234,FAIL
2026-08-10T17:50:20Z,hw293,235,FAIL
2026-08-10T17:50:20Z,hw293,236,FAIL
2026-08-10T17:50:20Z,hw293,237,FAIL
2026-08-10T17:50:20Z,hw293,238,FAIL
2026-08-10T17:50:20Z,hw293,239,FAIL
2026-08-10T17:50:20Z,hw293,24,PASS
2026-08-10T17:50:20Z,hw293,240,PASS
2026-08-10T17:50:20Z,hw293,241,FAIL
2026-08-10T17:50:20Z,hw293,242,PASS
2026-08-10T17:50:20Z,hw293,243,PASS
2026-08-10T17:50:20Z,hw293,25,FAIL
2026-08-10T17:50:20Z,hw293,26,PASS
2026-08-10T17:50:20Z,hw293,27,PASS
2026-08-10T17:50:20Z,hw293,28,PASS
2026-08-10T17:50:20Z,hw293,29,FAIL
2026-08-10T17:50:20Z,hw293,3,FAIL
2026-08-10T17:50:20Z,hw293,30,FAIL
2026-08-10T17:50:20Z,hw293,31,PASS
2026-08-10T17:50:20Z,hw293,32,FAIL
2026-08-10T17:50:20Z,hw293,33,FAIL
2026-08-10T17:50:20Z,hw293,34,PASS
2026-08-10T17:50:20Z,hw293,35,FAIL
2026-08-10T17:50:20Z,hw293,36,FAIL
2026-08-10T17:50:20Z,hw293,37,FAIL
2026-08-10T17:50:20Z,hw293,38,FAIL
2026-08-10T17:50:20Z,hw293,39,PASS
2026-08-10T17:50:20Z,hw293,4,FAIL
2026-08-10T17:50:20Z,hw293,40,PASS
2026-08-10T17:50:20Z,hw293,41,PASS
2026-08-10T17:50:20Z,hw293,42,PASS
2026-08-10T17:50:20Z,hw293,43,PASS
2026-08-10T17:50:20Z,hw293,44,PASS
2026-08-10T17:50:20Z,hw293,45,PASS
2026-08-10T17:50:20Z,hw293,46,PASS
2026-08-10T17:50:20Z,hw293,47,PASS
2026-08-10T17:50:20Z,hw293,48,PASS
2026-08-10T17:50:20Z,hw293,49,PASS
2026-08-10T17:50:20Z,hw293,5,PASS
2026-08-10T17:50:20Z,hw293,50,NOTRUN
2026-08-10T17:50:20Z,hw293,51,FAIL
2026-08-10T17:50:20Z,hw293,52,FAIL
2026-08-10T17:50:20Z,hw293,53,PASS
2026-08-10T17:50:20Z,hw293,54,PASS
2026-08-10T17:50:20Z,hw293,55,FAIL
2026-08-10T17:50:20Z,hw293,56,FAIL
2026-08-10T17:50:20Z,hw293,57,FAIL
2026-08-10T17:50:20Z,hw293,58,PASS
2026-08-10T17:50:20Z,hw293,59,FAIL
2026-08-10T17:50:20Z,hw293,6,PASS
2026-08-10T17:50:20Z,hw293,60,FAIL
2026-08-10T17:50:20Z,hw293,61,PASS
2026-08-10T17:50:20Z,hw293,62,FAIL
2026-08-10T17:50:20Z,hw293,63,FAIL
2026-08-10T17:50:20Z,hw293,64,FAIL
2026-08-10T17:50:20Z,hw293,65,FAIL
2026-08-10T17:50:20Z,hw293,66,FAIL
2026-08-10T17:50:20Z,hw293,67,FAIL
2026-08-10T17:50:20Z,hw293,68,PASS
2026-08-10T17:50:20Z,hw293,69,FAIL
2026-08-10T17:50:20Z,hw293,7,FAIL
2026-08-10T17:50:20Z,hw293,70,FAIL
2026-08-10T17:50:20Z,hw293,71,FAIL
2026-08-10T17:50:20Z,hw293,72,PASS
2026-08-10T17:50:20Z,hw293,73,PASS
2026-08-10T17:50:20Z,hw293,74,PASS
2026-08-10T17:50:20Z,hw293,75,PASS
2026-08-10T17:50:20Z,hw293,76,PASS
2026-08-10T17:50:20Z,hw293,77,PASS
2026-08-10T17:50:20Z,hw293,78,PASS
2026-08-10T17:50:20Z,hw293,79,PASS
2026-08-10T17:50:20Z,hw293,8,FAIL
2026-08-10T17:50:20Z,hw293,80,PASS
2026-08-10T17:50:20Z,hw293,81,PASS
2026-08-10T17:50:20Z,hw293,82,PASS
2026-08-10T17:50:20Z,hw293,83,PASS
2026-08-10T17:50:20Z,hw293,84,PASS
2026-08-10T17:50:20Z,hw293,85,PASS
2026-08-10T17:50:20Z,hw293,86,PASS
2026-08-10T17:50:20Z,hw293,87,FAIL
2026-08-10T17:50:20Z,hw293,88,PASS
2026-08-10T17:50:20Z,hw293,89,PASS
2026-08-10T17:50:20Z,hw293,9,PASS
2026-08-10T17:50:20Z,hw293,90,FAIL
2026-08-10T17:50:20Z,hw293,91,PASS
2026-08-10T17:50:20Z,hw293,92,PASS
2026-08-10T17:50:20Z,hw293,93,PASS
2026-08-10T17:50:20Z,hw293,94,PASS
2026-08-10T17:50:20Z,hw293,95,FAIL
2026-08-10T17:50:20Z,hw293,96,PASS
2026-08-10T17:50:20Z,hw293,97,NOTRUN
2026-08-10T17:50:20Z,hw293,98,PASS
2026-08-10T17:50:20Z,hw293,99,PASS
2026-08-10T17:50:20Z,hw293,G1,FAIL
2026-08-10T17:50:20Z,hw293,G10,FAIL
2026-08-10T17:50:20Z,hw293,G11,FAIL
2026-08-10T17:50:20Z,hw293,G12,NOTRUN
2026-08-10T17:50:20Z,hw293,G2,FAIL
2026-08-10T17:50:20Z,hw293,G3,FAIL
2026-08-10T17:50:20Z,hw293,G4,PASS
2026-08-10T17:50:20Z,hw293,G5,PASS
2026-08-10T17:50:20Z,hw293,G6,FAIL
2026-08-10T17:50:20Z,hw293,G7,FAIL
2026-08-10T17:50:20Z,hw293,G8,FAIL
2026-08-10T17:50:20Z,hw293,G9,FAIL
2026-08-10T17:50:20Z,hw293,M1,PASS
2026-08-10T17:50:20Z,hw293,M2,PASS
2026-08-10T17:50:20Z,hw293,M3,PASS
2026-08-10T17:50:20Z,hw293,M4,NOTRUN
2026-08-10T17:50:20Z,hw293,R1,PASS
2026-08-10T17:50:20Z,hw293,R10,PASS
2026-08-10T17:50:20Z,hw293,R11,NOTRUN
2026-08-10T17:50:20Z,hw293,R12,FAIL
2026-08-10T17:50:20Z,hw293,R13,FAIL
2026-08-10T17:50:20Z,hw293,R14,PASS
2026-08-10T17:50:20Z,hw293,R15,PASS
2026-08-10T17:50:20Z,hw293,R16,FAIL
2026-08-10T17:50:20Z,hw293,R17,FAIL
2026-08-10T17:50:20Z,hw293,R18,PASS
2026-08-10T17:50:20Z,hw293,R19,FAIL
2026-08-10T17:50:20Z,hw293,R2,PASS
2026-08-10T17:50:20Z,hw293,R20,PASS
2026-08-10T17:50:20Z,hw293,R21,FAIL
2026-08-10T17:50:20Z,hw293,R22,PASS
2026-08-10T17:50:20Z,hw293,R3,PASS
2026-08-10T17:50:20Z,hw293,R4,PASS
2026-08-10T17:50:20Z,hw293,R5,PASS
2026-08-10T17:50:20Z,hw293,R6,PASS
2026-08-10T17:50:20Z,hw293,R7,PASS
2026-08-10T17:50:20Z,hw293,R8,PASS
2026-08-10T17:50:20Z,hw293,R9,PASS
2026-08-10T17:50:20Z,hw293,W1,FAIL
2026-08-10T17:50:20Z,hw293,W2,FAIL
2026-08-10T17:50:20Z,hw293,W3,NOTRUN
2026-08-10T17:50:20Z,hw293,W4,PASS
2026-08-10T17:50:20Z,hw293,W5,FAIL
2026-08-10T17:58:22Z,hw293,1,PASS
2026-08-10T17:58:22Z,hw293,10,PASS
2026-08-10T17:58:22Z,hw293,100,FAIL
2026-08-10T17:58:22Z,hw293,101,NOTRUN
2026-08-10T17:58:22Z,hw293,102,PASS
2026-08-10T17:58:22Z,hw293,103,PASS
2026-08-10T17:58:22Z,hw293,104,NOTRUN
2026-08-10T17:58:22Z,hw293,105,NOTRUN
2026-08-10T17:58:22Z,hw293,106,PASS
2026-08-10T17:58:22Z,hw293,107,FAIL
2026-08-10T17:58:22Z,hw293,108,NOTRUN
2026-08-10T17:58:22Z,hw293,109,FAIL
2026-08-10T17:58:22Z,hw293,11,PASS
2026-08-10T17:58:22Z,hw293,110,PASS
2026-08-10T17:58:22Z,hw293,111,FAIL
2026-08-10T17:58:22Z,hw293,112,PASS
2026-08-10T17:58:22Z,hw293,113,PASS
2026-08-10T17:58:22Z,hw293,114,PASS
2026-08-10T17:58:22Z,hw293,115,FAIL
2026-08-10T17:58:22Z,hw293,116,PASS
2026-08-10T17:58:22Z,hw293,117,PASS
2026-08-10T17:58:22Z,hw293,118,PASS
2026-08-10T17:58:22Z,hw293,119,PASS
2026-08-10T17:58:22Z,hw293,12,PASS
2026-08-10T17:58:22Z,hw293,120,PASS
2026-08-10T17:58:22Z,hw293,121,PASS
2026-08-10T17:58:22Z,hw293,122,PASS
2026-08-10T17:58:22Z,hw293,123,PASS
2026-08-10T17:58:22Z,hw293,124,PASS
2026-08-10T17:58:22Z,hw293,125,PASS
2026-08-10T17:58:22Z,hw293,126,PASS
2026-08-10T17:58:22Z,hw293,127,PASS
2026-08-10T17:58:22Z,hw293,128,PASS
2026-08-10T17:58:22Z,hw293,129,PASS
2026-08-10T17:58:22Z,hw293,13,PASS
2026-08-10T17:58:22Z,hw293,130,PASS
2026-08-10T17:58:22Z,hw293,131,PASS
2026-08-10T17:58:22Z,hw293,132,PASS
2026-08-10T17:58:22Z,hw293,133,PASS
2026-08-10T17:58:22Z,hw293,134,PASS
2026-08-10T17:58:22Z,hw293,135,PASS
2026-08-10T17:58:22Z,hw293,136,PASS
2026-08-10T17:58:22Z,hw293,137,PASS
2026-08-10T17:58:22Z,hw293,138,PASS
2026-08-10T17:58:22Z,hw293,139,PASS
2026-08-10T17:58:22Z,hw293,14,PASS
2026-08-10T17:58:22Z,hw293,140,PASS
2026-08-10T17:58:22Z,hw293,141,PASS
2026-08-10T17:58:22Z,hw293,142,PASS
2026-08-10T17:58:22Z,hw293,143,PASS
2026-08-10T17:58:22Z,hw293,144,PASS
2026-08-10T17:58:22Z,hw293,145,PASS
2026-08-10T17:58:22Z,hw293,146,PASS
2026-08-10T17:58:22Z,hw293,147,PASS
2026-08-10T17:58:22Z,hw293,148,PASS
2026-08-10T17:58:22Z,hw293,149,PASS
2026-08-10T17:58:22Z,hw293,15,FAIL
2026-08-10T17:58:22Z,hw293,150,PASS
2026-08-10T17:58:22Z,hw293,151,PASS
2026-08-10T17:58:22Z,hw293,152,PASS
2026-08-10T17:58:22Z,hw293,153,PASS
2026-08-10T17:58:22Z,hw293,154,PASS
2026-08-10T17:58:22Z,hw293,155,PASS
2026-08-10T17:58:22Z,hw293,156,PASS
2026-08-10T17:58:22Z,hw293,157,PASS
2026-08-10T17:58:22Z,hw293,158,PASS
2026-08-10T17:58:22Z,hw293,159,PASS
2026-08-10T17:58:22Z,hw293,16,FAIL
2026-08-10T17:58:22Z,hw293,160,FAIL
2026-08-10T17:58:22Z,hw293,161,PASS
2026-08-10T17:58:22Z,hw293,162,FAIL
2026-08-10T17:58:22Z,hw293,163,FAIL
2026-08-10T17:58:22Z,hw293,164,FAIL
2026-08-10T17:58:22Z,hw293,165,NOTRUN
2026-08-10T17:58:22Z,hw293,166,FAIL
2026-08-10T17:58:22Z,hw293,167,PASS
2026-08-10T17:58:22Z,hw293,168,PASS
2026-08-10T17:58:22Z,hw293,169,PASS
2026-08-10T17:58:22Z,hw293,17,PASS
2026-08-10T17:58:22Z,hw293,170,PASS
2026-08-10T17:58:22Z,hw293,171,PASS
2026-08-10T17:58:22Z,hw293,172,FAIL
2026-08-10T17:58:22Z,hw293,173,PASS
2026-08-10T17:58:22Z,hw293,174,NOTRUN
2026-08-10T17:58:22Z,hw293,175,PASS
2026-08-10T17:58:22Z,hw293,176,FAIL
2026-08-10T17:58:22Z,hw293,177,FAIL
2026-08-10T17:58:22Z,hw293,178,PASS
2026-08-10T17:58:22Z,hw293,179,PASS
2026-08-10T17:58:22Z,hw293,18,PASS
2026-08-10T17:58:22Z,hw293,180,PASS
2026-08-10T17:58:22Z,hw293,181,PASS
2026-08-10T17:58:22Z,hw293,182,PASS
2026-08-10T17:58:22Z,hw293,183,FAIL
2026-08-10T17:58:22Z,hw293,184,FAIL
2026-08-10T17:58:22Z,hw293,185,PASS
2026-08-10T17:58:22Z,hw293,186,PASS
2026-08-10T17:58:22Z,hw293,187,FAIL
2026-08-10T17:58:22Z,hw293,188,FAIL
2026-08-10T17:58:22Z,hw293,189,FAIL
2026-08-10T17:58:22Z,hw293,19,FAIL
2026-08-10T17:58:22Z,hw293,190,PASS
2026-08-10T17:58:22Z,hw293,191,PASS
2026-08-10T17:58:22Z,hw293,192,PASS
2026-08-10T17:58:22Z,hw293,193,PASS
2026-08-10T17:58:22Z,hw293,194,PASS
2026-08-10T17:58:22Z,hw293,195,PASS
2026-08-10T17:58:22Z,hw293,196,NOTRUN
2026-08-10T17:58:22Z,hw293,197,NOTRUN
2026-08-10T17:58:22Z,hw293,198,PASS
2026-08-10T17:58:22Z,hw293,199,PASS
2026-08-10T17:58:22Z,hw293,2,PASS
2026-08-10T17:58:22Z,hw293,20,PASS
2026-08-10T17:58:22Z,hw293,200,PASS
2026-08-10T17:58:22Z,hw293,201,PASS
2026-08-10T17:58:22Z,hw293,202,PASS
2026-08-10T17:58:22Z,hw293,203,PASS
2026-08-10T17:58:22Z,hw293,204,PASS
2026-08-10T17:58:22Z,hw293,205,PASS
2026-08-10T17:58:22Z,hw293,206,FAIL
2026-08-10T17:58:22Z,hw293,207,FAIL
2026-08-10T17:58:22Z,hw293,208,FAIL
2026-08-10T17:58:22Z,hw293,209,PASS
2026-08-10T17:58:22Z,hw293,21,PASS
2026-08-10T17:58:22Z,hw293,210,PASS
2026-08-10T17:58:22Z,hw293,211,FAIL
2026-08-10T17:58:22Z,hw293,212,FAIL
2026-08-10T17:58:22Z,hw293,213,FAIL
2026-08-10T17:58:22Z,hw293,214,PASS
2026-08-10T17:58:22Z,hw293,215,PASS
2026-08-10T17:58:22Z,hw293,216,FAIL
2026-08-10T17:58:22Z,hw293,217,FAIL
2026-08-10T17:58:22Z,hw293,218,FAIL
2026-08-10T17:58:22Z,hw293,219,FAIL
2026-08-10T17:58:22Z,hw293,22,PASS
2026-08-10T17:58:22Z,hw293,220,FAIL
2026-08-10T17:58:22Z,hw293,221,FAIL
2026-08-10T17:58:22Z,hw293,222,FAIL
2026-08-10T17:58:22Z,hw293,223,FAIL
2026-08-10T17:58:22Z,hw293,224,FAIL
2026-08-10T17:58:22Z,hw293,225,FAIL
2026-08-10T17:58:22Z,hw293,226,PASS
2026-08-10T17:58:22Z,hw293,227,FAIL
2026-08-10T17:58:22Z,hw293,228,FAIL
2026-08-10T17:58:22Z,hw293,229,FAIL
2026-08-10T17:58:22Z,hw293,23,PASS
2026-08-10T17:58:22Z,hw293,230,PASS
2026-08-10T17:58:22Z,hw293,231,PASS
2026-08-10T17:58:22Z,hw293,232,FAIL
2026-08-10T17:58:22Z,hw293,233,FAIL
2026-08-10T17:58:22Z,hw293,234,FAIL
2026-08-10T17:58:22Z,hw293,235,FAIL
2026-08-10T17:58:22Z,hw293,236,FAIL
2026-08-10T17:58:22Z,hw293,237,FAIL
2026-08-10T17:58:22Z,hw293,238,FAIL
2026-08-10T17:58:22Z,hw293,239,FAIL
2026-08-10T17:58:22Z,hw293,24,PASS
2026-08-10T17:58:22Z,hw293,240,PASS
2026-08-10T17:58:22Z,hw293,241,FAIL
2026-08-10T17:58:22Z,hw293,242,PASS
2026-08-10T17:58:22Z,hw293,243,PASS
2026-08-10T17:58:22Z,hw293,25,FAIL
2026-08-10T17:58:22Z,hw293,26,PASS
2026-08-10T17:58:22Z,hw293,27,PASS
2026-08-10T17:58:22Z,hw293,28,PASS
2026-08-10T17:58:22Z,hw293,29,FAIL
2026-08-10T17:58:22Z,hw293,3,FAIL
2026-08-10T17:58:22Z,hw293,30,FAIL
2026-08-10T17:58:22Z,hw293,31,PASS
2026-08-10T17:58:22Z,hw293,32,FAIL
2026-08-10T17:58:22Z,hw293,33,FAIL
2026-08-10T17:58:22Z,hw293,34,PASS
2026-08-10T17:58:22Z,hw293,35,FAIL
2026-08-10T17:58:22Z,hw293,36,FAIL
2026-08-10T17:58:22Z,hw293,37,FAIL
2026-08-10T17:58:22Z,hw293,38,FAIL
2026-08-10T17:58:22Z,hw293,39,PASS
2026-08-10T17:58:22Z,hw293,4,FAIL
2026-08-10T17:58:22Z,hw293,40,PASS
2026-08-10T17:58:22Z,hw293,41,PASS
2026-08-10T17:58:22Z,hw293,42,PASS
2026-08-10T17:58:22Z,hw293,43,PASS
2026-08-10T17:58:22Z,hw293,44,PASS
2026-08-10T17:58:22Z,hw293,45,PASS
2026-08-10T17:58:22Z,hw293,46,PASS
2026-08-10T17:58:22Z,hw293,47,PASS
2026-08-10T17:58:22Z,hw293,48,PASS
2026-08-10T17:58:22Z,hw293,49,PASS
2026-08-10T17:58:22Z,hw293,5,PASS
2026-08-10T17:58:22Z,hw293,50,NOTRUN
2026-08-10T17:58:22Z,hw293,51,FAIL
2026-08-10T17:58:22Z,hw293,52,FAIL
2026-08-10T17:58:22Z,hw293,53,PASS
2026-08-10T17:58:22Z,hw293,54,PASS
2026-08-10T17:58:22Z,hw293,55,FAIL
2026-08-10T17:58:22Z,hw293,56,FAIL
2026-08-10T17:58:22Z,hw293,57,FAIL
2026-08-10T17:58:22Z,hw293,58,PASS
2026-08-10T17:58:22Z,hw293,59,FAIL
2026-08-10T17:58:22Z,hw293,6,PASS
2026-08-10T17:58:22Z,hw293,60,FAIL
2026-08-10T17:58:22Z,hw293,61,PASS
2026-08-10T17:58:22Z,hw293,62,FAIL
2026-08-10T17:58:22Z,hw293,63,FAIL
2026-08-10T17:58:22Z,hw293,64,FAIL
2026-08-10T17:58:22Z,hw293,65,FAIL
2026-08-10T17:58:22Z,hw293,66,FAIL
2026-08-10T17:58:22Z,hw293,67,FAIL
2026-08-10T17:58:22Z,hw293,68,PASS
2026-08-10T17:58:22Z,hw293,69,FAIL
2026-08-10T17:58:22Z,hw293,7,FAIL
2026-08-10T17:58:22Z,hw293,70,FAIL
2026-08-10T17:58:22Z,hw293,71,FAIL
2026-08-10T17:58:22Z,hw293,72,PASS
2026-08-10T17:58:22Z,hw293,73,PASS
2026-08-10T17:58:22Z,hw293,74,PASS
2026-08-10T17:58:22Z,hw293,75,PASS
2026-08-10T17:58:22Z,hw293,76,PASS
2026-08-10T17:58:22Z,hw293,77,PASS
2026-08-10T17:58:22Z,hw293,78,PASS
2026-08-10T17:58:22Z,hw293,79,PASS
2026-08-10T17:58:22Z,hw293,8,FAIL
2026-08-10T17:58:22Z,hw293,80,PASS
2026-08-10T17:58:22Z,hw293,81,PASS
2026-08-10T17:58:22Z,hw293,82,PASS
2026-08-10T17:58:22Z,hw293,83,PASS
2026-08-10T17:58:22Z,hw293,84,PASS
2026-08-10T17:58:22Z,hw293,85,PASS
2026-08-10T17:58:22Z,hw293,86,PASS
2026-08-10T17:58:22Z,hw293,87,FAIL
2026-08-10T17:58:22Z,hw293,88,PASS
2026-08-10T17:58:22Z,hw293,89,PASS
2026-08-10T17:58:22Z,hw293,9,PASS
2026-08-10T17:58:22Z,hw293,90,FAIL
2026-08-10T17:58:22Z,hw293,91,PASS
2026-08-10T17:58:22Z,hw293,92,PASS
2026-08-10T17:58:22Z,hw293,93,PASS
2026-08-10T17:58:22Z,hw293,94,PASS
2026-08-10T17:58:22Z,hw293,95,FAIL
2026-08-10T17:58:22Z,hw293,96,PASS
2026-08-10T17:58:22Z,hw293,97,NOTRUN
2026-08-10T17:58:22Z,hw293,98,PASS
2026-08-10T17:58:22Z,hw293,99,PASS
2026-08-10T17:58:22Z,hw293,G1,FAIL
2026-08-10T17:58:22Z,hw293,G10,FAIL
2026-08-10T17:58:22Z,hw293,G11,FAIL
2026-08-10T17:58:22Z,hw293,G12,NOTRUN
2026-08-10T17:58:22Z,hw293,G2,FAIL
2026-08-10T17:58:22Z,hw293,G3,FAIL
2026-08-10T17:58:22Z,hw293,G4,PASS
2026-08-10T17:58:22Z,hw293,G5,PASS
2026-08-10T17:58:22Z,hw293,G6,FAIL
2026-08-10T17:58:22Z,hw293,G7,FAIL
2026-08-10T17:58:22Z,hw293,G8,FAIL
2026-08-10T17:58:22Z,hw293,G9,FAIL
2026-08-10T17:58:22Z,hw293,M1,PASS
2026-08-10T17:58:22Z,hw293,M2,PASS
2026-08-10T17:58:22Z,hw293,M3,PASS
2026-08-10T17:58:22Z,hw293,M4,PASS
2026-08-10T17:58:22Z,hw293,R1,PASS
2026-08-10T17:58:22Z,hw293,R10,PASS
2026-08-10T17:58:22Z,hw293,R11,PASS
2026-08-10T17:58:22Z,hw293,R12,FAIL
2026-08-10T17:58:22Z,hw293,R13,FAIL
2026-08-10T17:58:22Z,hw293,R14,PASS
2026-08-10T17:58:22Z,hw293,R15,PASS
2026-08-10T17:58:22Z,hw293,R16,FAIL
2026-08-10T17:58:22Z,hw293,R17,FAIL
2026-08-10T17:58:22Z,hw293,R18,PASS
2026-08-10T17:58:22Z,hw293,R19,FAIL
2026-08-10T17:58:22Z,hw293,R2,PASS
2026-08-10T17:58:22Z,hw293,R20,PASS
2026-08-10T17:58:22Z,hw293,R21,FAIL
2026-08-10T17:58:22Z,hw293,R22,PASS
2026-08-10T17:58:22Z,hw293,R3,PASS
2026-08-10T17:58:22Z,hw293,R4,PASS
2026-08-10T17:58:22Z,hw293,R5,PASS
2026-08-10T17:58:22Z,hw293,R6,PASS
2026-08-10T17:58:22Z,hw293,R7,PASS
2026-08-10T17:58:22Z,hw293,R8,PASS
2026-08-10T17:58:22Z,hw293,R9,PASS
2026-08-10T17:58:22Z,hw293,W1,FAIL
2026-08-10T17:58:22Z,hw293,W2,FAIL
2026-08-10T17:58:22Z,hw293,W3,NOTRUN
2026-08-10T17:58:22Z,hw293,W4,PASS
2026-08-10T17:58:22Z,hw293,W5,FAIL
2026-08-10T19:07:43Z,hw293,1,PASS
2026-08-10T19:07:43Z,hw293,10,PASS
2026-08-10T19:07:43Z,hw293,100,FAIL
2026-08-10T19:07:43Z,hw293,101,NOTRUN
2026-08-10T19:07:43Z,hw293,102,PASS
2026-08-10T19:07:43Z,hw293,103,PASS
2026-08-10T19:07:43Z,hw293,104,NOTRUN
2026-08-10T19:07:43Z,hw293,105,NOTRUN
2026-08-10T19:07:43Z,hw293,106,PASS
2026-08-10T19:07:43Z,hw293,107,FAIL
2026-08-10T19:07:43Z,hw293,108,NOTRUN
2026-08-10T19:07:43Z,hw293,109,FAIL
2026-08-10T19:07:43Z,hw293,11,PASS
2026-08-10T19:07:43Z,hw293,110,PASS
2026-08-10T19:07:43Z,hw293,111,FAIL
2026-08-10T19:07:43Z,hw293,112,PASS
2026-08-10T19:07:43Z,hw293,113,PASS
2026-08-10T19:07:43Z,hw293,114,PASS
2026-08-10T19:07:43Z,hw293,115,FAIL
2026-08-10T19:07:43Z,hw293,116,PASS
2026-08-10T19:07:43Z,hw293,117,PASS
2026-08-10T19:07:43Z,hw293,118,PASS
2026-08-10T19:07:43Z,hw293,119,PASS
2026-08-10T19:07:43Z,hw293,12,PASS
2026-08-10T19:07:43Z,hw293,120,PASS
2026-08-10T19:07:43Z,hw293,121,PASS
2026-08-10T19:07:43Z,hw293,122,PASS
2026-08-10T19:07:43Z,hw293,123,PASS
2026-08-10T19:07:43Z,hw293,124,PASS
2026-08-10T19:07:43Z,hw293,125,PASS
2026-08-10T19:07:43Z,hw293,126,PASS
2026-08-10T19:07:43Z,hw293,127,PASS
2026-08-10T19:07:43Z,hw293,128,PASS
2026-08-10T19:07:43Z,hw293,129,PASS
2026-08-10T19:07:43Z,hw293,13,PASS
2026-08-10T19:07:43Z,hw293,130,PASS
2026-08-10T19:07:43Z,hw293,131,PASS
2026-08-10T19:07:43Z,hw293,132,PASS
2026-08-10T19:07:43Z,hw293,133,PASS
2026-08-10T19:07:43Z,hw293,134,PASS
2026-08-10T19:07:43Z,hw293,135,PASS
2026-08-10T19:07:43Z,hw293,136,PASS
2026-08-10T19:07:43Z,hw293,137,PASS
2026-08-10T19:07:43Z,hw293,138,PASS
2026-08-10T19:07:43Z,hw293,139,PASS
2026-08-10T19:07:43Z,hw293,14,PASS
2026-08-10T19:07:43Z,hw293,140,PASS
2026-08-10T19:07:43Z,hw293,141,PASS
2026-08-10T19:07:43Z,hw293,142,PASS
2026-08-10T19:07:43Z,hw293,143,PASS
2026-08-10T19:07:43Z,hw293,144,PASS
2026-08-10T19:07:43Z,hw293,145,PASS
2026-08-10T19:07:43Z,hw293,146,PASS
2026-08-10T19:07:43Z,hw293,147,PASS
2026-08-10T19:07:43Z,hw293,148,PASS
2026-08-10T19:07:43Z,hw293,149,PASS
2026-08-10T19:07:43Z,hw293,15,FAIL
2026-08-10T19:07:43Z,hw293,150,PASS
2026-08-10T19:07:43Z,hw293,151,PASS
2026-08-10T19:07:43Z,hw293,152,PASS
2026-08-10T19:07:43Z,hw293,153,PASS
2026-08-10T19:07:43Z,hw293,154,PASS
2026-08-10T19:07:43Z,hw293,155,PASS
2026-08-10T19:07:43Z,hw293,156,PASS
2026-08-10T19:07:43Z,hw293,157,PASS
2026-08-10T19:07:43Z,hw293,158,PASS
2026-08-10T19:07:43Z,hw293,159,PASS
2026-08-10T19:07:43Z,hw293,16,FAIL
2026-08-10T19:07:43Z,hw293,160,FAIL
2026-08-10T19:07:43Z,hw293,161,PASS
2026-08-10T19:07:43Z,hw293,162,FAIL
2026-08-10T19:07:43Z,hw293,163,FAIL
2026-08-10T19:07:43Z,hw293,164,FAIL
2026-08-10T19:07:43Z,hw293,165,NOTRUN
2026-08-10T19:07:43Z,hw293,166,FAIL
2026-08-10T19:07:43Z,hw293,167,PASS
2026-08-10T19:07:43Z,hw293,168,PASS
2026-08-10T19:07:43Z,hw293,169,PASS
2026-08-10T19:07:43Z,hw293,17,PASS
2026-08-10T19:07:43Z,hw293,170,PASS
2026-08-10T19:07:43Z,hw293,171,PASS
2026-08-10T19:07:43Z,hw293,172,FAIL
2026-08-10T19:07:43Z,hw293,173,PASS
2026-08-10T19:07:43Z,hw293,174,NOTRUN
2026-08-10T19:07:43Z,hw293,175,PASS
2026-08-10T19:07:43Z,hw293,176,FAIL
2026-08-10T19:07:43Z,hw293,177,FAIL
2026-08-10T19:07:43Z,hw293,178,PASS
2026-08-10T19:07:43Z,hw293,179,PASS
2026-08-10T19:07:43Z,hw293,18,PASS
2026-08-10T19:07:43Z,hw293,180,PASS
2026-08-10T19:07:43Z,hw293,181,PASS
2026-08-10T19:07:43Z,hw293,182,PASS
2026-08-10T19:07:43Z,hw293,183,PASS
2026-08-10T19:07:43Z,hw293,184,FAIL
2026-08-10T19:07:43Z,hw293,185,PASS
2026-08-10T19:07:43Z,hw293,186,PASS
2026-08-10T19:07:43Z,hw293,187,FAIL
2026-08-10T19:07:43Z,hw293,188,FAIL
2026-08-10T19:07:43Z,hw293,189,FAIL
2026-08-10T19:07:43Z,hw293,19,FAIL
2026-08-10T19:07:43Z,hw293,190,PASS
2026-08-10T19:07:43Z,hw293,191,PASS
2026-08-10T19:07:43Z,hw293,192,PASS
2026-08-10T19:07:43Z,hw293,193,PASS
2026-08-10T19:07:43Z,hw293,194,PASS
2026-08-10T19:07:43Z,hw293,195,PASS
2026-08-10T19:07:43Z,hw293,196,NOTRUN
2026-08-10T19:07:43Z,hw293,197,NOTRUN
2026-08-10T19:07:43Z,hw293,198,PASS
2026-08-10T19:07:43Z,hw293,199,PASS
2026-08-10T19:07:43Z,hw293,2,PASS
2026-08-10T19:07:43Z,hw293,20,PASS
2026-08-10T19:07:43Z,hw293,200,PASS
2026-08-10T19:07:43Z,hw293,201,PASS
2026-08-10T19:07:43Z,hw293,202,PASS
2026-08-10T19:07:43Z,hw293,203,PASS
2026-08-10T19:07:43Z,hw293,204,PASS
2026-08-10T19:07:43Z,hw293,205,PASS
2026-08-10T19:07:43Z,hw293,206,FAIL
2026-08-10T19:07:43Z,hw293,207,FAIL
2026-08-10T19:07:43Z,hw293,208,FAIL
2026-08-10T19:07:43Z,hw293,209,PASS
2026-08-10T19:07:43Z,hw293,21,PASS
2026-08-10T19:07:43Z,hw293,210,PASS
2026-08-10T19:07:43Z,hw293,211,PASS
2026-08-10T19:07:43Z,hw293,212,FAIL
2026-08-10T19:07:43Z,hw293,213,FAIL
2026-08-10T19:07:43Z,hw293,214,PASS
2026-08-10T19:07:43Z,hw293,215,PASS
2026-08-10T19:07:43Z,hw293,216,FAIL
2026-08-10T19:07:43Z,hw293,217,FAIL
2026-08-10T19:07:43Z,hw293,218,FAIL
2026-08-10T19:07:43Z,hw293,219,FAIL
2026-08-10T19:07:43Z,hw293,22,PASS
2026-08-10T19:07:43Z,hw293,220,FAIL
2026-08-10T19:07:43Z,hw293,221,FAIL
2026-08-10T19:07:43Z,hw293,222,FAIL
2026-08-10T19:07:43Z,hw293,223,FAIL
2026-08-10T19:07:43Z,hw293,224,PASS
2026-08-10T19:07:43Z,hw293,225,FAIL
2026-08-10T19:07:43Z,hw293,226,PASS
2026-08-10T19:07:43Z,hw293,227,FAIL
2026-08-10T19:07:43Z,hw293,228,FAIL
2026-08-10T19:07:43Z,hw293,229,FAIL
2026-08-10T19:07:43Z,hw293,23,PASS
2026-08-10T19:07:43Z,hw293,230,PASS
2026-08-10T19:07:43Z,hw293,231,PASS
2026-08-10T19:07:43Z,hw293,232,FAIL
2026-08-10T19:07:43Z,hw293,233,FAIL
2026-08-10T19:07:43Z,hw293,234,FAIL
2026-08-10T19:07:43Z,hw293,235,FAIL
2026-08-10T19:07:43Z,hw293,236,FAIL
2026-08-10T19:07:43Z,hw293,237,FAIL
2026-08-10T19:07:43Z,hw293,238,FAIL
2026-08-10T19:07:43Z,hw293,239,FAIL
2026-08-10T19:07:43Z,hw293,24,PASS
2026-08-10T19:07:43Z,hw293,240,PASS
2026-08-10T19:07:43Z,hw293,241,FAIL
2026-08-10T19:07:43Z,hw293,242,PASS
2026-08-10T19:07:43Z,hw293,243,PASS
2026-08-10T19:07:43Z,hw293,25,FAIL
2026-08-10T19:07:43Z,hw293,26,PASS
2026-08-10T19:07:43Z,hw293,27,PASS
2026-08-10T19:07:43Z,hw293,28,PASS
2026-08-10T19:07:43Z,hw293,29,FAIL
2026-08-10T19:07:43Z,hw293,3,FAIL
2026-08-10T19:07:43Z,hw293,30,PASS
2026-08-10T19:07:43Z,hw293,31,PASS
2026-08-10T19:07:43Z,hw293,32,FAIL
2026-08-10T19:07:43Z,hw293,33,PASS
2026-08-10T19:07:43Z,hw293,34,PASS
2026-08-10T19:07:43Z,hw293,35,PASS
2026-08-10T19:07:43Z,hw293,36,FAIL
2026-08-10T19:07:43Z,hw293,37,PASS
2026-08-10T19:07:43Z,hw293,38,FAIL
2026-08-10T19:07:43Z,hw293,39,PASS
2026-08-10T19:07:43Z,hw293,4,FAIL
2026-08-10T19:07:43Z,hw293,40,PASS
2026-08-10T19:07:43Z,hw293,41,PASS
2026-08-10T19:07:43Z,hw293,42,PASS
2026-08-10T19:07:43Z,hw293,43,PASS
2026-08-10T19:07:43Z,hw293,44,PASS
2026-08-10T19:07:43Z,hw293,45,PASS
2026-08-10T19:07:43Z,hw293,46,PASS
2026-08-10T19:07:43Z,hw293,47,PASS
2026-08-10T19:07:43Z,hw293,48,PASS
2026-08-10T19:07:43Z,hw293,49,PASS
2026-08-10T19:07:43Z,hw293,5,PASS
2026-08-10T19:07:43Z,hw293,50,NOTRUN
2026-08-10T19:07:43Z,hw293,51,FAIL
2026-08-10T19:07:43Z,hw293,52,FAIL
2026-08-10T19:07:43Z,hw293,53,PASS
2026-08-10T19:07:43Z,hw293,54,PASS
2026-08-10T19:07:43Z,hw293,55,FAIL
2026-08-10T19:07:43Z,hw293,56,FAIL
2026-08-10T19:07:43Z,hw293,57,FAIL
2026-08-10T19:07:43Z,hw293,58,PASS
2026-08-10T19:07:43Z,hw293,59,FAIL
2026-08-10T19:07:43Z,hw293,6,PASS
2026-08-10T19:07:43Z,hw293,60,FAIL
2026-08-10T19:07:43Z,hw293,61,PASS
2026-08-10T19:07:43Z,hw293,62,FAIL
2026-08-10T19:07:43Z,hw293,63,FAIL
2026-08-10T19:07:43Z,hw293,64,FAIL
2026-08-10T19:07:43Z,hw293,65,FAIL
2026-08-10T19:07:43Z,hw293,66,FAIL
2026-08-10T19:07:43Z,hw293,67,FAIL
2026-08-10T19:07:43Z,hw293,68,PASS
2026-08-10T19:07:43Z,hw293,69,FAIL
2026-08-10T19:07:43Z,hw293,7,FAIL
2026-08-10T19:07:43Z,hw293,70,FAIL
2026-08-10T19:07:43Z,hw293,71,FAIL
2026-08-10T19:07:43Z,hw293,72,PASS
2026-08-10T19:07:43Z,hw293,73,PASS
2026-08-10T19:07:43Z,hw293,74,PASS
2026-08-10T19:07:43Z,hw293,75,PASS
2026-08-10T19:07:43Z,hw293,76,PASS
2026-08-10T19:07:43Z,hw293,77,PASS
2026-08-10T19:07:43Z,hw293,78,PASS
2026-08-10T19:07:43Z,hw293,79,PASS
2026-08-10T19:07:43Z,hw293,8,FAIL
2026-08-10T19:07:43Z,hw293,80,PASS
2026-08-10T19:07:43Z,hw293,81,PASS
2026-08-10T19:07:43Z,hw293,82,PASS
2026-08-10T19:07:43Z,hw293,83,PASS
2026-08-10T19:07:43Z,hw293,84,PASS
2026-08-10T19:07:43Z,hw293,85,PASS
2026-08-10T19:07:43Z,hw293,86,PASS
2026-08-10T19:07:43Z,hw293,87,FAIL
2026-08-10T19:07:43Z,hw293,88,PASS
2026-08-10T19:07:43Z,hw293,89,PASS
2026-08-10T19:07:43Z,hw293,9,PASS
2026-08-10T19:07:43Z,hw293,90,FAIL
2026-08-10T19:07:43Z,hw293,91,PASS
2026-08-10T19:07:43Z,hw293,92,PASS
2026-08-10T19:07:43Z,hw293,93,PASS
2026-08-10T19:07:43Z,hw293,94,PASS
2026-08-10T19:07:43Z,hw293,95,FAIL
2026-08-10T19:07:43Z,hw293,96,PASS
2026-08-10T19:07:43Z,hw293,97,NOTRUN
2026-08-10T19:07:43Z,hw293,98,PASS
2026-08-10T19:07:43Z,hw293,99,PASS
2026-08-10T19:07:43Z,hw293,G1,FAIL
2026-08-10T19:07:43Z,hw293,G10,PASS
2026-08-10T19:07:43Z,hw293,G11,FAIL
2026-08-10T19:07:43Z,hw293,G12,NOTRUN
2026-08-10T19:07:43Z,hw293,G2,FAIL
2026-08-10T19:07:43Z,hw293,G3,FAIL
2026-08-10T19:07:43Z,hw293,G4,PASS
2026-08-10T19:07:43Z,hw293,G5,PASS
2026-08-10T19:07:43Z,hw293,G6,FAIL
2026-08-10T19:07:43Z,hw293,G7,FAIL
2026-08-10T19:07:43Z,hw293,G8,FAIL
2026-08-10T19:07:43Z,hw293,G9,FAIL
2026-08-10T19:07:43Z,hw293,M1,PASS
2026-08-10T19:07:43Z,hw293,M2,PASS
2026-08-10T19:07:43Z,hw293,M3,PASS
2026-08-10T19:07:43Z,hw293,M4,PASS
2026-08-10T19:07:43Z,hw293,R1,PASS
2026-08-10T19:07:43Z,hw293,R10,PASS
2026-08-10T19:07:43Z,hw293,R11,PASS
2026-08-10T19:07:43Z,hw293,R12,FAIL
2026-08-10T19:07:43Z,hw293,R13,FAIL
2026-08-10T19:07:43Z,hw293,R14,PASS
2026-08-10T19:07:43Z,hw293,R15,PASS
2026-08-10T19:07:43Z,hw293,R16,FAIL
2026-08-10T19:07:43Z,hw293,R17,FAIL
2026-08-10T19:07:43Z,hw293,R18,PASS
2026-08-10T19:07:43Z,hw293,R19,FAIL
2026-08-10T19:07:43Z,hw293,R2,PASS
2026-08-10T19:07:43Z,hw293,R20,PASS
2026-08-10T19:07:43Z,hw293,R21,FAIL
2026-08-10T19:07:43Z,hw293,R22,PASS
2026-08-10T19:07:43Z,hw293,R3,PASS
2026-08-10T19:07:43Z,hw293,R4,PASS
2026-08-10T19:07:43Z,hw293,R5,PASS
2026-08-10T19:07:43Z,hw293,R6,PASS
2026-08-10T19:07:43Z,hw293,R7,PASS
2026-08-10T19:07:43Z,hw293,R8,PASS
2026-08-10T19:07:43Z,hw293,R9,PASS
2026-08-10T19:07:43Z,hw293,W1,FAIL
2026-08-10T19:07:43Z,hw293,W2,FAIL
2026-08-10T19:07:43Z,hw293,W3,NOTRUN
2026-08-10T19:07:43Z,hw293,W4,PASS
2026-08-10T19:07:43Z,hw293,W5,FAIL
2026-08-10T20:02:50Z,hw293,1,PASS
2026-08-10T20:02:50Z,hw293,10,PASS
2026-08-10T20:02:50Z,hw293,100,FAIL
2026-08-10T20:02:50Z,hw293,101,NOTRUN
2026-08-10T20:02:50Z,hw293,102,PASS
2026-08-10T20:02:50Z,hw293,103,PASS
2026-08-10T20:02:50Z,hw293,104,NOTRUN
2026-08-10T20:02:50Z,hw293,105,NOTRUN
2026-08-10T20:02:50Z,hw293,106,PASS
2026-08-10T20:02:50Z,hw293,107,FAIL
2026-08-10T20:02:50Z,hw293,108,NOTRUN
2026-08-10T20:02:50Z,hw293,109,FAIL
2026-08-10T20:02:50Z,hw293,11,PASS
2026-08-10T20:02:50Z,hw293,110,PASS
2026-08-10T20:02:50Z,hw293,111,FAIL
2026-08-10T20:02:50Z,hw293,112,PASS
2026-08-10T20:02:50Z,hw293,113,PASS
2026-08-10T20:02:50Z,hw293,114,PASS
2026-08-10T20:02:50Z,hw293,115,FAIL
2026-08-10T20:02:50Z,hw293,116,PASS
2026-08-10T20:02:50Z,hw293,117,PASS
2026-08-10T20:02:50Z,hw293,118,PASS
2026-08-10T20:02:50Z,hw293,119,PASS
2026-08-10T20:02:50Z,hw293,12,PASS
2026-08-10T20:02:50Z,hw293,120,PASS
2026-08-10T20:02:50Z,hw293,121,PASS
2026-08-10T20:02:50Z,hw293,122,PASS
2026-08-10T20:02:50Z,hw293,123,PASS
2026-08-10T20:02:50Z,hw293,124,PASS
2026-08-10T20:02:50Z,hw293,125,PASS
2026-08-10T20:02:50Z,hw293,126,PASS
2026-08-10T20:02:50Z,hw293,127,PASS
2026-08-10T20:02:50Z,hw293,128,PASS
2026-08-10T20:02:50Z,hw293,129,PASS
2026-08-10T20:02:50Z,hw293,13,PASS
2026-08-10T20:02:50Z,hw293,130,PASS
2026-08-10T20:02:50Z,hw293,131,PASS
2026-08-10T20:02:50Z,hw293,132,PASS
2026-08-10T20:02:50Z,hw293,133,PASS
2026-08-10T20:02:50Z,hw293,134,PASS
2026-08-10T20:02:50Z,hw293,135,PASS
2026-08-10T20:02:50Z,hw293,136,PASS
2026-08-10T20:02:50Z,hw293,137,PASS
2026-08-10T20:02:50Z,hw293,138,PASS
2026-08-10T20:02:50Z,hw293,139,PASS
2026-08-10T20:02:50Z,hw293,14,PASS
2026-08-10T20:02:50Z,hw293,140,PASS
2026-08-10T20:02:50Z,hw293,141,PASS
2026-08-10T20:02:50Z,hw293,142,PASS
2026-08-10T20:02:50Z,hw293,143,PASS
2026-08-10T20:02:50Z,hw293,144,PASS
2026-08-10T20:02:50Z,hw293,145,PASS
2026-08-10T20:02:50Z,hw293,146,PASS
2026-08-10T20:02:50Z,hw293,147,PASS
2026-08-10T20:02:50Z,hw293,148,PASS
2026-08-10T20:02:50Z,hw293,149,PASS
2026-08-10T20:02:50Z,hw293,15,FAIL
2026-08-10T20:02:50Z,hw293,150,PASS
2026-08-10T20:02:50Z,hw293,151,PASS
2026-08-10T20:02:50Z,hw293,152,PASS
2026-08-10T20:02:50Z,hw293,153,PASS
2026-08-10T20:02:50Z,hw293,154,PASS
2026-08-10T20:02:50Z,hw293,155,PASS
2026-08-10T20:02:50Z,hw293,156,PASS
2026-08-10T20:02:50Z,hw293,157,PASS
2026-08-10T20:02:50Z,hw293,158,PASS
2026-08-10T20:02:50Z,hw293,159,PASS
2026-08-10T20:02:50Z,hw293,16,FAIL
2026-08-10T20:02:50Z,hw293,160,FAIL
2026-08-10T20:02:50Z,hw293,161,PASS
2026-08-10T20:02:50Z,hw293,162,FAIL
2026-08-10T20:02:50Z,hw293,163,FAIL
2026-08-10T20:02:50Z,hw293,164,FAIL
2026-08-10T20:02:50Z,hw293,165,NOTRUN
2026-08-10T20:02:50Z,hw293,166,FAIL
2026-08-10T20:02:50Z,hw293,167,PASS
2026-08-10T20:02:50Z,hw293,168,PASS
2026-08-10T20:02:50Z,hw293,169,PASS
2026-08-10T20:02:50Z,hw293,17,PASS
2026-08-10T20:02:50Z,hw293,170,PASS
2026-08-10T20:02:50Z,hw293,171,PASS
2026-08-10T20:02:50Z,hw293,172,FAIL
2026-08-10T20:02:50Z,hw293,173,PASS
2026-08-10T20:02:50Z,hw293,174,NOTRUN
2026-08-10T20:02:50Z,hw293,175,PASS
2026-08-10T20:02:50Z,hw293,176,FAIL
2026-08-10T20:02:50Z,hw293,177,FAIL
2026-08-10T20:02:50Z,hw293,178,PASS
2026-08-10T20:02:50Z,hw293,179,PASS
2026-08-10T20:02:50Z,hw293,18,PASS
2026-08-10T20:02:50Z,hw293,180,PASS
2026-08-10T20:02:50Z,hw293,181,PASS
2026-08-10T20:02:50Z,hw293,182,PASS
2026-08-10T20:02:50Z,hw293,183,PASS
2026-08-10T20:02:50Z,hw293,184,FAIL
2026-08-10T20:02:50Z,hw293,185,PASS
2026-08-10T20:02:50Z,hw293,186,PASS
2026-08-10T20:02:50Z,hw293,187,FAIL
2026-08-10T20:02:50Z,hw293,188,FAIL
2026-08-10T20:02:50Z,hw293,189,FAIL
2026-08-10T20:02:50Z,hw293,19,FAIL
2026-08-10T20:02:50Z,hw293,190,PASS
2026-08-10T20:02:50Z,hw293,191,PASS
2026-08-10T20:02:50Z,hw293,192,PASS
2026-08-10T20:02:50Z,hw293,193,PASS
2026-08-10T20:02:50Z,hw293,194,PASS
2026-08-10T20:02:50Z,hw293,195,PASS
2026-08-10T20:02:50Z,hw293,196,NOTRUN
2026-08-10T20:02:50Z,hw293,197,NOTRUN
2026-08-10T20:02:50Z,hw293,198,PASS
2026-08-10T20:02:50Z,hw293,199,PASS
2026-08-10T20:02:50Z,hw293,2,PASS
2026-08-10T20:02:50Z,hw293,20,PASS
2026-08-10T20:02:50Z,hw293,200,PASS
2026-08-10T20:02:50Z,hw293,201,PASS
2026-08-10T20:02:50Z,hw293,202,PASS
2026-08-10T20:02:50Z,hw293,203,PASS
2026-08-10T20:02:50Z,hw293,204,PASS
2026-08-10T20:02:50Z,hw293,205,PASS
2026-08-10T20:02:50Z,hw293,206,FAIL
2026-08-10T20:02:50Z,hw293,207,FAIL
2026-08-10T20:02:50Z,hw293,208,FAIL
2026-08-10T20:02:50Z,hw293,209,PASS
2026-08-10T20:02:50Z,hw293,21,PASS
2026-08-10T20:02:50Z,hw293,210,PASS
2026-08-10T20:02:50Z,hw293,211,PASS
2026-08-10T20:02:50Z,hw293,212,FAIL
2026-08-10T20:02:50Z,hw293,213,FAIL
2026-08-10T20:02:50Z,hw293,214,PASS
2026-08-10T20:02:50Z,hw293,215,PASS
2026-08-10T20:02:50Z,hw293,216,FAIL
2026-08-10T20:02:50Z,hw293,217,FAIL
2026-08-10T20:02:50Z,hw293,218,FAIL
2026-08-10T20:02:50Z,hw293,219,PASS
2026-08-10T20:02:50Z,hw293,22,PASS
2026-08-10T20:02:50Z,hw293,220,FAIL
2026-08-10T20:02:50Z,hw293,221,FAIL
2026-08-10T20:02:50Z,hw293,222,FAIL
2026-08-10T20:02:50Z,hw293,223,FAIL
2026-08-10T20:02:50Z,hw293,224,PASS
2026-08-10T20:02:50Z,hw293,225,FAIL
2026-08-10T20:02:50Z,hw293,226,PASS
2026-08-10T20:02:50Z,hw293,227,FAIL
2026-08-10T20:02:50Z,hw293,228,FAIL
2026-08-10T20:02:50Z,hw293,229,FAIL
2026-08-10T20:02:50Z,hw293,23,PASS
2026-08-10T20:02:50Z,hw293,230,PASS
2026-08-10T20:02:50Z,hw293,231,PASS
2026-08-10T20:02:50Z,hw293,232,FAIL
2026-08-10T20:02:50Z,hw293,233,FAIL
2026-08-10T20:02:50Z,hw293,234,FAIL
2026-08-10T20:02:50Z,hw293,235,FAIL
2026-08-10T20:02:50Z,hw293,236,FAIL
2026-08-10T20:02:50Z,hw293,237,FAIL
2026-08-10T20:02:50Z,hw293,238,FAIL
2026-08-10T20:02:50Z,hw293,239,FAIL
2026-08-10T20:02:50Z,hw293,24,PASS
2026-08-10T20:02:50Z,hw293,240,PASS
2026-08-10T20:02:50Z,hw293,241,FAIL
2026-08-10T20:02:50Z,hw293,242,PASS
2026-08-10T20:02:50Z,hw293,243,PASS
2026-08-10T20:02:50Z,hw293,25,FAIL
2026-08-10T20:02:50Z,hw293,26,PASS
2026-08-10T20:02:50Z,hw293,27,PASS
2026-08-10T20:02:50Z,hw293,28,PASS
2026-08-10T20:02:50Z,hw293,29,FAIL
2026-08-10T20:02:50Z,hw293,3,FAIL
2026-08-10T20:02:50Z,hw293,30,PASS
2026-08-10T20:02:50Z,hw293,31,PASS
2026-08-10T20:02:50Z,hw293,32,FAIL
2026-08-10T20:02:50Z,hw293,33,PASS
2026-08-10T20:02:50Z,hw293,34,PASS
2026-08-10T20:02:50Z,hw293,35,PASS
2026-08-10T20:02:50Z,hw293,36,FAIL
2026-08-10T20:02:50Z,hw293,37,PASS
2026-08-10T20:02:50Z,hw293,38,FAIL
2026-08-10T20:02:50Z,hw293,39,PASS
2026-08-10T20:02:50Z,hw293,4,FAIL
2026-08-10T20:02:50Z,hw293,40,PASS
2026-08-10T20:02:50Z,hw293,41,PASS
2026-08-10T20:02:50Z,hw293,42,PASS
2026-08-10T20:02:50Z,hw293,43,PASS
2026-08-10T20:02:50Z,hw293,44,PASS
2026-08-10T20:02:50Z,hw293,45,PASS
2026-08-10T20:02:50Z,hw293,46,PASS
2026-08-10T20:02:50Z,hw293,47,PASS
2026-08-10T20:02:50Z,hw293,48,PASS
2026-08-10T20:02:50Z,hw293,49,PASS
2026-08-10T20:02:50Z,hw293,5,PASS
2026-08-10T20:02:50Z,hw293,50,NOTRUN
2026-08-10T20:02:50Z,hw293,51,FAIL
2026-08-10T20:02:50Z,hw293,52,FAIL
2026-08-10T20:02:50Z,hw293,53,PASS
2026-08-10T20:02:50Z,hw293,54,PASS
2026-08-10T20:02:50Z,hw293,55,FAIL
2026-08-10T20:02:50Z,hw293,56,FAIL
2026-08-10T20:02:50Z,hw293,57,FAIL
2026-08-10T20:02:50Z,hw293,58,PASS
2026-08-10T20:02:50Z,hw293,59,FAIL
2026-08-10T20:02:50Z,hw293,6,PASS
2026-08-10T20:02:50Z,hw293,60,FAIL
2026-08-10T20:02:50Z,hw293,61,PASS
2026-08-10T20:02:50Z,hw293,62,FAIL
2026-08-10T20:02:50Z,hw293,63,FAIL
2026-08-10T20:02:50Z,hw293,64,FAIL
2026-08-10T20:02:50Z,hw293,65,FAIL
2026-08-10T20:02:50Z,hw293,66,FAIL
2026-08-10T20:02:50Z,hw293,67,FAIL
2026-08-10T20:02:50Z,hw293,68,PASS
2026-08-10T20:02:50Z,hw293,69,FAIL
2026-08-10T20:02:50Z,hw293,7,FAIL
2026-08-10T20:02:50Z,hw293,70,FAIL
2026-08-10T20:02:50Z,hw293,71,FAIL
2026-08-10T20:02:50Z,hw293,72,PASS
2026-08-10T20:02:50Z,hw293,73,PASS
2026-08-10T20:02:50Z,hw293,74,PASS
2026-08-10T20:02:50Z,hw293,75,PASS
2026-08-10T20:02:50Z,hw293,76,PASS
2026-08-10T20:02:50Z,hw293,77,PASS
2026-08-10T20:02:50Z,hw293,78,PASS
2026-08-10T20:02:50Z,hw293,79,PASS
2026-08-10T20:02:50Z,hw293,8,FAIL
2026-08-10T20:02:50Z,hw293,80,PASS
2026-08-10T20:02:50Z,hw293,81,PASS
2026-08-10T20:02:50Z,hw293,82,PASS
2026-08-10T20:02:50Z,hw293,83,PASS
2026-08-10T20:02:50Z,hw293,84,PASS
2026-08-10T20:02:50Z,hw293,85,PASS
2026-08-10T20:02:50Z,hw293,86,PASS
2026-08-10T20:02:50Z,hw293,87,FAIL
2026-08-10T20:02:50Z,hw293,88,PASS
2026-08-10T20:02:50Z,hw293,89,PASS
2026-08-10T20:02:50Z,hw293,9,PASS
2026-08-10T20:02:50Z,hw293,90,FAIL
2026-08-10T20:02:50Z,hw293,91,PASS
2026-08-10T20:02:50Z,hw293,92,PASS
2026-08-10T20:02:50Z,hw293,93,PASS
2026-08-10T20:02:50Z,hw293,94,PASS
2026-08-10T20:02:50Z,hw293,95,FAIL
2026-08-10T20:02:50Z,hw293,96,PASS
2026-08-10T20:02:50Z,hw293,97,NOTRUN
2026-08-10T20:02:50Z,hw293,98,PASS
2026-08-10T20:02:50Z,hw293,99,PASS
2026-08-10T20:02:50Z,hw293,G1,FAIL
2026-08-10T20:02:50Z,hw293,G10,PASS
2026-08-10T20:02:50Z,hw293,G11,FAIL
2026-08-10T20:02:50Z,hw293,G12,NOTRUN
2026-08-10T20:02:50Z,hw293,G2,FAIL
2026-08-10T20:02:50Z,hw293,G3,FAIL
2026-08-10T20:02:50Z,hw293,G4,PASS
2026-08-10T20:02:50Z,hw293,G5,PASS
2026-08-10T20:02:50Z,hw293,G6,FAIL
2026-08-10T20:02:50Z,hw293,G7,FAIL
2026-08-10T20:02:50Z,hw293,G8,FAIL
2026-08-10T20:02:50Z,hw293,G9,FAIL
2026-08-10T20:02:50Z,hw293,M1,PASS
2026-08-10T20:02:50Z,hw293,M2,PASS
2026-08-10T20:02:50Z,hw293,M3,PASS
2026-08-10T20:02:50Z,hw293,M4,PASS
2026-08-10T20:02:50Z,hw293,R1,PASS
2026-08-10T20:02:50Z,hw293,R10,PASS
2026-08-10T20:02:50Z,hw293,R11,PASS
2026-08-10T20:02:50Z,hw293,R12,FAIL
2026-08-10T20:02:50Z,hw293,R13,FAIL
2026-08-10T20:02:50Z,hw293,R14,PASS
2026-08-10T20:02:50Z,hw293,R15,PASS
2026-08-10T20:02:50Z,hw293,R16,FAIL
2026-08-10T20:02:50Z,hw293,R17,FAIL
2026-08-10T20:02:50Z,hw293,R18,PASS
2026-08-10T20:02:50Z,hw293,R19,FAIL
2026-08-10T20:02:50Z,hw293,R2,PASS
2026-08-10T20:02:50Z,hw293,R20,PASS
2026-08-10T20:02:50Z,hw293,R21,FAIL
2026-08-10T20:02:50Z,hw293,R22,PASS
2026-08-10T20:02:50Z,hw293,R3,PASS
2026-08-10T20:02:50Z,hw293,R4,PASS
2026-08-10T20:02:50Z,hw293,R5,PASS
2026-08-10T20:02:50Z,hw293,R6,PASS
2026-08-10T20:02:50Z,hw293,R7,PASS
2026-08-10T20:02:50Z,hw293,R8,PASS
2026-08-10T20:02:50Z,hw293,R9,PASS
2026-08-10T20:02:50Z,hw293,W1,FAIL
2026-08-10T20:02:50Z,hw293,W2,FAIL
2026-08-10T20:02:50Z,hw293,W3,NOTRUN
2026-08-10T20:02:50Z,hw293,W4,PASS
2026-08-10T20:02:50Z,hw293,W5,FAIL
2026-08-10T20:25:33Z,hw293,1,PASS
2026-08-10T20:25:33Z,hw293,10,PASS
2026-08-10T20:25:33Z,hw293,100,FAIL
2026-08-10T20:25:33Z,hw293,101,NOTRUN
2026-08-10T20:25:33Z,hw293,102,PASS
2026-08-10T20:25:33Z,hw293,103,PASS
2026-08-10T20:25:33Z,hw293,104,NOTRUN
2026-08-10T20:25:33Z,hw293,105,NOTRUN
2026-08-10T20:25:33Z,hw293,106,PASS
2026-08-10T20:25:33Z,hw293,107,FAIL
2026-08-10T20:25:33Z,hw293,108,NOTRUN
2026-08-10T20:25:33Z,hw293,109,FAIL
2026-08-10T20:25:33Z,hw293,11,PASS
2026-08-10T20:25:33Z,hw293,110,PASS
2026-08-10T20:25:33Z,hw293,111,FAIL
2026-08-10T20:25:33Z,hw293,112,PASS
2026-08-10T20:25:33Z,hw293,113,PASS
2026-08-10T20:25:33Z,hw293,114,PASS
2026-08-10T20:25:33Z,hw293,115,FAIL
2026-08-10T20:25:33Z,hw293,116,PASS
2026-08-10T20:25:33Z,hw293,117,PASS
2026-08-10T20:25:33Z,hw293,118,PASS
2026-08-10T20:25:33Z,hw293,119,PASS
2026-08-10T20:25:33Z,hw293,12,PASS
2026-08-10T20:25:33Z,hw293,120,PASS
2026-08-10T20:25:33Z,hw293,121,PASS
2026-08-10T20:25:33Z,hw293,122,PASS
2026-08-10T20:25:33Z,hw293,123,PASS
2026-08-10T20:25:33Z,hw293,124,PASS
2026-08-10T20:25:33Z,hw293,125,PASS
2026-08-10T20:25:33Z,hw293,126,PASS
2026-08-10T20:25:33Z,hw293,127,PASS
2026-08-10T20:25:33Z,hw293,128,PASS
2026-08-10T20:25:33Z,hw293,129,PASS
2026-08-10T20:25:33Z,hw293,13,PASS
2026-08-10T20:25:33Z,hw293,130,PASS
2026-08-10T20:25:33Z,hw293,131,PASS
2026-08-10T20:25:33Z,hw293,132,PASS
2026-08-10T20:25:33Z,hw293,133,PASS
2026-08-10T20:25:33Z,hw293,134,PASS
2026-08-10T20:25:33Z,hw293,135,PASS
2026-08-10T20:25:33Z,hw293,136,PASS
2026-08-10T20:25:33Z,hw293,137,PASS
2026-08-10T20:25:33Z,hw293,138,PASS
2026-08-10T20:25:33Z,hw293,139,PASS
2026-08-10T20:25:33Z,hw293,14,PASS
2026-08-10T20:25:33Z,hw293,140,PASS
2026-08-10T20:25:33Z,hw293,141,PASS
2026-08-10T20:25:33Z,hw293,142,PASS
2026-08-10T20:25:33Z,hw293,143,PASS
2026-08-10T20:25:33Z,hw293,144,PASS
2026-08-10T20:25:33Z,hw293,145,PASS
2026-08-10T20:25:33Z,hw293,146,PASS
2026-08-10T20:25:33Z,hw293,147,PASS
2026-08-10T20:25:33Z,hw293,148,PASS
2026-08-10T20:25:33Z,hw293,149,PASS
2026-08-10T20:25:33Z,hw293,15,FAIL
2026-08-10T20:25:33Z,hw293,150,PASS
2026-08-10T20:25:33Z,hw293,151,PASS
2026-08-10T20:25:33Z,hw293,152,PASS
2026-08-10T20:25:33Z,hw293,153,PASS
2026-08-10T20:25:33Z,hw293,154,PASS
2026-08-10T20:25:33Z,hw293,155,PASS
2026-08-10T20:25:33Z,hw293,156,PASS
2026-08-10T20:25:33Z,hw293,157,PASS
2026-08-10T20:25:33Z,hw293,158,PASS
2026-08-10T20:25:33Z,hw293,159,PASS
2026-08-10T20:25:33Z,hw293,16,FAIL
2026-08-10T20:25:33Z,hw293,160,FAIL
2026-08-10T20:25:33Z,hw293,161,PASS
2026-08-10T20:25:33Z,hw293,162,FAIL
2026-08-10T20:25:33Z,hw293,163,FAIL
2026-08-10T20:25:33Z,hw293,164,FAIL
2026-08-10T20:25:33Z,hw293,165,NOTRUN
2026-08-10T20:25:33Z,hw293,166,FAIL
2026-08-10T20:25:33Z,hw293,167,PASS
2026-08-10T20:25:33Z,hw293,168,PASS
2026-08-10T20:25:33Z,hw293,169,PASS
2026-08-10T20:25:33Z,hw293,17,PASS
2026-08-10T20:25:33Z,hw293,170,PASS
2026-08-10T20:25:33Z,hw293,171,PASS
2026-08-10T20:25:33Z,hw293,172,FAIL
2026-08-10T20:25:33Z,hw293,173,PASS
2026-08-10T20:25:33Z,hw293,174,NOTRUN
2026-08-10T20:25:33Z,hw293,175,PASS
2026-08-10T20:25:33Z,hw293,176,FAIL
2026-08-10T20:25:33Z,hw293,177,PASS
2026-08-10T20:25:33Z,hw293,178,PASS
2026-08-10T20:25:33Z,hw293,179,PASS
2026-08-10T20:25:33Z,hw293,18,PASS
2026-08-10T20:25:33Z,hw293,180,PASS
2026-08-10T20:25:33Z,hw293,181,PASS
2026-08-10T20:25:33Z,hw293,182,PASS
2026-08-10T20:25:33Z,hw293,183,PASS
2026-08-10T20:25:33Z,hw293,184,FAIL
2026-08-10T20:25:33Z,hw293,185,PASS
2026-08-10T20:25:33Z,hw293,186,PASS
2026-08-10T20:25:33Z,hw293,187,FAIL
2026-08-10T20:25:33Z,hw293,188,FAIL
2026-08-10T20:25:33Z,hw293,189,FAIL
2026-08-10T20:25:33Z,hw293,19,FAIL
2026-08-10T20:25:33Z,hw293,190,PASS
2026-08-10T20:25:33Z,hw293,191,PASS
2026-08-10T20:25:33Z,hw293,192,PASS
2026-08-10T20:25:33Z,hw293,193,PASS
2026-08-10T20:25:33Z,hw293,194,PASS
2026-08-10T20:25:33Z,hw293,195,PASS
2026-08-10T20:25:33Z,hw293,196,NOTRUN
2026-08-10T20:25:33Z,hw293,197,NOTRUN
2026-08-10T20:25:33Z,hw293,198,PASS
2026-08-10T20:25:33Z,hw293,199,PASS
2026-08-10T20:25:33Z,hw293,2,PASS
2026-08-10T20:25:33Z,hw293,20,PASS
2026-08-10T20:25:33Z,hw293,200,PASS
2026-08-10T20:25:33Z,hw293,201,PASS
2026-08-10T20:25:33Z,hw293,202,PASS
2026-08-10T20:25:33Z,hw293,203,PASS
2026-08-10T20:25:33Z,hw293,204,PASS
2026-08-10T20:25:33Z,hw293,205,PASS
2026-08-10T20:25:33Z,hw293,206,FAIL
2026-08-10T20:25:33Z,hw293,207,FAIL
2026-08-10T20:25:33Z,hw293,208,FAIL
2026-08-10T20:25:33Z,hw293,209,PASS
2026-08-10T20:25:33Z,hw293,21,PASS
2026-08-10T20:25:33Z,hw293,210,PASS
2026-08-10T20:25:33Z,hw293,211,PASS
2026-08-10T20:25:33Z,hw293,212,FAIL
2026-08-10T20:25:33Z,hw293,213,FAIL
2026-08-10T20:25:33Z,hw293,214,PASS
2026-08-10T20:25:33Z,hw293,215,PASS
2026-08-10T20:25:33Z,hw293,216,FAIL
2026-08-10T20:25:33Z,hw293,217,FAIL
2026-08-10T20:25:33Z,hw293,218,FAIL
2026-08-10T20:25:33Z,hw293,219,FAIL
2026-08-10T20:25:33Z,hw293,22,PASS
2026-08-10T20:25:33Z,hw293,220,FAIL
2026-08-10T20:25:33Z,hw293,221,FAIL
2026-08-10T20:25:33Z,hw293,222,FAIL
2026-08-10T20:25:33Z,hw293,223,FAIL
2026-08-10T20:25:33Z,hw293,224,PASS
2026-08-10T20:25:33Z,hw293,225,FAIL
2026-08-10T20:25:33Z,hw293,226,PASS
2026-08-10T20:25:33Z,hw293,227,FAIL
2026-08-10T20:25:33Z,hw293,228,FAIL
2026-08-10T20:25:33Z,hw293,229,FAIL
2026-08-10T20:25:33Z,hw293,23,PASS
2026-08-10T20:25:33Z,hw293,230,PASS
2026-08-10T20:25:33Z,hw293,231,PASS
2026-08-10T20:25:33Z,hw293,232,FAIL
2026-08-10T20:25:33Z,hw293,233,FAIL
2026-08-10T20:25:33Z,hw293,234,FAIL
2026-08-10T20:25:33Z,hw293,235,FAIL
2026-08-10T20:25:33Z,hw293,236,FAIL
2026-08-10T20:25:33Z,hw293,237,FAIL
2026-08-10T20:25:33Z,hw293,238,FAIL
2026-08-10T20:25:33Z,hw293,239,FAIL
2026-08-10T20:25:33Z,hw293,24,PASS
2026-08-10T20:25:33Z,hw293,240,PASS
2026-08-10T20:25:33Z,hw293,241,FAIL
2026-08-10T20:25:33Z,hw293,242,PASS
2026-08-10T20:25:33Z,hw293,243,PASS
2026-08-10T20:25:33Z,hw293,25,FAIL
2026-08-10T20:25:33Z,hw293,26,PASS
2026-08-10T20:25:33Z,hw293,27,PASS
2026-08-10T20:25:33Z,hw293,28,PASS
2026-08-10T20:25:33Z,hw293,29,FAIL
2026-08-10T20:25:33Z,hw293,3,PASS
2026-08-10T20:25:33Z,hw293,30,PASS
2026-08-10T20:25:33Z,hw293,31,PASS
2026-08-10T20:25:33Z,hw293,32,FAIL
2026-08-10T20:25:33Z,hw293,33,PASS
2026-08-10T20:25:33Z,hw293,34,PASS
2026-08-10T20:25:33Z,hw293,35,PASS
2026-08-10T20:25:33Z,hw293,36,FAIL
2026-08-10T20:25:33Z,hw293,37,PASS
2026-08-10T20:25:33Z,hw293,38,FAIL
2026-08-10T20:25:33Z,hw293,39,PASS
2026-08-10T20:25:33Z,hw293,4,PASS
2026-08-10T20:25:33Z,hw293,40,PASS
2026-08-10T20:25:33Z,hw293,41,PASS
2026-08-10T20:25:33Z,hw293,42,PASS
2026-08-10T20:25:33Z,hw293,43,PASS
2026-08-10T20:25:33Z,hw293,44,PASS
2026-08-10T20:25:33Z,hw293,45,PASS
2026-08-10T20:25:33Z,hw293,46,PASS
2026-08-10T20:25:33Z,hw293,47,PASS
2026-08-10T20:25:33Z,hw293,48,PASS
2026-08-10T20:25:33Z,hw293,49,PASS
2026-08-10T20:25:33Z,hw293,5,PASS
2026-08-10T20:25:33Z,hw293,50,NOTRUN
2026-08-10T20:25:33Z,hw293,51,FAIL
2026-08-10T20:25:33Z,hw293,52,FAIL
2026-08-10T20:25:33Z,hw293,53,PASS
2026-08-10T20:25:33Z,hw293,54,PASS
2026-08-10T20:25:33Z,hw293,55,FAIL
2026-08-10T20:25:33Z,hw293,56,FAIL
2026-08-10T20:25:33Z,hw293,57,FAIL
2026-08-10T20:25:33Z,hw293,58,PASS
2026-08-10T20:25:33Z,hw293,59,PASS
2026-08-10T20:25:33Z,hw293,6,PASS
2026-08-10T20:25:33Z,hw293,60,FAIL
2026-08-10T20:25:33Z,hw293,61,PASS
2026-08-10T20:25:33Z,hw293,62,FAIL
2026-08-10T20:25:33Z,hw293,63,FAIL
2026-08-10T20:25:33Z,hw293,64,FAIL
2026-08-10T20:25:33Z,hw293,65,FAIL
2026-08-10T20:25:33Z,hw293,66,FAIL
2026-08-10T20:25:33Z,hw293,67,FAIL
2026-08-10T20:25:33Z,hw293,68,PASS
2026-08-10T20:25:33Z,hw293,69,FAIL
2026-08-10T20:25:33Z,hw293,7,FAIL
2026-08-10T20:25:33Z,hw293,70,FAIL
2026-08-10T20:25:33Z,hw293,71,FAIL
2026-08-10T20:25:33Z,hw293,72,PASS
2026-08-10T20:25:33Z,hw293,73,PASS
2026-08-10T20:25:33Z,hw293,74,PASS
2026-08-10T20:25:33Z,hw293,75,PASS
2026-08-10T20:25:33Z,hw293,76,PASS
2026-08-10T20:25:33Z,hw293,77,PASS
2026-08-10T20:25:33Z,hw293,78,PASS
2026-08-10T20:25:33Z,hw293,79,PASS
2026-08-10T20:25:33Z,hw293,8,FAIL
2026-08-10T20:25:33Z,hw293,80,PASS
2026-08-10T20:25:33Z,hw293,81,PASS
2026-08-10T20:25:33Z,hw293,82,PASS
2026-08-10T20:25:33Z,hw293,83,PASS
2026-08-10T20:25:33Z,hw293,84,PASS
2026-08-10T20:25:33Z,hw293,85,PASS
2026-08-10T20:25:33Z,hw293,86,PASS
2026-08-10T20:25:33Z,hw293,87,FAIL
2026-08-10T20:25:33Z,hw293,88,PASS
2026-08-10T20:25:33Z,hw293,89,PASS
2026-08-10T20:25:33Z,hw293,9,PASS
2026-08-10T20:25:33Z,hw293,90,FAIL
2026-08-10T20:25:33Z,hw293,91,PASS
2026-08-10T20:25:33Z,hw293,92,PASS
2026-08-10T20:25:33Z,hw293,93,PASS
2026-08-10T20:25:33Z,hw293,94,PASS
2026-08-10T20:25:33Z,hw293,95,FAIL
2026-08-10T20:25:33Z,hw293,96,PASS
2026-08-10T20:25:33Z,hw293,97,NOTRUN
2026-08-10T20:25:33Z,hw293,98,PASS
2026-08-10T20:25:33Z,hw293,99,PASS
2026-08-10T20:25:33Z,hw293,G1,FAIL
2026-08-10T20:25:33Z,hw293,G10,PASS
2026-08-10T20:25:33Z,hw293,G11,FAIL
2026-08-10T20:25:33Z,hw293,G12,NOTRUN
2026-08-10T20:25:33Z,hw293,G2,FAIL
2026-08-10T20:25:33Z,hw293,G3,FAIL
2026-08-10T20:25:33Z,hw293,G4,PASS
2026-08-10T20:25:33Z,hw293,G5,PASS
2026-08-10T20:25:33Z,hw293,G6,FAIL
2026-08-10T20:25:33Z,hw293,G7,FAIL
2026-08-10T20:25:33Z,hw293,G8,FAIL
2026-08-10T20:25:33Z,hw293,G9,FAIL
2026-08-10T20:25:33Z,hw293,M1,PASS
2026-08-10T20:25:33Z,hw293,M2,PASS
2026-08-10T20:25:33Z,hw293,M3,PASS
2026-08-10T20:25:33Z,hw293,M4,PASS
2026-08-10T20:25:33Z,hw293,R1,PASS
2026-08-10T20:25:33Z,hw293,R10,PASS
2026-08-10T20:25:33Z,hw293,R11,PASS
2026-08-10T20:25:33Z,hw293,R12,FAIL
2026-08-10T20:25:33Z,hw293,R13,FAIL
2026-08-10T20:25:33Z,hw293,R14,PASS
2026-08-10T20:25:33Z,hw293,R15,PASS
2026-08-10T20:25:33Z,hw293,R16,FAIL
2026-08-10T20:25:33Z,hw293,R17,FAIL
2026-08-10T20:25:33Z,hw293,R18,PASS
2026-08-10T20:25:33Z,hw293,R19,FAIL
2026-08-10T20:25:33Z,hw293,R2,PASS
2026-08-10T20:25:33Z,hw293,R20,PASS
2026-08-10T20:25:33Z,hw293,R21,FAIL
2026-08-10T20:25:33Z,hw293,R22,PASS
2026-08-10T20:25:33Z,hw293,R3,PASS
2026-08-10T20:25:33Z,hw293,R4,PASS
2026-08-10T20:25:33Z,hw293,R5,PASS
2026-08-10T20:25:33Z,hw293,R6,PASS
2026-08-10T20:25:33Z,hw293,R7,PASS
2026-08-10T20:25:33Z,hw293,R8,PASS
2026-08-10T20:25:33Z,hw293,R9,PASS
2026-08-10T20:25:33Z,hw293,W1,FAIL
2026-08-10T20:25:33Z,hw293,W2,FAIL
2026-08-10T20:25:33Z,hw293,W3,NOTRUN
2026-08-10T20:25:33Z,hw293,W4,PASS
2026-08-10T20:25:33Z,hw293,W5,FAIL
2026-08-10T20:48:17Z,hw293,1,PASS
2026-08-10T20:48:17Z,hw293,10,PASS
2026-08-10T20:48:17Z,hw293,100,FAIL
2026-08-10T20:48:17Z,hw293,101,NOTRUN
2026-08-10T20:48:17Z,hw293,102,PASS
2026-08-10T20:48:17Z,hw293,103,PASS
2026-08-10T20:48:17Z,hw293,104,NOTRUN
2026-08-10T20:48:17Z,hw293,105,NOTRUN
2026-08-10T20:48:17Z,hw293,106,PASS
2026-08-10T20:48:17Z,hw293,107,FAIL
2026-08-10T20:48:17Z,hw293,108,NOTRUN
2026-08-10T20:48:17Z,hw293,109,FAIL
2026-08-10T20:48:17Z,hw293,11,PASS
2026-08-10T20:48:17Z,hw293,110,PASS
2026-08-10T20:48:17Z,hw293,111,FAIL
2026-08-10T20:48:17Z,hw293,112,PASS
2026-08-10T20:48:17Z,hw293,113,PASS
2026-08-10T20:48:17Z,hw293,114,PASS
2026-08-10T20:48:17Z,hw293,115,FAIL
2026-08-10T20:48:17Z,hw293,116,PASS
2026-08-10T20:48:17Z,hw293,117,PASS
2026-08-10T20:48:17Z,hw293,118,PASS
2026-08-10T20:48:17Z,hw293,119,PASS
2026-08-10T20:48:17Z,hw293,12,PASS
2026-08-10T20:48:17Z,hw293,120,PASS
2026-08-10T20:48:17Z,hw293,121,PASS
2026-08-10T20:48:17Z,hw293,122,PASS
2026-08-10T20:48:17Z,hw293,123,PASS
2026-08-10T20:48:17Z,hw293,124,PASS
2026-08-10T20:48:17Z,hw293,125,PASS
2026-08-10T20:48:17Z,hw293,126,PASS
2026-08-10T20:48:17Z,hw293,127,PASS
2026-08-10T20:48:17Z,hw293,128,PASS
2026-08-10T20:48:17Z,hw293,129,PASS
2026-08-10T20:48:17Z,hw293,13,PASS
2026-08-10T20:48:17Z,hw293,130,PASS
2026-08-10T20:48:17Z,hw293,131,PASS
2026-08-10T20:48:17Z,hw293,132,PASS
2026-08-10T20:48:17Z,hw293,133,PASS
2026-08-10T20:48:17Z,hw293,134,PASS
2026-08-10T20:48:17Z,hw293,135,PASS
2026-08-10T20:48:17Z,hw293,136,PASS
2026-08-10T20:48:17Z,hw293,137,PASS
2026-08-10T20:48:17Z,hw293,138,PASS
2026-08-10T20:48:17Z,hw293,139,PASS
2026-08-10T20:48:17Z,hw293,14,PASS
2026-08-10T20:48:17Z,hw293,140,PASS
2026-08-10T20:48:17Z,hw293,141,PASS
2026-08-10T20:48:17Z,hw293,142,PASS
2026-08-10T20:48:17Z,hw293,143,PASS
2026-08-10T20:48:17Z,hw293,144,PASS
2026-08-10T20:48:17Z,hw293,145,PASS
2026-08-10T20:48:17Z,hw293,146,PASS
2026-08-10T20:48:17Z,hw293,147,PASS
2026-08-10T20:48:17Z,hw293,148,PASS
2026-08-10T20:48:17Z,hw293,149,PASS
2026-08-10T20:48:17Z,hw293,15,FAIL
2026-08-10T20:48:17Z,hw293,150,PASS
2026-08-10T20:48:17Z,hw293,151,PASS
2026-08-10T20:48:17Z,hw293,152,PASS
2026-08-10T20:48:17Z,hw293,153,PASS
2026-08-10T20:48:17Z,hw293,154,PASS
2026-08-10T20:48:17Z,hw293,155,PASS
2026-08-10T20:48:17Z,hw293,156,PASS
2026-08-10T20:48:17Z,hw293,157,PASS
2026-08-10T20:48:17Z,hw293,158,PASS
2026-08-10T20:48:17Z,hw293,159,PASS
2026-08-10T20:48:17Z,hw293,16,FAIL
2026-08-10T20:48:17Z,hw293,160,FAIL
2026-08-10T20:48:17Z,hw293,161,PASS
2026-08-10T20:48:17Z,hw293,162,FAIL
2026-08-10T20:48:17Z,hw293,163,FAIL
2026-08-10T20:48:17Z,hw293,164,FAIL
2026-08-10T20:48:17Z,hw293,165,NOTRUN
2026-08-10T20:48:17Z,hw293,166,FAIL
2026-08-10T20:48:17Z,hw293,167,PASS
2026-08-10T20:48:17Z,hw293,168,PASS
2026-08-10T20:48:17Z,hw293,169,PASS
2026-08-10T20:48:17Z,hw293,17,PASS
2026-08-10T20:48:17Z,hw293,170,PASS
2026-08-10T20:48:17Z,hw293,171,PASS
2026-08-10T20:48:17Z,hw293,172,FAIL
2026-08-10T20:48:17Z,hw293,173,PASS
2026-08-10T20:48:17Z,hw293,174,NOTRUN
2026-08-10T20:48:17Z,hw293,175,PASS
2026-08-10T20:48:17Z,hw293,176,FAIL
2026-08-10T20:48:17Z,hw293,177,PASS
2026-08-10T20:48:17Z,hw293,178,PASS
2026-08-10T20:48:17Z,hw293,179,PASS
2026-08-10T20:48:17Z,hw293,18,PASS
2026-08-10T20:48:17Z,hw293,180,PASS
2026-08-10T20:48:17Z,hw293,181,PASS
2026-08-10T20:48:17Z,hw293,182,PASS
2026-08-10T20:48:17Z,hw293,183,PASS
2026-08-10T20:48:17Z,hw293,184,FAIL
2026-08-10T20:48:17Z,hw293,185,PASS
2026-08-10T20:48:17Z,hw293,186,PASS
2026-08-10T20:48:17Z,hw293,187,FAIL
2026-08-10T20:48:17Z,hw293,188,FAIL
2026-08-10T20:48:17Z,hw293,189,FAIL
2026-08-10T20:48:17Z,hw293,19,FAIL
2026-08-10T20:48:17Z,hw293,190,PASS
2026-08-10T20:48:17Z,hw293,191,PASS
2026-08-10T20:48:17Z,hw293,192,PASS
2026-08-10T20:48:17Z,hw293,193,PASS
2026-08-10T20:48:17Z,hw293,194,PASS
2026-08-10T20:48:17Z,hw293,195,PASS
2026-08-10T20:48:17Z,hw293,196,NOTRUN
2026-08-10T20:48:17Z,hw293,197,NOTRUN
2026-08-10T20:48:17Z,hw293,198,PASS
2026-08-10T20:48:17Z,hw293,199,PASS
2026-08-10T20:48:17Z,hw293,2,PASS
2026-08-10T20:48:17Z,hw293,20,PASS
2026-08-10T20:48:17Z,hw293,200,PASS
2026-08-10T20:48:17Z,hw293,201,PASS
2026-08-10T20:48:17Z,hw293,202,PASS
2026-08-10T20:48:17Z,hw293,203,PASS
2026-08-10T20:48:17Z,hw293,204,PASS
2026-08-10T20:48:17Z,hw293,205,PASS
2026-08-10T20:48:17Z,hw293,206,FAIL
2026-08-10T20:48:17Z,hw293,207,FAIL
2026-08-10T20:48:17Z,hw293,208,FAIL
2026-08-10T20:48:17Z,hw293,209,PASS
2026-08-10T20:48:17Z,hw293,21,PASS
2026-08-10T20:48:17Z,hw293,210,PASS
2026-08-10T20:48:17Z,hw293,211,PASS
2026-08-10T20:48:17Z,hw293,212,FAIL
2026-08-10T20:48:17Z,hw293,213,FAIL
2026-08-10T20:48:17Z,hw293,214,PASS
2026-08-10T20:48:17Z,hw293,215,PASS
2026-08-10T20:48:17Z,hw293,216,FAIL
2026-08-10T20:48:17Z,hw293,217,FAIL
2026-08-10T20:48:17Z,hw293,218,FAIL
2026-08-10T20:48:17Z,hw293,219,FAIL
2026-08-10T20:48:17Z,hw293,22,PASS
2026-08-10T20:48:17Z,hw293,220,FAIL
2026-08-10T20:48:17Z,hw293,221,FAIL
2026-08-10T20:48:17Z,hw293,222,FAIL
2026-08-10T20:48:17Z,hw293,223,FAIL
2026-08-10T20:48:17Z,hw293,224,PASS
2026-08-10T20:48:17Z,hw293,225,PASS
2026-08-10T20:48:17Z,hw293,226,PASS
2026-08-10T20:48:17Z,hw293,227,FAIL
2026-08-10T20:48:17Z,hw293,228,FAIL
2026-08-10T20:48:17Z,hw293,229,FAIL
2026-08-10T20:48:17Z,hw293,23,PASS
2026-08-10T20:48:17Z,hw293,230,PASS
2026-08-10T20:48:17Z,hw293,231,PASS
2026-08-10T20:48:17Z,hw293,232,FAIL
2026-08-10T20:48:17Z,hw293,233,PASS
2026-08-10T20:48:17Z,hw293,234,FAIL
2026-08-10T20:48:17Z,hw293,235,FAIL
2026-08-10T20:48:17Z,hw293,236,FAIL
2026-08-10T20:48:17Z,hw293,237,FAIL
2026-08-10T20:48:17Z,hw293,238,FAIL
2026-08-10T20:48:17Z,hw293,239,FAIL
2026-08-10T20:48:17Z,hw293,24,PASS
2026-08-10T20:48:17Z,hw293,240,PASS
2026-08-10T20:48:17Z,hw293,241,FAIL
2026-08-10T20:48:17Z,hw293,242,PASS
2026-08-10T20:48:17Z,hw293,243,PASS
2026-08-10T20:48:17Z,hw293,25,FAIL
2026-08-10T20:48:17Z,hw293,26,PASS
2026-08-10T20:48:17Z,hw293,27,PASS
2026-08-10T20:48:17Z,hw293,28,PASS
2026-08-10T20:48:17Z,hw293,29,FAIL
2026-08-10T20:48:17Z,hw293,3,PASS
2026-08-10T20:48:17Z,hw293,30,PASS
2026-08-10T20:48:17Z,hw293,31,PASS
2026-08-10T20:48:17Z,hw293,32,FAIL
2026-08-10T20:48:17Z,hw293,33,PASS
2026-08-10T20:48:17Z,hw293,34,PASS
2026-08-10T20:48:17Z,hw293,35,PASS
2026-08-10T20:48:17Z,hw293,36,FAIL
2026-08-10T20:48:17Z,hw293,37,PASS
2026-08-10T20:48:17Z,hw293,38,FAIL
2026-08-10T20:48:17Z,hw293,39,PASS
2026-08-10T20:48:17Z,hw293,4,PASS
2026-08-10T20:48:17Z,hw293,40,PASS
2026-08-10T20:48:17Z,hw293,41,PASS
2026-08-10T20:48:17Z,hw293,42,PASS
2026-08-10T20:48:17Z,hw293,43,PASS
2026-08-10T20:48:17Z,hw293,44,PASS
2026-08-10T20:48:17Z,hw293,45,PASS
2026-08-10T20:48:17Z,hw293,46,PASS
2026-08-10T20:48:17Z,hw293,47,PASS
2026-08-10T20:48:17Z,hw293,48,PASS
2026-08-10T20:48:17Z,hw293,49,PASS
2026-08-10T20:48:17Z,hw293,5,PASS
2026-08-10T20:48:17Z,hw293,50,NOTRUN
2026-08-10T20:48:17Z,hw293,51,FAIL
2026-08-10T20:48:17Z,hw293,52,FAIL
2026-08-10T20:48:17Z,hw293,53,PASS
2026-08-10T20:48:17Z,hw293,54,PASS
2026-08-10T20:48:17Z,hw293,55,FAIL
2026-08-10T20:48:17Z,hw293,56,FAIL
2026-08-10T20:48:17Z,hw293,57,FAIL
2026-08-10T20:48:17Z,hw293,58,PASS
2026-08-10T20:48:17Z,hw293,59,PASS
2026-08-10T20:48:17Z,hw293,6,PASS
2026-08-10T20:48:17Z,hw293,60,FAIL
2026-08-10T20:48:17Z,hw293,61,PASS
2026-08-10T20:48:17Z,hw293,62,FAIL
2026-08-10T20:48:17Z,hw293,63,FAIL
2026-08-10T20:48:17Z,hw293,64,FAIL
2026-08-10T20:48:17Z,hw293,65,FAIL
2026-08-10T20:48:17Z,hw293,66,FAIL
2026-08-10T20:48:17Z,hw293,67,FAIL
2026-08-10T20:48:17Z,hw293,68,PASS
2026-08-10T20:48:17Z,hw293,69,FAIL
2026-08-10T20:48:17Z,hw293,7,FAIL
2026-08-10T20:48:17Z,hw293,70,FAIL
2026-08-10T20:48:17Z,hw293,71,FAIL
2026-08-10T20:48:17Z,hw293,72,PASS
2026-08-10T20:48:17Z,hw293,73,PASS
2026-08-10T20:48:17Z,hw293,74,PASS
2026-08-10T20:48:17Z,hw293,75,PASS
2026-08-10T20:48:17Z,hw293,76,PASS
2026-08-10T20:48:17Z,hw293,77,PASS
2026-08-10T20:48:17Z,hw293,78,PASS
2026-08-10T20:48:17Z,hw293,79,PASS
2026-08-10T20:48:17Z,hw293,8,FAIL
2026-08-10T20:48:17Z,hw293,80,PASS
2026-08-10T20:48:17Z,hw293,81,PASS
2026-08-10T20:48:17Z,hw293,82,PASS
2026-08-10T20:48:17Z,hw293,83,PASS
2026-08-10T20:48:17Z,hw293,84,PASS
2026-08-10T20:48:17Z,hw293,85,PASS
2026-08-10T20:48:17Z,hw293,86,PASS
2026-08-10T20:48:17Z,hw293,87,FAIL
2026-08-10T20:48:17Z,hw293,88,PASS
2026-08-10T20:48:17Z,hw293,89,PASS
2026-08-10T20:48:17Z,hw293,9,PASS
2026-08-10T20:48:17Z,hw293,90,FAIL
2026-08-10T20:48:17Z,hw293,91,PASS
2026-08-10T20:48:17Z,hw293,92,PASS
2026-08-10T20:48:17Z,hw293,93,PASS
2026-08-10T20:48:17Z,hw293,94,PASS
2026-08-10T20:48:17Z,hw293,95,FAIL
2026-08-10T20:48:17Z,hw293,96,PASS
2026-08-10T20:48:17Z,hw293,97,NOTRUN
2026-08-10T20:48:17Z,hw293,98,PASS
2026-08-10T20:48:17Z,hw293,99,PASS
2026-08-10T20:48:17Z,hw293,G1,FAIL
2026-08-10T20:48:17Z,hw293,G10,PASS
2026-08-10T20:48:17Z,hw293,G11,FAIL
2026-08-10T20:48:17Z,hw293,G12,NOTRUN
2026-08-10T20:48:17Z,hw293,G2,FAIL
2026-08-10T20:48:17Z,hw293,G3,FAIL
2026-08-10T20:48:17Z,hw293,G4,PASS
2026-08-10T20:48:17Z,hw293,G5,PASS
2026-08-10T20:48:17Z,hw293,G6,FAIL
2026-08-10T20:48:17Z,hw293,G7,FAIL
2026-08-10T20:48:17Z,hw293,G8,FAIL
2026-08-10T20:48:17Z,hw293,G9,FAIL
2026-08-10T20:48:17Z,hw293,M1,PASS
2026-08-10T20:48:17Z,hw293,M2,PASS
2026-08-10T20:48:17Z,hw293,M3,PASS
2026-08-10T20:48:17Z,hw293,M4,PASS
2026-08-10T20:48:17Z,hw293,R1,PASS
2026-08-10T20:48:17Z,hw293,R10,PASS
2026-08-10T20:48:17Z,hw293,R11,PASS
2026-08-10T20:48:17Z,hw293,R12,FAIL
2026-08-10T20:48:17Z,hw293,R13,FAIL
2026-08-10T20:48:17Z,hw293,R14,PASS
2026-08-10T20:48:17Z,hw293,R15,PASS
2026-08-10T20:48:17Z,hw293,R16,FAIL
2026-08-10T20:48:17Z,hw293,R17,FAIL
2026-08-10T20:48:17Z,hw293,R18,PASS
2026-08-10T20:48:17Z,hw293,R19,FAIL
2026-08-10T20:48:17Z,hw293,R2,PASS
2026-08-10T20:48:17Z,hw293,R20,PASS
2026-08-10T20:48:17Z,hw293,R21,PASS
2026-08-10T20:48:17Z,hw293,R22,PASS
2026-08-10T20:48:17Z,hw293,R3,PASS
2026-08-10T20:48:17Z,hw293,R4,PASS
2026-08-10T20:48:17Z,hw293,R5,PASS
2026-08-10T20:48:17Z,hw293,R6,PASS
2026-08-10T20:48:17Z,hw293,R7,PASS
2026-08-10T20:48:17Z,hw293,R8,PASS
2026-08-10T20:48:17Z,hw293,R9,PASS
2026-08-10T20:48:17Z,hw293,W1,FAIL
2026-08-10T20:48:17Z,hw293,W2,FAIL
2026-08-10T20:48:17Z,hw293,W3,NOTRUN
2026-08-10T20:48:17Z,hw293,W4,PASS
2026-08-10T20:48:17Z,hw293,W5,FAIL
2026-08-10T23:09:15Z,hw293,1,PASS
2026-08-10T23:09:15Z,hw293,10,PASS
2026-08-10T23:09:15Z,hw293,100,FAIL
2026-08-10T23:09:15Z,hw293,101,NOTRUN
2026-08-10T23:09:15Z,hw293,102,PASS
2026-08-10T23:09:15Z,hw293,103,PASS
2026-08-10T23:09:15Z,hw293,104,PASS
2026-08-10T23:09:15Z,hw293,105,PASS
2026-08-10T23:09:15Z,hw293,106,PASS
2026-08-10T23:09:15Z,hw293,107,FAIL
2026-08-10T23:09:15Z,hw293,108,PASS
2026-08-10T23:09:15Z,hw293,109,FAIL
2026-08-10T23:09:15Z,hw293,11,PASS
2026-08-10T23:09:15Z,hw293,110,PASS
2026-08-10T23:09:15Z,hw293,111,FAIL
2026-08-10T23:09:15Z,hw293,112,PASS
2026-08-10T23:09:15Z,hw293,113,PASS
2026-08-10T23:09:15Z,hw293,114,PASS
2026-08-10T23:09:15Z,hw293,115,FAIL
2026-08-10T23:09:15Z,hw293,116,PASS
2026-08-10T23:09:15Z,hw293,117,PASS
2026-08-10T23:09:15Z,hw293,118,PASS
2026-08-10T23:09:15Z,hw293,119,PASS
2026-08-10T23:09:15Z,hw293,12,PASS
2026-08-10T23:09:15Z,hw293,120,PASS
2026-08-10T23:09:15Z,hw293,121,PASS
2026-08-10T23:09:15Z,hw293,122,PASS
2026-08-10T23:09:15Z,hw293,123,PASS
2026-08-10T23:09:15Z,hw293,124,PASS
2026-08-10T23:09:15Z,hw293,125,PASS
2026-08-10T23:09:15Z,hw293,126,PASS
2026-08-10T23:09:15Z,hw293,127,PASS
2026-08-10T23:09:15Z,hw293,128,PASS
2026-08-10T23:09:15Z,hw293,129,PASS
2026-08-10T23:09:15Z,hw293,13,PASS
2026-08-10T23:09:15Z,hw293,130,PASS
2026-08-10T23:09:15Z,hw293,131,PASS
2026-08-10T23:09:15Z,hw293,132,PASS
2026-08-10T23:09:15Z,hw293,133,PASS
2026-08-10T23:09:15Z,hw293,134,PASS
2026-08-10T23:09:15Z,hw293,135,PASS
2026-08-10T23:09:15Z,hw293,136,PASS
2026-08-10T23:09:15Z,hw293,137,PASS
2026-08-10T23:09:15Z,hw293,138,PASS
2026-08-10T23:09:15Z,hw293,139,PASS
2026-08-10T23:09:15Z,hw293,14,PASS
2026-08-10T23:09:15Z,hw293,140,PASS
2026-08-10T23:09:15Z,hw293,141,PASS
2026-08-10T23:09:15Z,hw293,142,PASS
2026-08-10T23:09:15Z,hw293,143,PASS
2026-08-10T23:09:15Z,hw293,144,PASS
2026-08-10T23:09:15Z,hw293,145,PASS
2026-08-10T23:09:15Z,hw293,146,PASS
2026-08-10T23:09:15Z,hw293,147,PASS
2026-08-10T23:09:15Z,hw293,148,PASS
2026-08-10T23:09:15Z,hw293,149,PASS
2026-08-10T23:09:15Z,hw293,15,FAIL
2026-08-10T23:09:15Z,hw293,150,PASS
2026-08-10T23:09:15Z,hw293,151,PASS
2026-08-10T23:09:15Z,hw293,152,PASS
2026-08-10T23:09:15Z,hw293,153,PASS
2026-08-10T23:09:15Z,hw293,154,PASS
2026-08-10T23:09:15Z,hw293,155,PASS
2026-08-10T23:09:15Z,hw293,156,PASS
2026-08-10T23:09:15Z,hw293,157,PASS
2026-08-10T23:09:15Z,hw293,158,PASS
2026-08-10T23:09:15Z,hw293,159,PASS
2026-08-10T23:09:15Z,hw293,16,FAIL
2026-08-10T23:09:15Z,hw293,160,FAIL
2026-08-10T23:09:15Z,hw293,161,PASS
2026-08-10T23:09:15Z,hw293,162,FAIL
2026-08-10T23:09:15Z,hw293,163,FAIL
2026-08-10T23:09:15Z,hw293,164,FAIL
2026-08-10T23:09:15Z,hw293,165,NOTRUN
2026-08-10T23:09:15Z,hw293,166,FAIL
2026-08-10T23:09:15Z,hw293,167,PASS
2026-08-10T23:09:15Z,hw293,168,PASS
2026-08-10T23:09:15Z,hw293,169,PASS
2026-08-10T23:09:15Z,hw293,17,PASS
2026-08-10T23:09:15Z,hw293,170,PASS
2026-08-10T23:09:15Z,hw293,171,PASS
2026-08-10T23:09:15Z,hw293,172,FAIL
2026-08-10T23:09:15Z,hw293,173,PASS
2026-08-10T23:09:15Z,hw293,174,NOTRUN
2026-08-10T23:09:15Z,hw293,175,PASS
2026-08-10T23:09:15Z,hw293,176,FAIL
2026-08-10T23:09:15Z,hw293,177,PASS
2026-08-10T23:09:15Z,hw293,178,PASS
2026-08-10T23:09:15Z,hw293,179,PASS
2026-08-10T23:09:15Z,hw293,18,PASS
2026-08-10T23:09:15Z,hw293,180,PASS
2026-08-10T23:09:15Z,hw293,181,PASS
2026-08-10T23:09:15Z,hw293,182,PASS
2026-08-10T23:09:15Z,hw293,183,PASS
2026-08-10T23:09:15Z,hw293,184,FAIL
2026-08-10T23:09:15Z,hw293,185,PASS
2026-08-10T23:09:15Z,hw293,186,PASS
2026-08-10T23:09:15Z,hw293,187,FAIL
2026-08-10T23:09:15Z,hw293,188,FAIL
2026-08-10T23:09:15Z,hw293,189,FAIL
2026-08-10T23:09:15Z,hw293,19,FAIL
2026-08-10T23:09:15Z,hw293,190,PASS
2026-08-10T23:09:15Z,hw293,191,PASS
2026-08-10T23:09:15Z,hw293,192,PASS
2026-08-10T23:09:15Z,hw293,193,PASS
2026-08-10T23:09:15Z,hw293,194,PASS
2026-08-10T23:09:15Z,hw293,195,PASS
2026-08-10T23:09:15Z,hw293,196,PASS
2026-08-10T23:09:15Z,hw293,197,FAIL
2026-08-10T23:09:15Z,hw293,198,PASS
2026-08-10T23:09:15Z,hw293,199,PASS
2026-08-10T23:09:15Z,hw293,2,PASS
2026-08-10T23:09:15Z,hw293,20,PASS
2026-08-10T23:09:15Z,hw293,200,PASS
2026-08-10T23:09:15Z,hw293,201,PASS
2026-08-10T23:09:15Z,hw293,202,PASS
2026-08-10T23:09:15Z,hw293,203,PASS
2026-08-10T23:09:15Z,hw293,204,PASS
2026-08-10T23:09:15Z,hw293,205,PASS
2026-08-10T23:09:15Z,hw293,206,FAIL
2026-08-10T23:09:15Z,hw293,207,FAIL
2026-08-10T23:09:15Z,hw293,208,FAIL
2026-08-10T23:09:15Z,hw293,209,PASS
2026-08-10T23:09:15Z,hw293,21,PASS
2026-08-10T23:09:15Z,hw293,210,PASS
2026-08-10T23:09:15Z,hw293,211,PASS
2026-08-10T23:09:15Z,hw293,212,FAIL
2026-08-10T23:09:15Z,hw293,213,FAIL
2026-08-10T23:09:15Z,hw293,214,PASS
2026-08-10T23:09:15Z,hw293,215,PASS
2026-08-10T23:09:15Z,hw293,216,FAIL
2026-08-10T23:09:15Z,hw293,217,FAIL
2026-08-10T23:09:15Z,hw293,218,FAIL
2026-08-10T23:09:15Z,hw293,219,FAIL
2026-08-10T23:09:15Z,hw293,22,PASS
2026-08-10T23:09:15Z,hw293,220,FAIL
2026-08-10T23:09:15Z,hw293,221,FAIL
2026-08-10T23:09:15Z,hw293,222,FAIL
2026-08-10T23:09:15Z,hw293,223,FAIL
2026-08-10T23:09:15Z,hw293,224,PASS
2026-08-10T23:09:15Z,hw293,225,PASS
2026-08-10T23:09:15Z,hw293,226,PASS
2026-08-10T23:09:15Z,hw293,227,FAIL
2026-08-10T23:09:15Z,hw293,228,FAIL
2026-08-10T23:09:15Z,hw293,229,FAIL
2026-08-10T23:09:15Z,hw293,23,PASS
2026-08-10T23:09:15Z,hw293,230,PASS
2026-08-10T23:09:15Z,hw293,231,PASS
2026-08-10T23:09:15Z,hw293,232,FAIL
2026-08-10T23:09:15Z,hw293,233,PASS
2026-08-10T23:09:15Z,hw293,234,FAIL
2026-08-10T23:09:15Z,hw293,235,FAIL
2026-08-10T23:09:15Z,hw293,236,FAIL
2026-08-10T23:09:15Z,hw293,237,FAIL
2026-08-10T23:09:15Z,hw293,238,FAIL
2026-08-10T23:09:15Z,hw293,239,FAIL
2026-08-10T23:09:15Z,hw293,24,PASS
2026-08-10T23:09:15Z,hw293,240,PASS
2026-08-10T23:09:15Z,hw293,241,FAIL
2026-08-10T23:09:15Z,hw293,242,PASS
2026-08-10T23:09:15Z,hw293,243,PASS
2026-08-10T23:09:15Z,hw293,25,FAIL
2026-08-10T23:09:15Z,hw293,26,PASS
2026-08-10T23:09:15Z,hw293,27,PASS
2026-08-10T23:09:15Z,hw293,28,PASS
2026-08-10T23:09:15Z,hw293,29,FAIL
2026-08-10T23:09:15Z,hw293,3,PASS
2026-08-10T23:09:15Z,hw293,30,PASS
2026-08-10T23:09:15Z,hw293,31,PASS
2026-08-10T23:09:15Z,hw293,32,FAIL
2026-08-10T23:09:15Z,hw293,33,PASS
2026-08-10T23:09:15Z,hw293,34,PASS
2026-08-10T23:09:15Z,hw293,35,PASS
2026-08-10T23:09:15Z,hw293,36,FAIL
2026-08-10T23:09:15Z,hw293,37,PASS
2026-08-10T23:09:15Z,hw293,38,FAIL
2026-08-10T23:09:15Z,hw293,39,PASS
2026-08-10T23:09:15Z,hw293,4,PASS
2026-08-10T23:09:15Z,hw293,40,PASS
2026-08-10T23:09:15Z,hw293,41,PASS
2026-08-10T23:09:15Z,hw293,42,PASS
2026-08-10T23:09:15Z,hw293,43,PASS
2026-08-10T23:09:15Z,hw293,44,PASS
2026-08-10T23:09:15Z,hw293,45,PASS
2026-08-10T23:09:15Z,hw293,46,PASS
2026-08-10T23:09:15Z,hw293,47,PASS
2026-08-10T23:09:15Z,hw293,48,PASS
2026-08-10T23:09:15Z,hw293,49,PASS
2026-08-10T23:09:15Z,hw293,5,PASS
2026-08-10T23:09:15Z,hw293,50,PASS
2026-08-10T23:09:15Z,hw293,51,FAIL
2026-08-10T23:09:15Z,hw293,52,FAIL
2026-08-10T23:09:15Z,hw293,53,PASS
2026-08-10T23:09:15Z,hw293,54,PASS
2026-08-10T23:09:15Z,hw293,55,FAIL
2026-08-10T23:09:15Z,hw293,56,FAIL
2026-08-10T23:09:15Z,hw293,57,FAIL
2026-08-10T23:09:15Z,hw293,58,PASS
2026-08-10T23:09:15Z,hw293,59,PASS
2026-08-10T23:09:15Z,hw293,6,PASS
2026-08-10T23:09:15Z,hw293,60,FAIL
2026-08-10T23:09:15Z,hw293,61,PASS
2026-08-10T23:09:15Z,hw293,62,FAIL
2026-08-10T23:09:15Z,hw293,63,FAIL
2026-08-10T23:09:15Z,hw293,64,FAIL
2026-08-10T23:09:15Z,hw293,65,FAIL
2026-08-10T23:09:15Z,hw293,66,FAIL
2026-08-10T23:09:15Z,hw293,67,FAIL
2026-08-10T23:09:15Z,hw293,68,PASS
2026-08-10T23:09:15Z,hw293,69,FAIL
2026-08-10T23:09:15Z,hw293,7,FAIL
2026-08-10T23:09:15Z,hw293,70,FAIL
2026-08-10T23:09:15Z,hw293,71,FAIL
2026-08-10T23:09:15Z,hw293,72,PASS
2026-08-10T23:09:15Z,hw293,73,PASS
2026-08-10T23:09:15Z,hw293,74,PASS
2026-08-10T23:09:15Z,hw293,75,PASS
2026-08-10T23:09:15Z,hw293,76,PASS
2026-08-10T23:09:15Z,hw293,77,PASS
2026-08-10T23:09:15Z,hw293,78,PASS
2026-08-10T23:09:15Z,hw293,79,PASS
2026-08-10T23:09:15Z,hw293,8,FAIL
2026-08-10T23:09:15Z,hw293,80,PASS
2026-08-10T23:09:15Z,hw293,81,PASS
2026-08-10T23:09:15Z,hw293,82,PASS
2026-08-10T23:09:15Z,hw293,83,PASS
2026-08-10T23:09:15Z,hw293,84,PASS
2026-08-10T23:09:15Z,hw293,85,PASS
2026-08-10T23:09:15Z,hw293,86,PASS
2026-08-10T23:09:15Z,hw293,87,FAIL
2026-08-10T23:09:15Z,hw293,88,PASS
2026-08-10T23:09:15Z,hw293,89,PASS
2026-08-10T23:09:15Z,hw293,9,PASS
2026-08-10T23:09:15Z,hw293,90,FAIL
2026-08-10T23:09:15Z,hw293,91,PASS
2026-08-10T23:09:15Z,hw293,92,PASS
2026-08-10T23:09:15Z,hw293,93,PASS
2026-08-10T23:09:15Z,hw293,94,PASS
2026-08-10T23:09:15Z,hw293,95,FAIL
2026-08-10T23:09:15Z,hw293,96,PASS
2026-08-10T23:09:15Z,hw293,97,PASS
2026-08-10T23:09:15Z,hw293,98,PASS
2026-08-10T23:09:15Z,hw293,99,PASS
2026-08-10T23:09:15Z,hw293,G1,FAIL
2026-08-10T23:09:15Z,hw293,G10,PASS
2026-08-10T23:09:15Z,hw293,G11,FAIL
2026-08-10T23:09:15Z,hw293,G12,NOTRUN
2026-08-10T23:09:15Z,hw293,G2,FAIL
2026-08-10T23:09:15Z,hw293,G3,FAIL
2026-08-10T23:09:15Z,hw293,G4,PASS
2026-08-10T23:09:15Z,hw293,G5,PASS
2026-08-10T23:09:15Z,hw293,G6,FAIL
2026-08-10T23:09:15Z,hw293,G7,FAIL
2026-08-10T23:09:15Z,hw293,G8,FAIL
2026-08-10T23:09:15Z,hw293,G9,FAIL
2026-08-10T23:09:15Z,hw293,M1,PASS
2026-08-10T23:09:15Z,hw293,M2,PASS
2026-08-10T23:09:15Z,hw293,M3,PASS
2026-08-10T23:09:15Z,hw293,M4,PASS
2026-08-10T23:09:15Z,hw293,R1,PASS
2026-08-10T23:09:15Z,hw293,R10,PASS
2026-08-10T23:09:15Z,hw293,R11,PASS
2026-08-10T23:09:15Z,hw293,R12,FAIL
2026-08-10T23:09:15Z,hw293,R13,FAIL
2026-08-10T23:09:15Z,hw293,R14,PASS
2026-08-10T23:09:15Z,hw293,R15,PASS
2026-08-10T23:09:15Z,hw293,R16,FAIL
2026-08-10T23:09:15Z,hw293,R17,FAIL
2026-08-10T23:09:15Z,hw293,R18,PASS
2026-08-10T23:09:15Z,hw293,R19,FAIL
2026-08-10T23:09:15Z,hw293,R2,PASS
2026-08-10T23:09:15Z,hw293,R20,PASS
2026-08-10T23:09:15Z,hw293,R21,PASS
2026-08-10T23:09:15Z,hw293,R22,PASS
2026-08-10T23:09:15Z,hw293,R3,PASS
2026-08-10T23:09:15Z,hw293,R4,PASS
2026-08-10T23:09:15Z,hw293,R5,PASS
2026-08-10T23:09:15Z,hw293,R6,PASS
2026-08-10T23:09:15Z,hw293,R7,PASS
2026-08-10T23:09:15Z,hw293,R8,PASS
2026-08-10T23:09:15Z,hw293,R9,PASS
2026-08-10T23:09:15Z,hw293,W1,FAIL
2026-08-10T23:09:15Z,hw293,W2,FAIL
2026-08-10T23:09:15Z,hw293,W3,NOTRUN
2026-08-10T23:09:15Z,hw293,W4,PASS
2026-08-10T23:09:15Z,hw293,W5,FAIL
2026-08-10T23:34:00Z,hw293,1,PASS
2026-08-10T23:34:00Z,hw293,10,PASS
2026-08-10T23:34:00Z,hw293,100,FAIL
2026-08-10T23:34:00Z,hw293,101,NOTRUN
2026-08-10T23:34:00Z,hw293,102,PASS
2026-08-10T23:34:00Z,hw293,103,PASS
2026-08-10T23:34:00Z,hw293,104,PASS
2026-08-10T23:34:00Z,hw293,105,PASS
2026-08-10T23:34:00Z,hw293,106,PASS
2026-08-10T23:34:00Z,hw293,107,PASS
2026-08-10T23:34:00Z,hw293,108,PASS
2026-08-10T23:34:00Z,hw293,109,FAIL
2026-08-10T23:34:00Z,hw293,11,PASS
2026-08-10T23:34:00Z,hw293,110,PASS
2026-08-10T23:34:00Z,hw293,111,FAIL
2026-08-10T23:34:00Z,hw293,112,PASS
2026-08-10T23:34:00Z,hw293,113,PASS
2026-08-10T23:34:00Z,hw293,114,PASS
2026-08-10T23:34:00Z,hw293,115,FAIL
2026-08-10T23:34:00Z,hw293,116,PASS
2026-08-10T23:34:00Z,hw293,117,PASS
2026-08-10T23:34:00Z,hw293,118,PASS
2026-08-10T23:34:00Z,hw293,119,PASS
2026-08-10T23:34:00Z,hw293,12,PASS
2026-08-10T23:34:00Z,hw293,120,PASS
2026-08-10T23:34:00Z,hw293,121,PASS
2026-08-10T23:34:00Z,hw293,122,PASS
2026-08-10T23:34:00Z,hw293,123,PASS
2026-08-10T23:34:00Z,hw293,124,PASS
2026-08-10T23:34:00Z,hw293,125,PASS
2026-08-10T23:34:00Z,hw293,126,PASS
2026-08-10T23:34:00Z,hw293,127,PASS
2026-08-10T23:34:00Z,hw293,128,PASS
2026-08-10T23:34:00Z,hw293,129,PASS
2026-08-10T23:34:00Z,hw293,13,PASS
2026-08-10T23:34:00Z,hw293,130,PASS
2026-08-10T23:34:00Z,hw293,131,PASS
2026-08-10T23:34:00Z,hw293,132,PASS
2026-08-10T23:34:00Z,hw293,133,PASS
2026-08-10T23:34:00Z,hw293,134,PASS
2026-08-10T23:34:00Z,hw293,135,PASS
2026-08-10T23:34:00Z,hw293,136,PASS
2026-08-10T23:34:00Z,hw293,137,PASS
2026-08-10T23:34:00Z,hw293,138,PASS
2026-08-10T23:34:00Z,hw293,139,PASS
2026-08-10T23:34:00Z,hw293,14,PASS
2026-08-10T23:34:00Z,hw293,140,PASS
2026-08-10T23:34:00Z,hw293,141,PASS
2026-08-10T23:34:00Z,hw293,142,PASS
2026-08-10T23:34:00Z,hw293,143,PASS
2026-08-10T23:34:00Z,hw293,144,PASS
2026-08-10T23:34:00Z,hw293,145,PASS
2026-08-10T23:34:00Z,hw293,146,PASS
2026-08-10T23:34:00Z,hw293,147,PASS
2026-08-10T23:34:00Z,hw293,148,PASS
2026-08-10T23:34:00Z,hw293,149,PASS
2026-08-10T23:34:00Z,hw293,15,FAIL
2026-08-10T23:34:00Z,hw293,150,PASS
2026-08-10T23:34:00Z,hw293,151,PASS
2026-08-10T23:34:00Z,hw293,152,PASS
2026-08-10T23:34:00Z,hw293,153,PASS
2026-08-10T23:34:00Z,hw293,154,PASS
2026-08-10T23:34:00Z,hw293,155,PASS
2026-08-10T23:34:00Z,hw293,156,PASS
2026-08-10T23:34:00Z,hw293,157,PASS
2026-08-10T23:34:00Z,hw293,158,PASS
2026-08-10T23:34:00Z,hw293,159,PASS
2026-08-10T23:34:00Z,hw293,16,FAIL
2026-08-10T23:34:00Z,hw293,160,FAIL
2026-08-10T23:34:00Z,hw293,161,PASS
2026-08-10T23:34:00Z,hw293,162,FAIL
2026-08-10T23:34:00Z,hw293,163,FAIL
2026-08-10T23:34:00Z,hw293,164,FAIL
2026-08-10T23:34:00Z,hw293,165,NOTRUN
2026-08-10T23:34:00Z,hw293,166,FAIL
2026-08-10T23:34:00Z,hw293,167,PASS
2026-08-10T23:34:00Z,hw293,168,PASS
2026-08-10T23:34:00Z,hw293,169,PASS
2026-08-10T23:34:00Z,hw293,17,PASS
2026-08-10T23:34:00Z,hw293,170,PASS
2026-08-10T23:34:00Z,hw293,171,PASS
2026-08-10T23:34:00Z,hw293,172,FAIL
2026-08-10T23:34:00Z,hw293,173,PASS
2026-08-10T23:34:00Z,hw293,174,NOTRUN
2026-08-10T23:34:00Z,hw293,175,PASS
2026-08-10T23:34:00Z,hw293,176,FAIL
2026-08-10T23:34:00Z,hw293,177,PASS
2026-08-10T23:34:00Z,hw293,178,PASS
2026-08-10T23:34:00Z,hw293,179,PASS
2026-08-10T23:34:00Z,hw293,18,PASS
2026-08-10T23:34:00Z,hw293,180,PASS
2026-08-10T23:34:00Z,hw293,181,PASS
2026-08-10T23:34:00Z,hw293,182,PASS
2026-08-10T23:34:00Z,hw293,183,PASS
2026-08-10T23:34:00Z,hw293,184,FAIL
2026-08-10T23:34:00Z,hw293,185,PASS
2026-08-10T23:34:00Z,hw293,186,PASS
2026-08-10T23:34:00Z,hw293,187,FAIL
2026-08-10T23:34:00Z,hw293,188,FAIL
2026-08-10T23:34:00Z,hw293,189,FAIL
2026-08-10T23:34:00Z,hw293,19,FAIL
2026-08-10T23:34:00Z,hw293,190,PASS
2026-08-10T23:34:00Z,hw293,191,PASS
2026-08-10T23:34:00Z,hw293,192,PASS
2026-08-10T23:34:00Z,hw293,193,PASS
2026-08-10T23:34:00Z,hw293,194,PASS
2026-08-10T23:34:00Z,hw293,195,PASS
2026-08-10T23:34:00Z,hw293,196,PASS
2026-08-10T23:34:00Z,hw293,197,FAIL
2026-08-10T23:34:00Z,hw293,198,PASS
2026-08-10T23:34:00Z,hw293,199,PASS
2026-08-10T23:34:00Z,hw293,2,PASS
2026-08-10T23:34:00Z,hw293,20,PASS
2026-08-10T23:34:00Z,hw293,200,PASS
2026-08-10T23:34:00Z,hw293,201,PASS
2026-08-10T23:34:00Z,hw293,202,PASS
2026-08-10T23:34:00Z,hw293,203,PASS
2026-08-10T23:34:00Z,hw293,204,PASS
2026-08-10T23:34:00Z,hw293,205,PASS
2026-08-10T23:34:00Z,hw293,206,FAIL
2026-08-10T23:34:00Z,hw293,207,FAIL
2026-08-10T23:34:00Z,hw293,208,FAIL
2026-08-10T23:34:00Z,hw293,209,PASS
2026-08-10T23:34:00Z,hw293,21,PASS
2026-08-10T23:34:00Z,hw293,210,PASS
2026-08-10T23:34:00Z,hw293,211,PASS
2026-08-10T23:34:00Z,hw293,212,FAIL
2026-08-10T23:34:00Z,hw293,213,FAIL
2026-08-10T23:34:00Z,hw293,214,PASS
2026-08-10T23:34:00Z,hw293,215,PASS
2026-08-10T23:34:00Z,hw293,216,FAIL
2026-08-10T23:34:00Z,hw293,217,FAIL
2026-08-10T23:34:00Z,hw293,218,FAIL
2026-08-10T23:34:00Z,hw293,219,FAIL
2026-08-10T23:34:00Z,hw293,22,PASS
2026-08-10T23:34:00Z,hw293,220,FAIL
2026-08-10T23:34:00Z,hw293,221,FAIL
2026-08-10T23:34:00Z,hw293,222,FAIL
2026-08-10T23:34:00Z,hw293,223,FAIL
2026-08-10T23:34:00Z,hw293,224,PASS
2026-08-10T23:34:00Z,hw293,225,PASS
2026-08-10T23:34:00Z,hw293,226,PASS
2026-08-10T23:34:00Z,hw293,227,FAIL
2026-08-10T23:34:00Z,hw293,228,FAIL
2026-08-10T23:34:00Z,hw293,229,FAIL
2026-08-10T23:34:00Z,hw293,23,PASS
2026-08-10T23:34:00Z,hw293,230,PASS
2026-08-10T23:34:00Z,hw293,231,PASS
2026-08-10T23:34:00Z,hw293,232,FAIL
2026-08-10T23:34:00Z,hw293,233,PASS
2026-08-10T23:34:00Z,hw293,234,FAIL
2026-08-10T23:34:00Z,hw293,235,FAIL
2026-08-10T23:34:00Z,hw293,236,FAIL
2026-08-10T23:34:00Z,hw293,237,FAIL
2026-08-10T23:34:00Z,hw293,238,FAIL
2026-08-10T23:34:00Z,hw293,239,FAIL
2026-08-10T23:34:00Z,hw293,24,PASS
2026-08-10T23:34:00Z,hw293,240,PASS
2026-08-10T23:34:00Z,hw293,241,FAIL
2026-08-10T23:34:00Z,hw293,242,PASS
2026-08-10T23:34:00Z,hw293,243,PASS
2026-08-10T23:34:00Z,hw293,25,FAIL
2026-08-10T23:34:00Z,hw293,26,PASS
2026-08-10T23:34:00Z,hw293,27,PASS
2026-08-10T23:34:00Z,hw293,28,PASS
2026-08-10T23:34:00Z,hw293,29,FAIL
2026-08-10T23:34:00Z,hw293,3,PASS
2026-08-10T23:34:00Z,hw293,30,PASS
2026-08-10T23:34:00Z,hw293,31,PASS
2026-08-10T23:34:00Z,hw293,32,FAIL
2026-08-10T23:34:00Z,hw293,33,PASS
2026-08-10T23:34:00Z,hw293,34,PASS
2026-08-10T23:34:00Z,hw293,35,PASS
2026-08-10T23:34:00Z,hw293,36,FAIL
2026-08-10T23:34:00Z,hw293,37,PASS
2026-08-10T23:34:00Z,hw293,38,FAIL
2026-08-10T23:34:00Z,hw293,39,PASS
2026-08-10T23:34:00Z,hw293,4,PASS
2026-08-10T23:34:00Z,hw293,40,PASS
2026-08-10T23:34:00Z,hw293,41,PASS
2026-08-10T23:34:00Z,hw293,42,PASS
2026-08-10T23:34:00Z,hw293,43,PASS
2026-08-10T23:34:00Z,hw293,44,PASS
2026-08-10T23:34:00Z,hw293,45,PASS
2026-08-10T23:34:00Z,hw293,46,PASS
2026-08-10T23:34:00Z,hw293,47,PASS
2026-08-10T23:34:00Z,hw293,48,PASS
2026-08-10T23:34:00Z,hw293,49,PASS
2026-08-10T23:34:00Z,hw293,5,PASS
2026-08-10T23:34:00Z,hw293,50,PASS
2026-08-10T23:34:00Z,hw293,51,FAIL
2026-08-10T23:34:00Z,hw293,52,FAIL
2026-08-10T23:34:00Z,hw293,53,PASS
2026-08-10T23:34:00Z,hw293,54,PASS
2026-08-10T23:34:00Z,hw293,55,FAIL
2026-08-10T23:34:00Z,hw293,56,FAIL
2026-08-10T23:34:00Z,hw293,57,FAIL
2026-08-10T23:34:00Z,hw293,58,PASS
2026-08-10T23:34:00Z,hw293,59,PASS
2026-08-10T23:34:00Z,hw293,6,PASS
2026-08-10T23:34:00Z,hw293,60,FAIL
2026-08-10T23:34:00Z,hw293,61,PASS
2026-08-10T23:34:00Z,hw293,62,FAIL
2026-08-10T23:34:00Z,hw293,63,FAIL
2026-08-10T23:34:00Z,hw293,64,FAIL
2026-08-10T23:34:00Z,hw293,65,FAIL
2026-08-10T23:34:00Z,hw293,66,FAIL
2026-08-10T23:34:00Z,hw293,67,FAIL
2026-08-10T23:34:00Z,hw293,68,PASS
2026-08-10T23:34:00Z,hw293,69,FAIL
2026-08-10T23:34:00Z,hw293,7,FAIL
2026-08-10T23:34:00Z,hw293,70,FAIL
2026-08-10T23:34:00Z,hw293,71,FAIL
2026-08-10T23:34:00Z,hw293,72,PASS
2026-08-10T23:34:00Z,hw293,73,PASS
2026-08-10T23:34:00Z,hw293,74,PASS
2026-08-10T23:34:00Z,hw293,75,PASS
2026-08-10T23:34:00Z,hw293,76,PASS
2026-08-10T23:34:00Z,hw293,77,PASS
2026-08-10T23:34:00Z,hw293,78,PASS
2026-08-10T23:34:00Z,hw293,79,PASS
2026-08-10T23:34:00Z,hw293,8,FAIL
2026-08-10T23:34:00Z,hw293,80,PASS
2026-08-10T23:34:00Z,hw293,81,PASS
2026-08-10T23:34:00Z,hw293,82,PASS
2026-08-10T23:34:00Z,hw293,83,PASS
2026-08-10T23:34:00Z,hw293,84,PASS
2026-08-10T23:34:00Z,hw293,85,PASS
2026-08-10T23:34:00Z,hw293,86,PASS
2026-08-10T23:34:00Z,hw293,87,FAIL
2026-08-10T23:34:00Z,hw293,88,PASS
2026-08-10T23:34:00Z,hw293,89,PASS
2026-08-10T23:34:00Z,hw293,9,PASS
2026-08-10T23:34:00Z,hw293,90,FAIL
2026-08-10T23:34:00Z,hw293,91,PASS
2026-08-10T23:34:00Z,hw293,92,PASS
2026-08-10T23:34:00Z,hw293,93,PASS
2026-08-10T23:34:00Z,hw293,94,PASS
2026-08-10T23:34:00Z,hw293,95,FAIL
2026-08-10T23:34:00Z,hw293,96,PASS
2026-08-10T23:34:00Z,hw293,97,PASS
2026-08-10T23:34:00Z,hw293,98,PASS
2026-08-10T23:34:00Z,hw293,99,PASS
2026-08-10T23:34:00Z,hw293,G1,FAIL
2026-08-10T23:34:00Z,hw293,G10,PASS
2026-08-10T23:34:00Z,hw293,G11,FAIL
2026-08-10T23:34:00Z,hw293,G12,NOTRUN
2026-08-10T23:34:00Z,hw293,G2,FAIL
2026-08-10T23:34:00Z,hw293,G3,FAIL
2026-08-10T23:34:00Z,hw293,G4,PASS
2026-08-10T23:34:00Z,hw293,G5,PASS
2026-08-10T23:34:00Z,hw293,G6,FAIL
2026-08-10T23:34:00Z,hw293,G7,FAIL
2026-08-10T23:34:00Z,hw293,G8,FAIL
2026-08-10T23:34:00Z,hw293,G9,FAIL
2026-08-10T23:34:00Z,hw293,M1,PASS
2026-08-10T23:34:00Z,hw293,M2,PASS
2026-08-10T23:34:00Z,hw293,M3,PASS
2026-08-10T23:34:00Z,hw293,M4,PASS
2026-08-10T23:34:00Z,hw293,R1,PASS
2026-08-10T23:34:00Z,hw293,R10,PASS
2026-08-10T23:34:00Z,hw293,R11,PASS
2026-08-10T23:34:00Z,hw293,R12,FAIL
2026-08-10T23:34:00Z,hw293,R13,FAIL
2026-08-10T23:34:00Z,hw293,R14,PASS
2026-08-10T23:34:00Z,hw293,R15,PASS
2026-08-10T23:34:00Z,hw293,R16,FAIL
2026-08-10T23:34:00Z,hw293,R17,FAIL
2026-08-10T23:34:00Z,hw293,R18,PASS
2026-08-10T23:34:00Z,hw293,R19,FAIL
2026-08-10T23:34:00Z,hw293,R2,PASS
2026-08-10T23:34:00Z,hw293,R20,PASS
2026-08-10T23:34:00Z,hw293,R21,PASS
2026-08-10T23:34:00Z,hw293,R22,PASS
2026-08-10T23:34:00Z,hw293,R3,PASS
2026-08-10T23:34:00Z,hw293,R4,PASS
2026-08-10T23:34:00Z,hw293,R5,PASS
2026-08-10T23:34:00Z,hw293,R6,PASS
2026-08-10T23:34:00Z,hw293,R7,PASS
2026-08-10T23:34:00Z,hw293,R8,PASS
2026-08-10T23:34:00Z,hw293,R9,PASS
2026-08-10T23:34:00Z,hw293,W1,FAIL
2026-08-10T23:34:00Z,hw293,W2,FAIL
2026-08-10T23:34:00Z,hw293,W3,NOTRUN
2026-08-10T23:34:00Z,hw293,W4,PASS
2026-08-10T23:34:00Z,hw293,W5,FAIL
2026-08-10T23:42:38Z,hw293,1,PASS
2026-08-10T23:42:38Z,hw293,10,PASS
2026-08-10T23:42:38Z,hw293,100,FAIL
2026-08-10T23:42:38Z,hw293,101,NOTRUN
2026-08-10T23:42:38Z,hw293,102,PASS
2026-08-10T23:42:38Z,hw293,103,PASS
2026-08-10T23:42:38Z,hw293,104,PASS
2026-08-10T23:42:38Z,hw293,105,PASS
2026-08-10T23:42:38Z,hw293,106,PASS
2026-08-10T23:42:38Z,hw293,107,PASS
2026-08-10T23:42:38Z,hw293,108,PASS
2026-08-10T23:42:38Z,hw293,109,FAIL
2026-08-10T23:42:38Z,hw293,11,PASS
2026-08-10T23:42:38Z,hw293,110,PASS
2026-08-10T23:42:38Z,hw293,111,FAIL
2026-08-10T23:42:38Z,hw293,112,PASS
2026-08-10T23:42:38Z,hw293,113,PASS
2026-08-10T23:42:38Z,hw293,114,PASS
2026-08-10T23:42:38Z,hw293,115,FAIL
2026-08-10T23:42:38Z,hw293,116,PASS
2026-08-10T23:42:38Z,hw293,117,PASS
2026-08-10T23:42:38Z,hw293,118,PASS
2026-08-10T23:42:38Z,hw293,119,PASS
2026-08-10T23:42:38Z,hw293,12,PASS
2026-08-10T23:42:38Z,hw293,120,PASS
2026-08-10T23:42:38Z,hw293,121,PASS
2026-08-10T23:42:38Z,hw293,122,PASS
2026-08-10T23:42:38Z,hw293,123,PASS
2026-08-10T23:42:38Z,hw293,124,PASS
2026-08-10T23:42:38Z,hw293,125,PASS
2026-08-10T23:42:38Z,hw293,126,PASS
2026-08-10T23:42:38Z,hw293,127,PASS
2026-08-10T23:42:38Z,hw293,128,PASS
2026-08-10T23:42:38Z,hw293,129,PASS
2026-08-10T23:42:38Z,hw293,13,PASS
2026-08-10T23:42:38Z,hw293,130,PASS
2026-08-10T23:42:38Z,hw293,131,PASS
2026-08-10T23:42:38Z,hw293,132,PASS
2026-08-10T23:42:38Z,hw293,133,PASS
2026-08-10T23:42:38Z,hw293,134,PASS
2026-08-10T23:42:38Z,hw293,135,PASS
2026-08-10T23:42:38Z,hw293,136,PASS
2026-08-10T23:42:38Z,hw293,137,PASS
2026-08-10T23:42:38Z,hw293,138,PASS
2026-08-10T23:42:38Z,hw293,139,PASS
2026-08-10T23:42:38Z,hw293,14,PASS
2026-08-10T23:42:38Z,hw293,140,PASS
2026-08-10T23:42:38Z,hw293,141,PASS
2026-08-10T23:42:38Z,hw293,142,PASS
2026-08-10T23:42:38Z,hw293,143,PASS
2026-08-10T23:42:38Z,hw293,144,PASS
2026-08-10T23:42:38Z,hw293,145,PASS
2026-08-10T23:42:38Z,hw293,146,PASS
2026-08-10T23:42:38Z,hw293,147,PASS
2026-08-10T23:42:38Z,hw293,148,PASS
2026-08-10T23:42:38Z,hw293,149,PASS
2026-08-10T23:42:38Z,hw293,15,FAIL
2026-08-10T23:42:38Z,hw293,150,PASS
2026-08-10T23:42:38Z,hw293,151,PASS
2026-08-10T23:42:38Z,hw293,152,PASS
2026-08-10T23:42:38Z,hw293,153,PASS
2026-08-10T23:42:38Z,hw293,154,PASS
2026-08-10T23:42:38Z,hw293,155,PASS
2026-08-10T23:42:38Z,hw293,156,PASS
2026-08-10T23:42:38Z,hw293,157,PASS
2026-08-10T23:42:38Z,hw293,158,PASS
2026-08-10T23:42:38Z,hw293,159,PASS
2026-08-10T23:42:38Z,hw293,16,FAIL
2026-08-10T23:42:38Z,hw293,160,FAIL
2026-08-10T23:42:38Z,hw293,161,PASS
2026-08-10T23:42:38Z,hw293,162,FAIL
2026-08-10T23:42:38Z,hw293,163,FAIL
2026-08-10T23:42:38Z,hw293,164,FAIL
2026-08-10T23:42:38Z,hw293,165,NOTRUN
2026-08-10T23:42:38Z,hw293,166,FAIL
2026-08-10T23:42:38Z,hw293,167,PASS
2026-08-10T23:42:38Z,hw293,168,PASS
2026-08-10T23:42:38Z,hw293,169,PASS
2026-08-10T23:42:38Z,hw293,17,PASS
2026-08-10T23:42:38Z,hw293,170,PASS
2026-08-10T23:42:38Z,hw293,171,PASS
2026-08-10T23:42:38Z,hw293,172,FAIL
2026-08-10T23:42:38Z,hw293,173,PASS
2026-08-10T23:42:38Z,hw293,174,NOTRUN
2026-08-10T23:42:38Z,hw293,175,PASS
2026-08-10T23:42:38Z,hw293,176,FAIL
2026-08-10T23:42:38Z,hw293,177,PASS
2026-08-10T23:42:38Z,hw293,178,PASS
2026-08-10T23:42:38Z,hw293,179,PASS
2026-08-10T23:42:38Z,hw293,18,PASS
2026-08-10T23:42:38Z,hw293,180,PASS
2026-08-10T23:42:38Z,hw293,181,PASS
2026-08-10T23:42:38Z,hw293,182,PASS
2026-08-10T23:42:38Z,hw293,183,PASS
2026-08-10T23:42:38Z,hw293,184,FAIL
2026-08-10T23:42:38Z,hw293,185,PASS
2026-08-10T23:42:38Z,hw293,186,PASS
2026-08-10T23:42:38Z,hw293,187,FAIL
2026-08-10T23:42:38Z,hw293,188,FAIL
2026-08-10T23:42:38Z,hw293,189,FAIL
2026-08-10T23:42:38Z,hw293,19,FAIL
2026-08-10T23:42:38Z,hw293,190,PASS
2026-08-10T23:42:38Z,hw293,191,PASS
2026-08-10T23:42:38Z,hw293,192,PASS
2026-08-10T23:42:38Z,hw293,193,PASS
2026-08-10T23:42:38Z,hw293,194,PASS
2026-08-10T23:42:38Z,hw293,195,PASS
2026-08-10T23:42:38Z,hw293,196,PASS
2026-08-10T23:42:38Z,hw293,197,FAIL
2026-08-10T23:42:38Z,hw293,198,PASS
2026-08-10T23:42:38Z,hw293,199,PASS
2026-08-10T23:42:38Z,hw293,2,PASS
2026-08-10T23:42:38Z,hw293,20,PASS
2026-08-10T23:42:38Z,hw293,200,PASS
2026-08-10T23:42:38Z,hw293,201,PASS
2026-08-10T23:42:38Z,hw293,202,PASS
2026-08-10T23:42:38Z,hw293,203,PASS
2026-08-10T23:42:38Z,hw293,204,PASS
2026-08-10T23:42:38Z,hw293,205,PASS
2026-08-10T23:42:38Z,hw293,206,FAIL
2026-08-10T23:42:38Z,hw293,207,FAIL
2026-08-10T23:42:38Z,hw293,208,FAIL
2026-08-10T23:42:38Z,hw293,209,PASS
2026-08-10T23:42:38Z,hw293,21,PASS
2026-08-10T23:42:38Z,hw293,210,PASS
2026-08-10T23:42:38Z,hw293,211,PASS
2026-08-10T23:42:38Z,hw293,212,FAIL
2026-08-10T23:42:38Z,hw293,213,FAIL
2026-08-10T23:42:38Z,hw293,214,PASS
2026-08-10T23:42:38Z,hw293,215,PASS
2026-08-10T23:42:38Z,hw293,216,FAIL
2026-08-10T23:42:38Z,hw293,217,FAIL
2026-08-10T23:42:38Z,hw293,218,FAIL
2026-08-10T23:42:38Z,hw293,219,FAIL
2026-08-10T23:42:38Z,hw293,22,PASS
2026-08-10T23:42:38Z,hw293,220,FAIL
2026-08-10T23:42:38Z,hw293,221,FAIL
2026-08-10T23:42:38Z,hw293,222,FAIL
2026-08-10T23:42:38Z,hw293,223,FAIL
2026-08-10T23:42:38Z,hw293,224,PASS
2026-08-10T23:42:38Z,hw293,225,PASS
2026-08-10T23:42:38Z,hw293,226,PASS
2026-08-10T23:42:38Z,hw293,227,FAIL
2026-08-10T23:42:38Z,hw293,228,FAIL
2026-08-10T23:42:38Z,hw293,229,FAIL
2026-08-10T23:42:38Z,hw293,23,PASS
2026-08-10T23:42:38Z,hw293,230,PASS
2026-08-10T23:42:38Z,hw293,231,PASS
2026-08-10T23:42:38Z,hw293,232,FAIL
2026-08-10T23:42:38Z,hw293,233,PASS
2026-08-10T23:42:38Z,hw293,234,FAIL
2026-08-10T23:42:38Z,hw293,235,FAIL
2026-08-10T23:42:38Z,hw293,236,FAIL
2026-08-10T23:42:38Z,hw293,237,FAIL
2026-08-10T23:42:38Z,hw293,238,FAIL
2026-08-10T23:42:38Z,hw293,239,FAIL
2026-08-10T23:42:38Z,hw293,24,PASS
2026-08-10T23:42:38Z,hw293,240,PASS
2026-08-10T23:42:38Z,hw293,241,FAIL
2026-08-10T23:42:38Z,hw293,242,PASS
2026-08-10T23:42:38Z,hw293,243,PASS
2026-08-10T23:42:38Z,hw293,25,FAIL
2026-08-10T23:42:38Z,hw293,26,NOTRUN
2026-08-10T23:42:38Z,hw293,27,NOTRUN
2026-08-10T23:42:38Z,hw293,28,NOTRUN
2026-08-10T23:42:38Z,hw293,29,FAIL
2026-08-10T23:42:38Z,hw293,3,PASS
2026-08-10T23:42:38Z,hw293,30,NOTRUN
2026-08-10T23:42:38Z,hw293,31,NOTRUN
2026-08-10T23:42:38Z,hw293,32,FAIL
2026-08-10T23:42:38Z,hw293,33,NOTRUN
2026-08-10T23:42:38Z,hw293,34,NOTRUN
2026-08-10T23:42:38Z,hw293,35,NOTRUN
2026-08-10T23:42:38Z,hw293,36,FAIL
2026-08-10T23:42:38Z,hw293,37,NOTRUN
2026-08-10T23:42:38Z,hw293,38,FAIL
2026-08-10T23:42:38Z,hw293,39,NOTRUN
2026-08-10T23:42:38Z,hw293,4,PASS
2026-08-10T23:42:38Z,hw293,40,NOTRUN
2026-08-10T23:42:38Z,hw293,41,NOTRUN
2026-08-10T23:42:38Z,hw293,42,NOTRUN
2026-08-10T23:42:38Z,hw293,43,NOTRUN
2026-08-10T23:42:38Z,hw293,44,NOTRUN
2026-08-10T23:42:38Z,hw293,45,NOTRUN
2026-08-10T23:42:38Z,hw293,46,PASS
2026-08-10T23:42:38Z,hw293,47,PASS
2026-08-10T23:42:38Z,hw293,48,PASS
2026-08-10T23:42:38Z,hw293,49,PASS
2026-08-10T23:42:38Z,hw293,5,PASS
2026-08-10T23:42:38Z,hw293,50,PASS
2026-08-10T23:42:38Z,hw293,51,FAIL
2026-08-10T23:42:38Z,hw293,52,FAIL
2026-08-10T23:42:38Z,hw293,53,PASS
2026-08-10T23:42:38Z,hw293,54,PASS
2026-08-10T23:42:38Z,hw293,55,FAIL
2026-08-10T23:42:38Z,hw293,56,FAIL
2026-08-10T23:42:38Z,hw293,57,FAIL
2026-08-10T23:42:38Z,hw293,58,PASS
2026-08-10T23:42:38Z,hw293,59,PASS
2026-08-10T23:42:38Z,hw293,6,PASS
2026-08-10T23:42:38Z,hw293,60,FAIL
2026-08-10T23:42:38Z,hw293,61,PASS
2026-08-10T23:42:38Z,hw293,62,FAIL
2026-08-10T23:42:38Z,hw293,63,FAIL
2026-08-10T23:42:38Z,hw293,64,FAIL
2026-08-10T23:42:38Z,hw293,65,FAIL
2026-08-10T23:42:38Z,hw293,66,FAIL
2026-08-10T23:42:38Z,hw293,67,FAIL
2026-08-10T23:42:38Z,hw293,68,PASS
2026-08-10T23:42:38Z,hw293,69,FAIL
2026-08-10T23:42:38Z,hw293,7,FAIL
2026-08-10T23:42:38Z,hw293,70,FAIL
2026-08-10T23:42:38Z,hw293,71,FAIL
2026-08-10T23:42:38Z,hw293,72,PASS
2026-08-10T23:42:38Z,hw293,73,PASS
2026-08-10T23:42:38Z,hw293,74,PASS
2026-08-10T23:42:38Z,hw293,75,PASS
2026-08-10T23:42:38Z,hw293,76,PASS
2026-08-10T23:42:38Z,hw293,77,PASS
2026-08-10T23:42:38Z,hw293,78,PASS
2026-08-10T23:42:38Z,hw293,79,PASS
2026-08-10T23:42:38Z,hw293,8,FAIL
2026-08-10T23:42:38Z,hw293,80,PASS
2026-08-10T23:42:38Z,hw293,81,PASS
2026-08-10T23:42:38Z,hw293,82,PASS
2026-08-10T23:42:38Z,hw293,83,PASS
2026-08-10T23:42:38Z,hw293,84,PASS
2026-08-10T23:42:38Z,hw293,85,PASS
2026-08-10T23:42:38Z,hw293,86,PASS
2026-08-10T23:42:38Z,hw293,87,FAIL
2026-08-10T23:42:38Z,hw293,88,PASS
2026-08-10T23:42:38Z,hw293,89,PASS
2026-08-10T23:42:38Z,hw293,9,PASS
2026-08-10T23:42:38Z,hw293,90,FAIL
2026-08-10T23:42:38Z,hw293,91,PASS
2026-08-10T23:42:38Z,hw293,92,PASS
2026-08-10T23:42:38Z,hw293,93,PASS
2026-08-10T23:42:38Z,hw293,94,PASS
2026-08-10T23:42:38Z,hw293,95,FAIL
2026-08-10T23:42:38Z,hw293,96,PASS
2026-08-10T23:42:38Z,hw293,97,PASS
2026-08-10T23:42:38Z,hw293,98,PASS
2026-08-10T23:42:38Z,hw293,99,PASS
2026-08-10T23:42:38Z,hw293,G1,FAIL
2026-08-10T23:42:38Z,hw293,G10,PASS
2026-08-10T23:42:38Z,hw293,G11,FAIL
2026-08-10T23:42:38Z,hw293,G12,NOTRUN
2026-08-10T23:42:38Z,hw293,G2,FAIL
2026-08-10T23:42:38Z,hw293,G3,FAIL
2026-08-10T23:42:38Z,hw293,G4,PASS
2026-08-10T23:42:38Z,hw293,G5,PASS
2026-08-10T23:42:38Z,hw293,G6,FAIL
2026-08-10T23:42:38Z,hw293,G7,FAIL
2026-08-10T23:42:38Z,hw293,G8,FAIL
2026-08-10T23:42:38Z,hw293,G9,FAIL
2026-08-10T23:42:38Z,hw293,M1,PASS
2026-08-10T23:42:38Z,hw293,M2,PASS
2026-08-10T23:42:38Z,hw293,M3,PASS
2026-08-10T23:42:38Z,hw293,M4,PASS
2026-08-10T23:42:38Z,hw293,R1,PASS
2026-08-10T23:42:38Z,hw293,R10,PASS
2026-08-10T23:42:38Z,hw293,R11,PASS
2026-08-10T23:42:38Z,hw293,R12,FAIL
2026-08-10T23:42:38Z,hw293,R13,FAIL
2026-08-10T23:42:38Z,hw293,R14,PASS
2026-08-10T23:42:38Z,hw293,R15,PASS
2026-08-10T23:42:38Z,hw293,R16,FAIL
2026-08-10T23:42:38Z,hw293,R17,FAIL
2026-08-10T23:42:38Z,hw293,R18,PASS
2026-08-10T23:42:38Z,hw293,R19,FAIL
2026-08-10T23:42:38Z,hw293,R2,PASS
2026-08-10T23:42:38Z,hw293,R20,PASS
2026-08-10T23:42:38Z,hw293,R21,PASS
2026-08-10T23:42:38Z,hw293,R22,PASS
2026-08-10T23:42:38Z,hw293,R3,PASS
2026-08-10T23:42:38Z,hw293,R4,PASS
2026-08-10T23:42:38Z,hw293,R5,PASS
2026-08-10T23:42:38Z,hw293,R6,PASS
2026-08-10T23:42:38Z,hw293,R7,PASS
2026-08-10T23:42:38Z,hw293,R8,PASS
2026-08-10T23:42:38Z,hw293,R9,PASS
2026-08-10T23:42:38Z,hw293,W1,FAIL
2026-08-10T23:42:38Z,hw293,W2,FAIL
2026-08-10T23:42:38Z,hw293,W3,NOTRUN
2026-08-10T23:42:38Z,hw293,W4,PASS
2026-08-10T23:42:38Z,hw293,W5,FAIL
2026-08-10T23:53:49Z,hw293,1,PASS
2026-08-10T23:53:49Z,hw293,10,PASS
2026-08-10T23:53:49Z,hw293,100,FAIL
2026-08-10T23:53:49Z,hw293,101,NOTRUN
2026-08-10T23:53:49Z,hw293,102,PASS
2026-08-10T23:53:49Z,hw293,103,PASS
2026-08-10T23:53:49Z,hw293,104,PASS
2026-08-10T23:53:49Z,hw293,105,PASS
2026-08-10T23:53:49Z,hw293,106,PASS
2026-08-10T23:53:49Z,hw293,107,PASS
2026-08-10T23:53:49Z,hw293,108,PASS
2026-08-10T23:53:49Z,hw293,109,FAIL
2026-08-10T23:53:49Z,hw293,11,PASS
2026-08-10T23:53:49Z,hw293,110,PASS
2026-08-10T23:53:49Z,hw293,111,FAIL
2026-08-10T23:53:49Z,hw293,112,PASS
2026-08-10T23:53:49Z,hw293,113,PASS
2026-08-10T23:53:49Z,hw293,114,PASS
2026-08-10T23:53:49Z,hw293,115,FAIL
2026-08-10T23:53:49Z,hw293,116,PASS
2026-08-10T23:53:49Z,hw293,117,PASS
2026-08-10T23:53:49Z,hw293,118,PASS
2026-08-10T23:53:49Z,hw293,119,PASS
2026-08-10T23:53:49Z,hw293,12,PASS
2026-08-10T23:53:49Z,hw293,120,PASS
2026-08-10T23:53:49Z,hw293,121,PASS
2026-08-10T23:53:49Z,hw293,122,PASS
2026-08-10T23:53:49Z,hw293,123,PASS
2026-08-10T23:53:49Z,hw293,124,PASS
2026-08-10T23:53:49Z,hw293,125,PASS
2026-08-10T23:53:49Z,hw293,126,PASS
2026-08-10T23:53:49Z,hw293,127,PASS
2026-08-10T23:53:49Z,hw293,128,PASS
2026-08-10T23:53:49Z,hw293,129,PASS
2026-08-10T23:53:49Z,hw293,13,PASS
2026-08-10T23:53:49Z,hw293,130,PASS
2026-08-10T23:53:49Z,hw293,131,PASS
2026-08-10T23:53:49Z,hw293,132,PASS
2026-08-10T23:53:49Z,hw293,133,PASS
2026-08-10T23:53:49Z,hw293,134,PASS
2026-08-10T23:53:49Z,hw293,135,PASS
2026-08-10T23:53:49Z,hw293,136,PASS
2026-08-10T23:53:49Z,hw293,137,PASS
2026-08-10T23:53:49Z,hw293,138,PASS
2026-08-10T23:53:49Z,hw293,139,PASS
2026-08-10T23:53:49Z,hw293,14,PASS
2026-08-10T23:53:49Z,hw293,140,PASS
2026-08-10T23:53:49Z,hw293,141,PASS
2026-08-10T23:53:49Z,hw293,142,PASS
2026-08-10T23:53:49Z,hw293,143,PASS
2026-08-10T23:53:49Z,hw293,144,PASS
2026-08-10T23:53:49Z,hw293,145,PASS
2026-08-10T23:53:49Z,hw293,146,PASS
2026-08-10T23:53:49Z,hw293,147,PASS
2026-08-10T23:53:49Z,hw293,148,PASS
2026-08-10T23:53:49Z,hw293,149,PASS
2026-08-10T23:53:49Z,hw293,15,FAIL
2026-08-10T23:53:49Z,hw293,150,PASS
2026-08-10T23:53:49Z,hw293,151,PASS
2026-08-10T23:53:49Z,hw293,152,PASS
2026-08-10T23:53:49Z,hw293,153,PASS
2026-08-10T23:53:49Z,hw293,154,PASS
2026-08-10T23:53:49Z,hw293,155,PASS
2026-08-10T23:53:49Z,hw293,156,PASS
2026-08-10T23:53:49Z,hw293,157,PASS
2026-08-10T23:53:49Z,hw293,158,PASS
2026-08-10T23:53:49Z,hw293,159,PASS
2026-08-10T23:53:49Z,hw293,16,FAIL
2026-08-10T23:53:49Z,hw293,160,FAIL
2026-08-10T23:53:49Z,hw293,161,PASS
2026-08-10T23:53:49Z,hw293,162,FAIL
2026-08-10T23:53:49Z,hw293,163,FAIL
2026-08-10T23:53:49Z,hw293,164,FAIL
2026-08-10T23:53:49Z,hw293,165,NOTRUN
2026-08-10T23:53:49Z,hw293,166,FAIL
2026-08-10T23:53:49Z,hw293,167,PASS
2026-08-10T23:53:49Z,hw293,168,PASS
2026-08-10T23:53:49Z,hw293,169,PASS
2026-08-10T23:53:49Z,hw293,17,PASS
2026-08-10T23:53:49Z,hw293,170,PASS
2026-08-10T23:53:49Z,hw293,171,PASS
2026-08-10T23:53:49Z,hw293,172,FAIL
2026-08-10T23:53:49Z,hw293,173,PASS
2026-08-10T23:53:49Z,hw293,174,NOTRUN
2026-08-10T23:53:49Z,hw293,175,PASS
2026-08-10T23:53:49Z,hw293,176,FAIL
2026-08-10T23:53:49Z,hw293,177,PASS
2026-08-10T23:53:49Z,hw293,178,PASS
2026-08-10T23:53:49Z,hw293,179,PASS
2026-08-10T23:53:49Z,hw293,18,PASS
2026-08-10T23:53:49Z,hw293,180,PASS
2026-08-10T23:53:49Z,hw293,181,PASS
2026-08-10T23:53:49Z,hw293,182,PASS
2026-08-10T23:53:49Z,hw293,183,PASS
2026-08-10T23:53:49Z,hw293,184,FAIL
2026-08-10T23:53:49Z,hw293,185,PASS
2026-08-10T23:53:49Z,hw293,186,PASS
2026-08-10T23:53:49Z,hw293,187,FAIL
2026-08-10T23:53:49Z,hw293,188,FAIL
2026-08-10T23:53:49Z,hw293,189,FAIL
2026-08-10T23:53:49Z,hw293,19,FAIL
2026-08-10T23:53:49Z,hw293,190,PASS
2026-08-10T23:53:49Z,hw293,191,PASS
2026-08-10T23:53:49Z,hw293,192,PASS
2026-08-10T23:53:49Z,hw293,193,PASS
2026-08-10T23:53:49Z,hw293,194,PASS
2026-08-10T23:53:49Z,hw293,195,PASS
2026-08-10T23:53:49Z,hw293,196,PASS
2026-08-10T23:53:49Z,hw293,197,FAIL
2026-08-10T23:53:49Z,hw293,198,PASS
2026-08-10T23:53:49Z,hw293,199,PASS
2026-08-10T23:53:49Z,hw293,2,PASS
2026-08-10T23:53:49Z,hw293,20,PASS
2026-08-10T23:53:49Z,hw293,200,PASS
2026-08-10T23:53:49Z,hw293,201,PASS
2026-08-10T23:53:49Z,hw293,202,PASS
2026-08-10T23:53:49Z,hw293,203,PASS
2026-08-10T23:53:49Z,hw293,204,PASS
2026-08-10T23:53:49Z,hw293,205,PASS
2026-08-10T23:53:49Z,hw293,206,FAIL
2026-08-10T23:53:49Z,hw293,207,FAIL
2026-08-10T23:53:49Z,hw293,208,FAIL
2026-08-10T23:53:49Z,hw293,209,PASS
2026-08-10T23:53:49Z,hw293,21,PASS
2026-08-10T23:53:49Z,hw293,210,PASS
2026-08-10T23:53:49Z,hw293,211,PASS
2026-08-10T23:53:49Z,hw293,212,FAIL
2026-08-10T23:53:49Z,hw293,213,FAIL
2026-08-10T23:53:49Z,hw293,214,PASS
2026-08-10T23:53:49Z,hw293,215,PASS
2026-08-10T23:53:49Z,hw293,216,PASS
2026-08-10T23:53:49Z,hw293,217,PASS
2026-08-10T23:53:49Z,hw293,218,FAIL
2026-08-10T23:53:49Z,hw293,219,PASS
2026-08-10T23:53:49Z,hw293,22,PASS
2026-08-10T23:53:49Z,hw293,220,FAIL
2026-08-10T23:53:49Z,hw293,221,FAIL
2026-08-10T23:53:49Z,hw293,222,FAIL
2026-08-10T23:53:49Z,hw293,223,FAIL
2026-08-10T23:53:49Z,hw293,224,PASS
2026-08-10T23:53:49Z,hw293,225,PASS
2026-08-10T23:53:49Z,hw293,226,PASS
2026-08-10T23:53:49Z,hw293,227,FAIL
2026-08-10T23:53:49Z,hw293,228,FAIL
2026-08-10T23:53:49Z,hw293,229,FAIL
2026-08-10T23:53:49Z,hw293,23,PASS
2026-08-10T23:53:49Z,hw293,230,PASS
2026-08-10T23:53:49Z,hw293,231,PASS
2026-08-10T23:53:49Z,hw293,232,FAIL
2026-08-10T23:53:49Z,hw293,233,PASS
2026-08-10T23:53:49Z,hw293,234,FAIL
2026-08-10T23:53:49Z,hw293,235,FAIL
2026-08-10T23:53:49Z,hw293,236,FAIL
2026-08-10T23:53:49Z,hw293,237,FAIL
2026-08-10T23:53:49Z,hw293,238,FAIL
2026-08-10T23:53:49Z,hw293,239,FAIL
2026-08-10T23:53:49Z,hw293,24,PASS
2026-08-10T23:53:49Z,hw293,240,PASS
2026-08-10T23:53:49Z,hw293,241,FAIL
2026-08-10T23:53:49Z,hw293,242,PASS
2026-08-10T23:53:49Z,hw293,243,PASS
2026-08-10T23:53:49Z,hw293,25,FAIL
2026-08-10T23:53:49Z,hw293,26,NOTRUN
2026-08-10T23:53:49Z,hw293,27,NOTRUN
2026-08-10T23:53:49Z,hw293,28,NOTRUN
2026-08-10T23:53:49Z,hw293,29,FAIL
2026-08-10T23:53:49Z,hw293,3,PASS
2026-08-10T23:53:49Z,hw293,30,NOTRUN
2026-08-10T23:53:49Z,hw293,31,NOTRUN
2026-08-10T23:53:49Z,hw293,32,FAIL
2026-08-10T23:53:49Z,hw293,33,NOTRUN
2026-08-10T23:53:49Z,hw293,34,NOTRUN
2026-08-10T23:53:49Z,hw293,35,NOTRUN
2026-08-10T23:53:49Z,hw293,36,FAIL
2026-08-10T23:53:49Z,hw293,37,NOTRUN
2026-08-10T23:53:49Z,hw293,38,FAIL
2026-08-10T23:53:49Z,hw293,39,NOTRUN
2026-08-10T23:53:49Z,hw293,4,PASS
2026-08-10T23:53:49Z,hw293,40,NOTRUN
2026-08-10T23:53:49Z,hw293,41,NOTRUN
2026-08-10T23:53:49Z,hw293,42,NOTRUN
2026-08-10T23:53:49Z,hw293,43,NOTRUN
2026-08-10T23:53:49Z,hw293,44,NOTRUN
2026-08-10T23:53:49Z,hw293,45,NOTRUN
2026-08-10T23:53:49Z,hw293,46,PASS
2026-08-10T23:53:49Z,hw293,47,PASS
2026-08-10T23:53:49Z,hw293,48,PASS
2026-08-10T23:53:49Z,hw293,49,PASS
2026-08-10T23:53:49Z,hw293,5,PASS
2026-08-10T23:53:49Z,hw293,50,PASS
2026-08-10T23:53:49Z,hw293,51,FAIL
2026-08-10T23:53:49Z,hw293,52,FAIL
2026-08-10T23:53:49Z,hw293,53,PASS
2026-08-10T23:53:49Z,hw293,54,PASS
2026-08-10T23:53:49Z,hw293,55,FAIL
2026-08-10T23:53:49Z,hw293,56,FAIL
2026-08-10T23:53:49Z,hw293,57,FAIL
2026-08-10T23:53:49Z,hw293,58,PASS
2026-08-10T23:53:49Z,hw293,59,PASS
2026-08-10T23:53:49Z,hw293,6,PASS
2026-08-10T23:53:49Z,hw293,60,FAIL
2026-08-10T23:53:49Z,hw293,61,PASS
2026-08-10T23:53:49Z,hw293,62,FAIL
2026-08-10T23:53:49Z,hw293,63,FAIL
2026-08-10T23:53:49Z,hw293,64,FAIL
2026-08-10T23:53:49Z,hw293,65,FAIL
2026-08-10T23:53:49Z,hw293,66,FAIL
2026-08-10T23:53:49Z,hw293,67,FAIL
2026-08-10T23:53:49Z,hw293,68,PASS
2026-08-10T23:53:49Z,hw293,69,FAIL
2026-08-10T23:53:49Z,hw293,7,FAIL
2026-08-10T23:53:49Z,hw293,70,FAIL
2026-08-10T23:53:49Z,hw293,71,FAIL
2026-08-10T23:53:49Z,hw293,72,PASS
2026-08-10T23:53:49Z,hw293,73,PASS
2026-08-10T23:53:49Z,hw293,74,PASS
2026-08-10T23:53:49Z,hw293,75,PASS
2026-08-10T23:53:49Z,hw293,76,PASS
2026-08-10T23:53:49Z,hw293,77,PASS
2026-08-10T23:53:49Z,hw293,78,PASS
2026-08-10T23:53:49Z,hw293,79,PASS
2026-08-10T23:53:49Z,hw293,8,FAIL
2026-08-10T23:53:49Z,hw293,80,PASS
2026-08-10T23:53:49Z,hw293,81,PASS
2026-08-10T23:53:49Z,hw293,82,PASS
2026-08-10T23:53:49Z,hw293,83,PASS
2026-08-10T23:53:49Z,hw293,84,PASS
2026-08-10T23:53:49Z,hw293,85,PASS
2026-08-10T23:53:49Z,hw293,86,PASS
2026-08-10T23:53:49Z,hw293,87,FAIL
2026-08-10T23:53:49Z,hw293,88,PASS
2026-08-10T23:53:49Z,hw293,89,PASS
2026-08-10T23:53:49Z,hw293,9,PASS
2026-08-10T23:53:49Z,hw293,90,FAIL
2026-08-10T23:53:49Z,hw293,91,PASS
2026-08-10T23:53:49Z,hw293,92,PASS
2026-08-10T23:53:49Z,hw293,93,PASS
2026-08-10T23:53:49Z,hw293,94,PASS
2026-08-10T23:53:49Z,hw293,95,FAIL
2026-08-10T23:53:49Z,hw293,96,PASS
2026-08-10T23:53:49Z,hw293,97,PASS
2026-08-10T23:53:49Z,hw293,98,PASS
2026-08-10T23:53:49Z,hw293,99,PASS
2026-08-10T23:53:49Z,hw293,G1,FAIL
2026-08-10T23:53:49Z,hw293,G10,PASS
2026-08-10T23:53:49Z,hw293,G11,FAIL
2026-08-10T23:53:49Z,hw293,G12,NOTRUN
2026-08-10T23:53:49Z,hw293,G2,FAIL
2026-08-10T23:53:49Z,hw293,G3,FAIL
2026-08-10T23:53:49Z,hw293,G4,PASS
2026-08-10T23:53:49Z,hw293,G5,PASS
2026-08-10T23:53:49Z,hw293,G6,FAIL
2026-08-10T23:53:49Z,hw293,G7,FAIL
2026-08-10T23:53:49Z,hw293,G8,FAIL
2026-08-10T23:53:49Z,hw293,G9,FAIL
2026-08-10T23:53:49Z,hw293,M1,PASS
2026-08-10T23:53:49Z,hw293,M2,PASS
2026-08-10T23:53:49Z,hw293,M3,PASS
2026-08-10T23:53:49Z,hw293,M4,PASS
2026-08-10T23:53:49Z,hw293,R1,PASS
2026-08-10T23:53:49Z,hw293,R10,PASS
2026-08-10T23:53:49Z,hw293,R11,PASS
2026-08-10T23:53:49Z,hw293,R12,FAIL
2026-08-10T23:53:49Z,hw293,R13,FAIL
2026-08-10T23:53:49Z,hw293,R14,PASS
2026-08-10T23:53:49Z,hw293,R15,PASS
2026-08-10T23:53:49Z,hw293,R16,FAIL
2026-08-10T23:53:49Z,hw293,R17,FAIL
2026-08-10T23:53:49Z,hw293,R18,PASS
2026-08-10T23:53:49Z,hw293,R19,FAIL
2026-08-10T23:53:49Z,hw293,R2,PASS
2026-08-10T23:53:49Z,hw293,R20,PASS
2026-08-10T23:53:49Z,hw293,R21,PASS
2026-08-10T23:53:49Z,hw293,R22,PASS
2026-08-10T23:53:49Z,hw293,R3,PASS
2026-08-10T23:53:49Z,hw293,R4,PASS
2026-08-10T23:53:49Z,hw293,R5,PASS
2026-08-10T23:53:49Z,hw293,R6,PASS
2026-08-10T23:53:49Z,hw293,R7,PASS
2026-08-10T23:53:49Z,hw293,R8,PASS
2026-08-10T23:53:49Z,hw293,R9,PASS
2026-08-10T23:53:49Z,hw293,W1,FAIL
2026-08-10T23:53:49Z,hw293,W2,FAIL
2026-08-10T23:53:49Z,hw293,W3,NOTRUN
2026-08-10T23:53:49Z,hw293,W4,PASS
2026-08-10T23:53:49Z,hw293,W5,FAIL
2026-08-11T00:33:45Z,hw293,1,PASS
2026-08-11T00:33:45Z,hw293,10,PASS
2026-08-11T00:33:45Z,hw293,100,PASS
2026-08-11T00:33:45Z,hw293,101,NOTRUN
2026-08-11T00:33:45Z,hw293,102,PASS
2026-08-11T00:33:45Z,hw293,103,PASS
2026-08-11T00:33:45Z,hw293,104,PASS
2026-08-11T00:33:45Z,hw293,105,PASS
2026-08-11T00:33:45Z,hw293,106,PASS
2026-08-11T00:33:45Z,hw293,107,PASS
2026-08-11T00:33:45Z,hw293,108,PASS
2026-08-11T00:33:45Z,hw293,109,FAIL
2026-08-11T00:33:45Z,hw293,11,PASS
2026-08-11T00:33:45Z,hw293,110,PASS
2026-08-11T00:33:45Z,hw293,111,FAIL
2026-08-11T00:33:45Z,hw293,112,PASS
2026-08-11T00:33:45Z,hw293,113,PASS
2026-08-11T00:33:45Z,hw293,114,PASS
2026-08-11T00:33:45Z,hw293,115,FAIL
2026-08-11T00:33:45Z,hw293,116,PASS
2026-08-11T00:33:45Z,hw293,117,PASS
2026-08-11T00:33:45Z,hw293,118,PASS
2026-08-11T00:33:45Z,hw293,119,PASS
2026-08-11T00:33:45Z,hw293,12,PASS
2026-08-11T00:33:45Z,hw293,120,PASS
2026-08-11T00:33:45Z,hw293,121,PASS
2026-08-11T00:33:45Z,hw293,122,PASS
2026-08-11T00:33:45Z,hw293,123,PASS
2026-08-11T00:33:45Z,hw293,124,PASS
2026-08-11T00:33:45Z,hw293,125,PASS
2026-08-11T00:33:45Z,hw293,126,PASS
2026-08-11T00:33:45Z,hw293,127,PASS
2026-08-11T00:33:45Z,hw293,128,PASS
2026-08-11T00:33:45Z,hw293,129,PASS
2026-08-11T00:33:45Z,hw293,13,PASS
2026-08-11T00:33:45Z,hw293,130,PASS
2026-08-11T00:33:45Z,hw293,131,PASS
2026-08-11T00:33:45Z,hw293,132,PASS
2026-08-11T00:33:45Z,hw293,133,PASS
2026-08-11T00:33:45Z,hw293,134,PASS
2026-08-11T00:33:45Z,hw293,135,PASS
2026-08-11T00:33:45Z,hw293,136,PASS
2026-08-11T00:33:45Z,hw293,137,PASS
2026-08-11T00:33:45Z,hw293,138,PASS
2026-08-11T00:33:45Z,hw293,139,PASS
2026-08-11T00:33:45Z,hw293,14,PASS
2026-08-11T00:33:45Z,hw293,140,PASS
2026-08-11T00:33:45Z,hw293,141,PASS
2026-08-11T00:33:45Z,hw293,142,PASS
2026-08-11T00:33:45Z,hw293,143,PASS
2026-08-11T00:33:45Z,hw293,144,PASS
2026-08-11T00:33:45Z,hw293,145,PASS
2026-08-11T00:33:45Z,hw293,146,PASS
2026-08-11T00:33:45Z,hw293,147,PASS
2026-08-11T00:33:45Z,hw293,148,PASS
2026-08-11T00:33:45Z,hw293,149,PASS
2026-08-11T00:33:45Z,hw293,15,FAIL
2026-08-11T00:33:45Z,hw293,150,PASS
2026-08-11T00:33:45Z,hw293,151,PASS
2026-08-11T00:33:45Z,hw293,152,PASS
2026-08-11T00:33:45Z,hw293,153,PASS
2026-08-11T00:33:45Z,hw293,154,PASS
2026-08-11T00:33:45Z,hw293,155,PASS
2026-08-11T00:33:45Z,hw293,156,PASS
2026-08-11T00:33:45Z,hw293,157,PASS
2026-08-11T00:33:45Z,hw293,158,PASS
2026-08-11T00:33:45Z,hw293,159,PASS
2026-08-11T00:33:45Z,hw293,16,FAIL
2026-08-11T00:33:45Z,hw293,160,FAIL
2026-08-11T00:33:45Z,hw293,161,PASS
2026-08-11T00:33:45Z,hw293,162,FAIL
2026-08-11T00:33:45Z,hw293,163,FAIL
2026-08-11T00:33:45Z,hw293,164,FAIL
2026-08-11T00:33:45Z,hw293,165,NOTRUN
2026-08-11T00:33:45Z,hw293,166,FAIL
2026-08-11T00:33:45Z,hw293,167,PASS
2026-08-11T00:33:45Z,hw293,168,PASS
2026-08-11T00:33:45Z,hw293,169,PASS
2026-08-11T00:33:45Z,hw293,17,PASS
2026-08-11T00:33:45Z,hw293,170,PASS
2026-08-11T00:33:45Z,hw293,171,PASS
2026-08-11T00:33:45Z,hw293,172,FAIL
2026-08-11T00:33:45Z,hw293,173,PASS
2026-08-11T00:33:45Z,hw293,174,NOTRUN
2026-08-11T00:33:45Z,hw293,175,PASS
2026-08-11T00:33:45Z,hw293,176,FAIL
2026-08-11T00:33:45Z,hw293,177,PASS
2026-08-11T00:33:45Z,hw293,178,PASS
2026-08-11T00:33:45Z,hw293,179,PASS
2026-08-11T00:33:45Z,hw293,18,PASS
2026-08-11T00:33:45Z,hw293,180,PASS
2026-08-11T00:33:45Z,hw293,181,PASS
2026-08-11T00:33:45Z,hw293,182,PASS
2026-08-11T00:33:45Z,hw293,183,PASS
2026-08-11T00:33:45Z,hw293,184,FAIL
2026-08-11T00:33:45Z,hw293,185,PASS
2026-08-11T00:33:45Z,hw293,186,PASS
2026-08-11T00:33:45Z,hw293,187,FAIL
2026-08-11T00:33:45Z,hw293,188,FAIL
2026-08-11T00:33:45Z,hw293,189,FAIL
2026-08-11T00:33:45Z,hw293,19,FAIL
2026-08-11T00:33:45Z,hw293,190,PASS
2026-08-11T00:33:45Z,hw293,191,PASS
2026-08-11T00:33:45Z,hw293,192,PASS
2026-08-11T00:33:45Z,hw293,193,PASS
2026-08-11T00:33:45Z,hw293,194,PASS
2026-08-11T00:33:45Z,hw293,195,PASS
2026-08-11T00:33:45Z,hw293,196,PASS
2026-08-11T00:33:45Z,hw293,197,FAIL
2026-08-11T00:33:45Z,hw293,198,PASS
2026-08-11T00:33:45Z,hw293,199,PASS
2026-08-11T00:33:45Z,hw293,2,PASS
2026-08-11T00:33:45Z,hw293,20,PASS
2026-08-11T00:33:45Z,hw293,200,PASS
2026-08-11T00:33:45Z,hw293,201,PASS
2026-08-11T00:33:45Z,hw293,202,PASS
2026-08-11T00:33:45Z,hw293,203,PASS
2026-08-11T00:33:45Z,hw293,204,PASS
2026-08-11T00:33:45Z,hw293,205,PASS
2026-08-11T00:33:45Z,hw293,206,FAIL
2026-08-11T00:33:45Z,hw293,207,FAIL
2026-08-11T00:33:45Z,hw293,208,FAIL
2026-08-11T00:33:45Z,hw293,209,PASS
2026-08-11T00:33:45Z,hw293,21,PASS
2026-08-11T00:33:45Z,hw293,210,PASS
2026-08-11T00:33:45Z,hw293,211,PASS
2026-08-11T00:33:45Z,hw293,212,FAIL
2026-08-11T00:33:45Z,hw293,213,FAIL
2026-08-11T00:33:45Z,hw293,214,PASS
2026-08-11T00:33:45Z,hw293,215,PASS
2026-08-11T00:33:45Z,hw293,216,PASS
2026-08-11T00:33:45Z,hw293,217,PASS
2026-08-11T00:33:45Z,hw293,218,FAIL
2026-08-11T00:33:45Z,hw293,219,PASS
2026-08-11T00:33:45Z,hw293,22,PASS
2026-08-11T00:33:45Z,hw293,220,FAIL
2026-08-11T00:33:45Z,hw293,221,FAIL
2026-08-11T00:33:45Z,hw293,222,FAIL
2026-08-11T00:33:45Z,hw293,223,FAIL
2026-08-11T00:33:45Z,hw293,224,PASS
2026-08-11T00:33:45Z,hw293,225,PASS
2026-08-11T00:33:45Z,hw293,226,PASS
2026-08-11T00:33:45Z,hw293,227,FAIL
2026-08-11T00:33:45Z,hw293,228,FAIL
2026-08-11T00:33:45Z,hw293,229,PASS
2026-08-11T00:33:45Z,hw293,23,PASS
2026-08-11T00:33:45Z,hw293,230,PASS
2026-08-11T00:33:45Z,hw293,231,PASS
2026-08-11T00:33:45Z,hw293,232,FAIL
2026-08-11T00:33:45Z,hw293,233,PASS
2026-08-11T00:33:45Z,hw293,234,FAIL
2026-08-11T00:33:45Z,hw293,235,FAIL
2026-08-11T00:33:45Z,hw293,236,FAIL
2026-08-11T00:33:45Z,hw293,237,FAIL
2026-08-11T00:33:45Z,hw293,238,PASS
2026-08-11T00:33:45Z,hw293,239,FAIL
2026-08-11T00:33:45Z,hw293,24,PASS
2026-08-11T00:33:45Z,hw293,240,PASS
2026-08-11T00:33:45Z,hw293,241,FAIL
2026-08-11T00:33:45Z,hw293,242,PASS
2026-08-11T00:33:45Z,hw293,243,PASS
2026-08-11T00:33:45Z,hw293,25,FAIL
2026-08-11T00:33:45Z,hw293,26,NOTRUN
2026-08-11T00:33:45Z,hw293,27,NOTRUN
2026-08-11T00:33:45Z,hw293,28,NOTRUN
2026-08-11T00:33:45Z,hw293,29,FAIL
2026-08-11T00:33:45Z,hw293,3,PASS
2026-08-11T00:33:45Z,hw293,30,NOTRUN
2026-08-11T00:33:45Z,hw293,31,NOTRUN
2026-08-11T00:33:45Z,hw293,32,FAIL
2026-08-11T00:33:45Z,hw293,33,NOTRUN
2026-08-11T00:33:45Z,hw293,34,NOTRUN
2026-08-11T00:33:45Z,hw293,35,NOTRUN
2026-08-11T00:33:45Z,hw293,36,FAIL
2026-08-11T00:33:45Z,hw293,37,NOTRUN
2026-08-11T00:33:45Z,hw293,38,FAIL
2026-08-11T00:33:45Z,hw293,39,NOTRUN
2026-08-11T00:33:45Z,hw293,4,PASS
2026-08-11T00:33:45Z,hw293,40,NOTRUN
2026-08-11T00:33:45Z,hw293,41,NOTRUN
2026-08-11T00:33:45Z,hw293,42,NOTRUN
2026-08-11T00:33:45Z,hw293,43,NOTRUN
2026-08-11T00:33:45Z,hw293,44,NOTRUN
2026-08-11T00:33:45Z,hw293,45,NOTRUN
2026-08-11T00:33:45Z,hw293,46,PASS
2026-08-11T00:33:45Z,hw293,47,PASS
2026-08-11T00:33:45Z,hw293,48,PASS
2026-08-11T00:33:45Z,hw293,49,PASS
2026-08-11T00:33:45Z,hw293,5,PASS
2026-08-11T00:33:45Z,hw293,50,PASS
2026-08-11T00:33:45Z,hw293,51,FAIL
2026-08-11T00:33:45Z,hw293,52,FAIL
2026-08-11T00:33:45Z,hw293,53,PASS
2026-08-11T00:33:45Z,hw293,54,PASS
2026-08-11T00:33:45Z,hw293,55,FAIL
2026-08-11T00:33:45Z,hw293,56,FAIL
2026-08-11T00:33:45Z,hw293,57,FAIL
2026-08-11T00:33:45Z,hw293,58,PASS
2026-08-11T00:33:45Z,hw293,59,PASS
2026-08-11T00:33:45Z,hw293,6,PASS
2026-08-11T00:33:45Z,hw293,60,FAIL
2026-08-11T00:33:45Z,hw293,61,PASS
2026-08-11T00:33:45Z,hw293,62,FAIL
2026-08-11T00:33:45Z,hw293,63,FAIL
2026-08-11T00:33:45Z,hw293,64,FAIL
2026-08-11T00:33:45Z,hw293,65,FAIL
2026-08-11T00:33:45Z,hw293,66,FAIL
2026-08-11T00:33:45Z,hw293,67,FAIL
2026-08-11T00:33:45Z,hw293,68,PASS
2026-08-11T00:33:45Z,hw293,69,FAIL
2026-08-11T00:33:45Z,hw293,7,FAIL
2026-08-11T00:33:45Z,hw293,70,FAIL
2026-08-11T00:33:45Z,hw293,71,FAIL
2026-08-11T00:33:45Z,hw293,72,PASS
2026-08-11T00:33:45Z,hw293,73,PASS
2026-08-11T00:33:45Z,hw293,74,PASS
2026-08-11T00:33:45Z,hw293,75,PASS
2026-08-11T00:33:45Z,hw293,76,PASS
2026-08-11T00:33:45Z,hw293,77,PASS
2026-08-11T00:33:45Z,hw293,78,PASS
2026-08-11T00:33:45Z,hw293,79,PASS
2026-08-11T00:33:45Z,hw293,8,FAIL
2026-08-11T00:33:45Z,hw293,80,PASS
2026-08-11T00:33:45Z,hw293,81,PASS
2026-08-11T00:33:45Z,hw293,82,PASS
2026-08-11T00:33:45Z,hw293,83,PASS
2026-08-11T00:33:45Z,hw293,84,PASS
2026-08-11T00:33:45Z,hw293,85,PASS
2026-08-11T00:33:45Z,hw293,86,PASS
2026-08-11T00:33:45Z,hw293,87,FAIL
2026-08-11T00:33:45Z,hw293,88,PASS
2026-08-11T00:33:45Z,hw293,89,PASS
2026-08-11T00:33:45Z,hw293,9,PASS
2026-08-11T00:33:45Z,hw293,90,FAIL
2026-08-11T00:33:45Z,hw293,91,PASS
2026-08-11T00:33:45Z,hw293,92,PASS
2026-08-11T00:33:45Z,hw293,93,PASS
2026-08-11T00:33:45Z,hw293,94,PASS
2026-08-11T00:33:45Z,hw293,95,FAIL
2026-08-11T00:33:45Z,hw293,96,PASS
2026-08-11T00:33:45Z,hw293,97,PASS
2026-08-11T00:33:45Z,hw293,98,PASS
2026-08-11T00:33:45Z,hw293,99,PASS
2026-08-11T00:33:45Z,hw293,G1,FAIL
2026-08-11T00:33:45Z,hw293,G10,PASS
2026-08-11T00:33:45Z,hw293,G11,FAIL
2026-08-11T00:33:45Z,hw293,G12,NOTRUN
2026-08-11T00:33:45Z,hw293,G2,FAIL
2026-08-11T00:33:45Z,hw293,G3,FAIL
2026-08-11T00:33:45Z,hw293,G4,PASS
2026-08-11T00:33:45Z,hw293,G5,PASS
2026-08-11T00:33:45Z,hw293,G6,FAIL
2026-08-11T00:33:45Z,hw293,G7,FAIL
2026-08-11T00:33:45Z,hw293,G8,FAIL
2026-08-11T00:33:45Z,hw293,G9,FAIL
2026-08-11T00:33:45Z,hw293,M1,PASS
2026-08-11T00:33:45Z,hw293,M2,PASS
2026-08-11T00:33:45Z,hw293,M3,PASS
2026-08-11T00:33:45Z,hw293,M4,PASS
2026-08-11T00:33:45Z,hw293,R1,PASS
2026-08-11T00:33:45Z,hw293,R10,PASS
2026-08-11T00:33:45Z,hw293,R11,PASS
2026-08-11T00:33:45Z,hw293,R12,FAIL
2026-08-11T00:33:45Z,hw293,R13,FAIL
2026-08-11T00:33:45Z,hw293,R14,PASS
2026-08-11T00:33:45Z,hw293,R15,PASS
2026-08-11T00:33:45Z,hw293,R16,FAIL
2026-08-11T00:33:45Z,hw293,R17,FAIL
2026-08-11T00:33:45Z,hw293,R18,PASS
2026-08-11T00:33:45Z,hw293,R19,FAIL
2026-08-11T00:33:45Z,hw293,R2,PASS
2026-08-11T00:33:45Z,hw293,R20,PASS
2026-08-11T00:33:45Z,hw293,R21,PASS
2026-08-11T00:33:45Z,hw293,R22,PASS
2026-08-11T00:33:45Z,hw293,R3,PASS
2026-08-11T00:33:45Z,hw293,R4,PASS
2026-08-11T00:33:45Z,hw293,R5,PASS
2026-08-11T00:33:45Z,hw293,R6,PASS
2026-08-11T00:33:45Z,hw293,R7,PASS
2026-08-11T00:33:45Z,hw293,R8,PASS
2026-08-11T00:33:45Z,hw293,R9,PASS
2026-08-11T00:33:45Z,hw293,W1,FAIL
2026-08-11T00:33:45Z,hw293,W2,FAIL
2026-08-11T00:33:45Z,hw293,W3,NOTRUN
2026-08-11T00:33:45Z,hw293,W4,PASS
2026-08-11T00:33:45Z,hw293,W5,FAIL
2026-08-11T00:56:43Z,hw293,1,PASS
2026-08-11T00:56:43Z,hw293,10,PASS
2026-08-11T00:56:43Z,hw293,100,PASS
2026-08-11T00:56:43Z,hw293,101,NOTRUN
2026-08-11T00:56:43Z,hw293,102,PASS
2026-08-11T00:56:43Z,hw293,103,PASS
2026-08-11T00:56:43Z,hw293,104,PASS
2026-08-11T00:56:43Z,hw293,105,PASS
2026-08-11T00:56:43Z,hw293,106,PASS
2026-08-11T00:56:43Z,hw293,107,PASS
2026-08-11T00:56:43Z,hw293,108,PASS
2026-08-11T00:56:43Z,hw293,109,FAIL
2026-08-11T00:56:43Z,hw293,11,PASS
2026-08-11T00:56:43Z,hw293,110,PASS
2026-08-11T00:56:43Z,hw293,111,FAIL
2026-08-11T00:56:43Z,hw293,112,PASS
2026-08-11T00:56:43Z,hw293,113,PASS
2026-08-11T00:56:43Z,hw293,114,PASS
2026-08-11T00:56:43Z,hw293,115,FAIL
2026-08-11T00:56:43Z,hw293,116,PASS
2026-08-11T00:56:43Z,hw293,117,PASS
2026-08-11T00:56:43Z,hw293,118,PASS
2026-08-11T00:56:43Z,hw293,119,PASS
2026-08-11T00:56:43Z,hw293,12,PASS
2026-08-11T00:56:43Z,hw293,120,PASS
2026-08-11T00:56:43Z,hw293,121,PASS
2026-08-11T00:56:43Z,hw293,122,PASS
2026-08-11T00:56:43Z,hw293,123,PASS
2026-08-11T00:56:43Z,hw293,124,PASS
2026-08-11T00:56:43Z,hw293,125,PASS
2026-08-11T00:56:43Z,hw293,126,PASS
2026-08-11T00:56:43Z,hw293,127,PASS
2026-08-11T00:56:43Z,hw293,128,PASS
2026-08-11T00:56:43Z,hw293,129,PASS
2026-08-11T00:56:43Z,hw293,13,PASS
2026-08-11T00:56:43Z,hw293,130,PASS
2026-08-11T00:56:43Z,hw293,131,PASS
2026-08-11T00:56:43Z,hw293,132,PASS
2026-08-11T00:56:43Z,hw293,133,PASS
2026-08-11T00:56:43Z,hw293,134,PASS
2026-08-11T00:56:43Z,hw293,135,PASS
2026-08-11T00:56:43Z,hw293,136,PASS
2026-08-11T00:56:43Z,hw293,137,PASS
2026-08-11T00:56:43Z,hw293,138,PASS
2026-08-11T00:56:43Z,hw293,139,PASS
2026-08-11T00:56:43Z,hw293,14,PASS
2026-08-11T00:56:43Z,hw293,140,PASS
2026-08-11T00:56:43Z,hw293,141,PASS
2026-08-11T00:56:43Z,hw293,142,PASS
2026-08-11T00:56:43Z,hw293,143,PASS
2026-08-11T00:56:43Z,hw293,144,PASS
2026-08-11T00:56:43Z,hw293,145,PASS
2026-08-11T00:56:43Z,hw293,146,PASS
2026-08-11T00:56:43Z,hw293,147,PASS
2026-08-11T00:56:43Z,hw293,148,PASS
2026-08-11T00:56:43Z,hw293,149,PASS
2026-08-11T00:56:43Z,hw293,15,FAIL
2026-08-11T00:56:43Z,hw293,150,PASS
2026-08-11T00:56:43Z,hw293,151,PASS
2026-08-11T00:56:43Z,hw293,152,PASS
2026-08-11T00:56:43Z,hw293,153,PASS
2026-08-11T00:56:43Z,hw293,154,PASS
2026-08-11T00:56:43Z,hw293,155,PASS
2026-08-11T00:56:43Z,hw293,156,PASS
2026-08-11T00:56:43Z,hw293,157,PASS
2026-08-11T00:56:43Z,hw293,158,PASS
2026-08-11T00:56:43Z,hw293,159,PASS
2026-08-11T00:56:43Z,hw293,16,FAIL
2026-08-11T00:56:43Z,hw293,160,FAIL
2026-08-11T00:56:43Z,hw293,161,PASS
2026-08-11T00:56:43Z,hw293,162,FAIL
2026-08-11T00:56:43Z,hw293,163,FAIL
2026-08-11T00:56:43Z,hw293,164,FAIL
2026-08-11T00:56:43Z,hw293,165,NOTRUN
2026-08-11T00:56:43Z,hw293,166,FAIL
2026-08-11T00:56:43Z,hw293,167,PASS
2026-08-11T00:56:43Z,hw293,168,PASS
2026-08-11T00:56:43Z,hw293,169,PASS
2026-08-11T00:56:43Z,hw293,17,PASS
2026-08-11T00:56:43Z,hw293,170,PASS
2026-08-11T00:56:43Z,hw293,171,PASS
2026-08-11T00:56:43Z,hw293,172,FAIL
2026-08-11T00:56:43Z,hw293,173,PASS
2026-08-11T00:56:43Z,hw293,174,NOTRUN
2026-08-11T00:56:43Z,hw293,175,PASS
2026-08-11T00:56:43Z,hw293,176,FAIL
2026-08-11T00:56:43Z,hw293,177,PASS
2026-08-11T00:56:43Z,hw293,178,PASS
2026-08-11T00:56:43Z,hw293,179,PASS
2026-08-11T00:56:43Z,hw293,18,PASS
2026-08-11T00:56:43Z,hw293,180,PASS
2026-08-11T00:56:43Z,hw293,181,PASS
2026-08-11T00:56:43Z,hw293,182,PASS
2026-08-11T00:56:43Z,hw293,183,PASS
2026-08-11T00:56:43Z,hw293,184,FAIL
2026-08-11T00:56:43Z,hw293,185,PASS
2026-08-11T00:56:43Z,hw293,186,PASS
2026-08-11T00:56:43Z,hw293,187,FAIL
2026-08-11T00:56:43Z,hw293,188,FAIL
2026-08-11T00:56:43Z,hw293,189,FAIL
2026-08-11T00:56:43Z,hw293,19,FAIL
2026-08-11T00:56:43Z,hw293,190,PASS
2026-08-11T00:56:43Z,hw293,191,PASS
2026-08-11T00:56:43Z,hw293,192,PASS
2026-08-11T00:56:43Z,hw293,193,PASS
2026-08-11T00:56:43Z,hw293,194,PASS
2026-08-11T00:56:43Z,hw293,195,PASS
2026-08-11T00:56:43Z,hw293,196,PASS
2026-08-11T00:56:43Z,hw293,197,FAIL
2026-08-11T00:56:43Z,hw293,198,PASS
2026-08-11T00:56:43Z,hw293,199,PASS
2026-08-11T00:56:43Z,hw293,2,PASS
2026-08-11T00:56:43Z,hw293,20,PASS
2026-08-11T00:56:43Z,hw293,200,PASS
2026-08-11T00:56:43Z,hw293,201,PASS
2026-08-11T00:56:43Z,hw293,202,PASS
2026-08-11T00:56:43Z,hw293,203,PASS
2026-08-11T00:56:43Z,hw293,204,PASS
2026-08-11T00:56:43Z,hw293,205,PASS
2026-08-11T00:56:43Z,hw293,206,FAIL
2026-08-11T00:56:43Z,hw293,207,FAIL
2026-08-11T00:56:43Z,hw293,208,FAIL
2026-08-11T00:56:43Z,hw293,209,PASS
2026-08-11T00:56:43Z,hw293,21,PASS
2026-08-11T00:56:43Z,hw293,210,PASS
2026-08-11T00:56:43Z,hw293,211,PASS
2026-08-11T00:56:43Z,hw293,212,FAIL
2026-08-11T00:56:43Z,hw293,213,FAIL
2026-08-11T00:56:43Z,hw293,214,PASS
2026-08-11T00:56:43Z,hw293,215,PASS
2026-08-11T00:56:43Z,hw293,216,PASS
2026-08-11T00:56:43Z,hw293,217,PASS
2026-08-11T00:56:43Z,hw293,218,FAIL
2026-08-11T00:56:43Z,hw293,219,FAIL
2026-08-11T00:56:43Z,hw293,22,PASS
2026-08-11T00:56:43Z,hw293,220,FAIL
2026-08-11T00:56:43Z,hw293,221,FAIL
2026-08-11T00:56:43Z,hw293,222,FAIL
2026-08-11T00:56:43Z,hw293,223,FAIL
2026-08-11T00:56:43Z,hw293,224,PASS
2026-08-11T00:56:43Z,hw293,225,PASS
2026-08-11T00:56:43Z,hw293,226,PASS
2026-08-11T00:56:43Z,hw293,227,FAIL
2026-08-11T00:56:43Z,hw293,228,FAIL
2026-08-11T00:56:43Z,hw293,229,PASS
2026-08-11T00:56:43Z,hw293,23,PASS
2026-08-11T00:56:43Z,hw293,230,PASS
2026-08-11T00:56:43Z,hw293,231,PASS
2026-08-11T00:56:43Z,hw293,232,FAIL
2026-08-11T00:56:43Z,hw293,233,PASS
2026-08-11T00:56:43Z,hw293,234,FAIL
2026-08-11T00:56:43Z,hw293,235,FAIL
2026-08-11T00:56:43Z,hw293,236,FAIL
2026-08-11T00:56:43Z,hw293,237,FAIL
2026-08-11T00:56:43Z,hw293,238,PASS
2026-08-11T00:56:43Z,hw293,239,FAIL
2026-08-11T00:56:43Z,hw293,24,PASS
2026-08-11T00:56:43Z,hw293,240,PASS
2026-08-11T00:56:43Z,hw293,241,FAIL
2026-08-11T00:56:43Z,hw293,242,PASS
2026-08-11T00:56:43Z,hw293,243,PASS
2026-08-11T00:56:43Z,hw293,25,FAIL
2026-08-11T00:56:43Z,hw293,26,PASS
2026-08-11T00:56:43Z,hw293,27,PASS
2026-08-11T00:56:43Z,hw293,28,PASS
2026-08-11T00:56:43Z,hw293,29,FAIL
2026-08-11T00:56:43Z,hw293,3,PASS
2026-08-11T00:56:43Z,hw293,30,FAIL
2026-08-11T00:56:43Z,hw293,31,FAIL
2026-08-11T00:56:43Z,hw293,32,FAIL
2026-08-11T00:56:43Z,hw293,33,FAIL
2026-08-11T00:56:43Z,hw293,34,FAIL
2026-08-11T00:56:43Z,hw293,35,FAIL
2026-08-11T00:56:43Z,hw293,36,FAIL
2026-08-11T00:56:43Z,hw293,37,FAIL
2026-08-11T00:56:43Z,hw293,38,FAIL
2026-08-11T00:56:43Z,hw293,39,FAIL
2026-08-11T00:56:43Z,hw293,4,PASS
2026-08-11T00:56:43Z,hw293,40,PASS
2026-08-11T00:56:43Z,hw293,41,PASS
2026-08-11T00:56:43Z,hw293,42,PASS
2026-08-11T00:56:43Z,hw293,43,PASS
2026-08-11T00:56:43Z,hw293,44,PASS
2026-08-11T00:56:43Z,hw293,45,PASS
2026-08-11T00:56:43Z,hw293,46,PASS
2026-08-11T00:56:43Z,hw293,47,PASS
2026-08-11T00:56:43Z,hw293,48,PASS
2026-08-11T00:56:43Z,hw293,49,PASS
2026-08-11T00:56:43Z,hw293,5,PASS
2026-08-11T00:56:43Z,hw293,50,PASS
2026-08-11T00:56:43Z,hw293,51,FAIL
2026-08-11T00:56:43Z,hw293,52,FAIL
2026-08-11T00:56:43Z,hw293,53,PASS
2026-08-11T00:56:43Z,hw293,54,PASS
2026-08-11T00:56:43Z,hw293,55,FAIL
2026-08-11T00:56:43Z,hw293,56,FAIL
2026-08-11T00:56:43Z,hw293,57,FAIL
2026-08-11T00:56:43Z,hw293,58,PASS
2026-08-11T00:56:43Z,hw293,59,PASS
2026-08-11T00:56:43Z,hw293,6,PASS
2026-08-11T00:56:43Z,hw293,60,FAIL
2026-08-11T00:56:43Z,hw293,61,PASS
2026-08-11T00:56:43Z,hw293,62,FAIL
2026-08-11T00:56:43Z,hw293,63,FAIL
2026-08-11T00:56:43Z,hw293,64,FAIL
2026-08-11T00:56:43Z,hw293,65,FAIL
2026-08-11T00:56:43Z,hw293,66,FAIL
2026-08-11T00:56:43Z,hw293,67,FAIL
2026-08-11T00:56:43Z,hw293,68,PASS
2026-08-11T00:56:43Z,hw293,69,FAIL
2026-08-11T00:56:43Z,hw293,7,FAIL
2026-08-11T00:56:43Z,hw293,70,FAIL
2026-08-11T00:56:43Z,hw293,71,FAIL
2026-08-11T00:56:43Z,hw293,72,PASS
2026-08-11T00:56:43Z,hw293,73,PASS
2026-08-11T00:56:43Z,hw293,74,PASS
2026-08-11T00:56:43Z,hw293,75,PASS
2026-08-11T00:56:43Z,hw293,76,PASS
2026-08-11T00:56:43Z,hw293,77,PASS
2026-08-11T00:56:43Z,hw293,78,PASS
2026-08-11T00:56:43Z,hw293,79,PASS
2026-08-11T00:56:43Z,hw293,8,FAIL
2026-08-11T00:56:43Z,hw293,80,PASS
2026-08-11T00:56:43Z,hw293,81,PASS
2026-08-11T00:56:43Z,hw293,82,PASS
2026-08-11T00:56:43Z,hw293,83,PASS
2026-08-11T00:56:43Z,hw293,84,PASS
2026-08-11T00:56:43Z,hw293,85,PASS
2026-08-11T00:56:43Z,hw293,86,PASS
2026-08-11T00:56:43Z,hw293,87,FAIL
2026-08-11T00:56:43Z,hw293,88,PASS
2026-08-11T00:56:43Z,hw293,89,PASS
2026-08-11T00:56:43Z,hw293,9,PASS
2026-08-11T00:56:43Z,hw293,90,FAIL
2026-08-11T00:56:43Z,hw293,91,PASS
2026-08-11T00:56:43Z,hw293,92,PASS
2026-08-11T00:56:43Z,hw293,93,PASS
2026-08-11T00:56:43Z,hw293,94,PASS
2026-08-11T00:56:43Z,hw293,95,FAIL
2026-08-11T00:56:43Z,hw293,96,PASS
2026-08-11T00:56:43Z,hw293,97,PASS
2026-08-11T00:56:43Z,hw293,98,PASS
2026-08-11T00:56:43Z,hw293,99,PASS
2026-08-11T00:56:43Z,hw293,G1,FAIL
2026-08-11T00:56:43Z,hw293,G10,PASS
2026-08-11T00:56:43Z,hw293,G11,FAIL
2026-08-11T00:56:43Z,hw293,G12,NOTRUN
2026-08-11T00:56:43Z,hw293,G2,FAIL
2026-08-11T00:56:43Z,hw293,G3,FAIL
2026-08-11T00:56:43Z,hw293,G4,PASS
2026-08-11T00:56:43Z,hw293,G5,PASS
2026-08-11T00:56:43Z,hw293,G6,FAIL
2026-08-11T00:56:43Z,hw293,G7,FAIL
2026-08-11T00:56:43Z,hw293,G8,FAIL
2026-08-11T00:56:43Z,hw293,G9,FAIL
2026-08-11T00:56:43Z,hw293,M1,PASS
2026-08-11T00:56:43Z,hw293,M2,PASS
2026-08-11T00:56:43Z,hw293,M3,PASS
2026-08-11T00:56:43Z,hw293,M4,PASS
2026-08-11T00:56:43Z,hw293,R1,PASS
2026-08-11T00:56:43Z,hw293,R10,PASS
2026-08-11T00:56:43Z,hw293,R11,PASS
2026-08-11T00:56:43Z,hw293,R12,FAIL
2026-08-11T00:56:43Z,hw293,R13,FAIL
2026-08-11T00:56:43Z,hw293,R14,PASS
2026-08-11T00:56:43Z,hw293,R15,PASS
2026-08-11T00:56:43Z,hw293,R16,FAIL
2026-08-11T00:56:43Z,hw293,R17,FAIL
2026-08-11T00:56:43Z,hw293,R18,PASS
2026-08-11T00:56:43Z,hw293,R19,FAIL
2026-08-11T00:56:43Z,hw293,R2,PASS
2026-08-11T00:56:43Z,hw293,R20,PASS
2026-08-11T00:56:43Z,hw293,R21,PASS
2026-08-11T00:56:43Z,hw293,R22,PASS
2026-08-11T00:56:43Z,hw293,R3,PASS
2026-08-11T00:56:43Z,hw293,R4,PASS
2026-08-11T00:56:43Z,hw293,R5,PASS
2026-08-11T00:56:43Z,hw293,R6,PASS
2026-08-11T00:56:43Z,hw293,R7,PASS
2026-08-11T00:56:43Z,hw293,R8,PASS
2026-08-11T00:56:43Z,hw293,R9,PASS
2026-08-11T00:56:43Z,hw293,W1,FAIL
2026-08-11T00:56:43Z,hw293,W2,FAIL
2026-08-11T00:56:43Z,hw293,W3,NOTRUN
2026-08-11T00:56:43Z,hw293,W4,PASS
2026-08-11T00:56:43Z,hw293,W5,FAIL
2026-08-11T01:00:58Z,hw293,1,PASS
2026-08-11T01:00:58Z,hw293,10,PASS
2026-08-11T01:00:58Z,hw293,100,PASS
2026-08-11T01:00:58Z,hw293,101,NOTRUN
2026-08-11T01:00:58Z,hw293,102,PASS
2026-08-11T01:00:58Z,hw293,103,PASS
2026-08-11T01:00:58Z,hw293,104,PASS
2026-08-11T01:00:58Z,hw293,105,PASS
2026-08-11T01:00:58Z,hw293,106,PASS
2026-08-11T01:00:58Z,hw293,107,PASS
2026-08-11T01:00:58Z,hw293,108,PASS
2026-08-11T01:00:58Z,hw293,109,FAIL
2026-08-11T01:00:58Z,hw293,11,PASS
2026-08-11T01:00:58Z,hw293,110,PASS
2026-08-11T01:00:58Z,hw293,111,FAIL
2026-08-11T01:00:58Z,hw293,112,PASS
2026-08-11T01:00:58Z,hw293,113,PASS
2026-08-11T01:00:58Z,hw293,114,PASS
2026-08-11T01:00:58Z,hw293,115,FAIL
2026-08-11T01:00:58Z,hw293,116,PASS
2026-08-11T01:00:58Z,hw293,117,PASS
2026-08-11T01:00:58Z,hw293,118,PASS
2026-08-11T01:00:58Z,hw293,119,PASS
2026-08-11T01:00:58Z,hw293,12,PASS
2026-08-11T01:00:58Z,hw293,120,PASS
2026-08-11T01:00:58Z,hw293,121,PASS
2026-08-11T01:00:58Z,hw293,122,PASS
2026-08-11T01:00:58Z,hw293,123,PASS
2026-08-11T01:00:58Z,hw293,124,PASS
2026-08-11T01:00:58Z,hw293,125,PASS
2026-08-11T01:00:58Z,hw293,126,PASS
2026-08-11T01:00:58Z,hw293,127,PASS
2026-08-11T01:00:58Z,hw293,128,PASS
2026-08-11T01:00:58Z,hw293,129,PASS
2026-08-11T01:00:58Z,hw293,13,PASS
2026-08-11T01:00:58Z,hw293,130,PASS
2026-08-11T01:00:58Z,hw293,131,PASS
2026-08-11T01:00:58Z,hw293,132,PASS
2026-08-11T01:00:58Z,hw293,133,PASS
2026-08-11T01:00:58Z,hw293,134,PASS
2026-08-11T01:00:58Z,hw293,135,PASS
2026-08-11T01:00:58Z,hw293,136,PASS
2026-08-11T01:00:58Z,hw293,137,PASS
2026-08-11T01:00:58Z,hw293,138,PASS
2026-08-11T01:00:58Z,hw293,139,PASS
2026-08-11T01:00:58Z,hw293,14,PASS
2026-08-11T01:00:58Z,hw293,140,PASS
2026-08-11T01:00:58Z,hw293,141,PASS
2026-08-11T01:00:58Z,hw293,142,PASS
2026-08-11T01:00:58Z,hw293,143,PASS
2026-08-11T01:00:58Z,hw293,144,PASS
2026-08-11T01:00:58Z,hw293,145,PASS
2026-08-11T01:00:58Z,hw293,146,PASS
2026-08-11T01:00:58Z,hw293,147,PASS
2026-08-11T01:00:58Z,hw293,148,PASS
2026-08-11T01:00:58Z,hw293,149,PASS
2026-08-11T01:00:58Z,hw293,15,FAIL
2026-08-11T01:00:58Z,hw293,150,PASS
2026-08-11T01:00:58Z,hw293,151,PASS
2026-08-11T01:00:58Z,hw293,152,PASS
2026-08-11T01:00:58Z,hw293,153,PASS
2026-08-11T01:00:58Z,hw293,154,PASS
2026-08-11T01:00:58Z,hw293,155,PASS
2026-08-11T01:00:58Z,hw293,156,PASS
2026-08-11T01:00:58Z,hw293,157,PASS
2026-08-11T01:00:58Z,hw293,158,PASS
2026-08-11T01:00:58Z,hw293,159,PASS
2026-08-11T01:00:58Z,hw293,16,FAIL
2026-08-11T01:00:58Z,hw293,160,FAIL
2026-08-11T01:00:58Z,hw293,161,PASS
2026-08-11T01:00:58Z,hw293,162,FAIL
2026-08-11T01:00:58Z,hw293,163,FAIL
2026-08-11T01:00:58Z,hw293,164,FAIL
2026-08-11T01:00:58Z,hw293,165,NOTRUN
2026-08-11T01:00:58Z,hw293,166,FAIL
2026-08-11T01:00:58Z,hw293,167,PASS
2026-08-11T01:00:58Z,hw293,168,PASS
2026-08-11T01:00:58Z,hw293,169,PASS
2026-08-11T01:00:58Z,hw293,17,PASS
2026-08-11T01:00:58Z,hw293,170,PASS
2026-08-11T01:00:58Z,hw293,171,PASS
2026-08-11T01:00:58Z,hw293,172,FAIL
2026-08-11T01:00:58Z,hw293,173,PASS
2026-08-11T01:00:58Z,hw293,174,NOTRUN
2026-08-11T01:00:58Z,hw293,175,PASS
2026-08-11T01:00:58Z,hw293,176,FAIL
2026-08-11T01:00:58Z,hw293,177,PASS
2026-08-11T01:00:58Z,hw293,178,PASS
2026-08-11T01:00:58Z,hw293,179,PASS
2026-08-11T01:00:58Z,hw293,18,PASS
2026-08-11T01:00:58Z,hw293,180,PASS
2026-08-11T01:00:58Z,hw293,181,PASS
2026-08-11T01:00:58Z,hw293,182,PASS
2026-08-11T01:00:58Z,hw293,183,PASS
2026-08-11T01:00:58Z,hw293,184,FAIL
2026-08-11T01:00:58Z,hw293,185,PASS
2026-08-11T01:00:58Z,hw293,186,PASS
2026-08-11T01:00:58Z,hw293,187,FAIL
2026-08-11T01:00:58Z,hw293,188,FAIL
2026-08-11T01:00:58Z,hw293,189,FAIL
2026-08-11T01:00:58Z,hw293,19,FAIL
2026-08-11T01:00:58Z,hw293,190,PASS
2026-08-11T01:00:58Z,hw293,191,PASS
2026-08-11T01:00:58Z,hw293,192,PASS
2026-08-11T01:00:58Z,hw293,193,PASS
2026-08-11T01:00:58Z,hw293,194,PASS
2026-08-11T01:00:58Z,hw293,195,PASS
2026-08-11T01:00:58Z,hw293,196,PASS
2026-08-11T01:00:58Z,hw293,197,FAIL
2026-08-11T01:00:58Z,hw293,198,PASS
2026-08-11T01:00:58Z,hw293,199,PASS
2026-08-11T01:00:58Z,hw293,2,PASS
2026-08-11T01:00:58Z,hw293,20,PASS
2026-08-11T01:00:58Z,hw293,200,PASS
2026-08-11T01:00:58Z,hw293,201,PASS
2026-08-11T01:00:58Z,hw293,202,PASS
2026-08-11T01:00:58Z,hw293,203,PASS
2026-08-11T01:00:58Z,hw293,204,PASS
2026-08-11T01:00:58Z,hw293,205,PASS
2026-08-11T01:00:58Z,hw293,206,FAIL
2026-08-11T01:00:58Z,hw293,207,FAIL
2026-08-11T01:00:58Z,hw293,208,FAIL
2026-08-11T01:00:58Z,hw293,209,PASS
2026-08-11T01:00:58Z,hw293,21,PASS
2026-08-11T01:00:58Z,hw293,210,PASS
2026-08-11T01:00:58Z,hw293,211,PASS
2026-08-11T01:00:58Z,hw293,212,FAIL
2026-08-11T01:00:58Z,hw293,213,FAIL
2026-08-11T01:00:58Z,hw293,214,PASS
2026-08-11T01:00:58Z,hw293,215,PASS
2026-08-11T01:00:58Z,hw293,216,PASS
2026-08-11T01:00:58Z,hw293,217,PASS
2026-08-11T01:00:58Z,hw293,218,FAIL
2026-08-11T01:00:58Z,hw293,219,FAIL
2026-08-11T01:00:58Z,hw293,22,PASS
2026-08-11T01:00:58Z,hw293,220,FAIL
2026-08-11T01:00:58Z,hw293,221,FAIL
2026-08-11T01:00:58Z,hw293,222,FAIL
2026-08-11T01:00:58Z,hw293,223,FAIL
2026-08-11T01:00:58Z,hw293,224,PASS
2026-08-11T01:00:58Z,hw293,225,PASS
2026-08-11T01:00:58Z,hw293,226,PASS
2026-08-11T01:00:58Z,hw293,227,FAIL
2026-08-11T01:00:58Z,hw293,228,FAIL
2026-08-11T01:00:58Z,hw293,229,PASS
2026-08-11T01:00:58Z,hw293,23,PASS
2026-08-11T01:00:58Z,hw293,230,PASS
2026-08-11T01:00:58Z,hw293,231,PASS
2026-08-11T01:00:58Z,hw293,232,FAIL
2026-08-11T01:00:58Z,hw293,233,PASS
2026-08-11T01:00:58Z,hw293,234,FAIL
2026-08-11T01:00:58Z,hw293,235,FAIL
2026-08-11T01:00:58Z,hw293,236,FAIL
2026-08-11T01:00:58Z,hw293,237,FAIL
2026-08-11T01:00:58Z,hw293,238,PASS
2026-08-11T01:00:58Z,hw293,239,FAIL
2026-08-11T01:00:58Z,hw293,24,PASS
2026-08-11T01:00:58Z,hw293,240,PASS
2026-08-11T01:00:58Z,hw293,241,FAIL
2026-08-11T01:00:58Z,hw293,242,PASS
2026-08-11T01:00:58Z,hw293,243,PASS
2026-08-11T01:00:58Z,hw293,25,FAIL
2026-08-11T01:00:58Z,hw293,26,NOTRUN
2026-08-11T01:00:58Z,hw293,27,NOTRUN
2026-08-11T01:00:58Z,hw293,28,NOTRUN
2026-08-11T01:00:58Z,hw293,29,FAIL
2026-08-11T01:00:58Z,hw293,3,PASS
2026-08-11T01:00:58Z,hw293,30,FAIL
2026-08-11T01:00:58Z,hw293,31,FAIL
2026-08-11T01:00:58Z,hw293,32,FAIL
2026-08-11T01:00:58Z,hw293,33,FAIL
2026-08-11T01:00:58Z,hw293,34,FAIL
2026-08-11T01:00:58Z,hw293,35,FAIL
2026-08-11T01:00:58Z,hw293,36,FAIL
2026-08-11T01:00:58Z,hw293,37,FAIL
2026-08-11T01:00:58Z,hw293,38,FAIL
2026-08-11T01:00:58Z,hw293,39,FAIL
2026-08-11T01:00:58Z,hw293,4,PASS
2026-08-11T01:00:58Z,hw293,40,NOTRUN
2026-08-11T01:00:58Z,hw293,41,NOTRUN
2026-08-11T01:00:58Z,hw293,42,NOTRUN
2026-08-11T01:00:58Z,hw293,43,NOTRUN
2026-08-11T01:00:58Z,hw293,44,NOTRUN
2026-08-11T01:00:58Z,hw293,45,NOTRUN
2026-08-11T01:00:58Z,hw293,46,PASS
2026-08-11T01:00:58Z,hw293,47,PASS
2026-08-11T01:00:58Z,hw293,48,PASS
2026-08-11T01:00:58Z,hw293,49,PASS
2026-08-11T01:00:58Z,hw293,5,PASS
2026-08-11T01:00:58Z,hw293,50,PASS
2026-08-11T01:00:58Z,hw293,51,FAIL
2026-08-11T01:00:58Z,hw293,52,FAIL
2026-08-11T01:00:58Z,hw293,53,PASS
2026-08-11T01:00:58Z,hw293,54,PASS
2026-08-11T01:00:58Z,hw293,55,FAIL
2026-08-11T01:00:58Z,hw293,56,FAIL
2026-08-11T01:00:58Z,hw293,57,FAIL
2026-08-11T01:00:58Z,hw293,58,PASS
2026-08-11T01:00:58Z,hw293,59,PASS
2026-08-11T01:00:58Z,hw293,6,PASS
2026-08-11T01:00:58Z,hw293,60,FAIL
2026-08-11T01:00:58Z,hw293,61,PASS
2026-08-11T01:00:58Z,hw293,62,FAIL
2026-08-11T01:00:58Z,hw293,63,FAIL
2026-08-11T01:00:58Z,hw293,64,FAIL
2026-08-11T01:00:58Z,hw293,65,FAIL
2026-08-11T01:00:58Z,hw293,66,FAIL
2026-08-11T01:00:58Z,hw293,67,FAIL
2026-08-11T01:00:58Z,hw293,68,PASS
2026-08-11T01:00:58Z,hw293,69,FAIL
2026-08-11T01:00:58Z,hw293,7,FAIL
2026-08-11T01:00:58Z,hw293,70,FAIL
2026-08-11T01:00:58Z,hw293,71,FAIL
2026-08-11T01:00:58Z,hw293,72,PASS
2026-08-11T01:00:58Z,hw293,73,PASS
2026-08-11T01:00:58Z,hw293,74,PASS
2026-08-11T01:00:58Z,hw293,75,PASS
2026-08-11T01:00:58Z,hw293,76,PASS
2026-08-11T01:00:58Z,hw293,77,PASS
2026-08-11T01:00:58Z,hw293,78,PASS
2026-08-11T01:00:58Z,hw293,79,PASS
2026-08-11T01:00:58Z,hw293,8,FAIL
2026-08-11T01:00:58Z,hw293,80,PASS
2026-08-11T01:00:58Z,hw293,81,PASS
2026-08-11T01:00:58Z,hw293,82,PASS
2026-08-11T01:00:58Z,hw293,83,PASS
2026-08-11T01:00:58Z,hw293,84,PASS
2026-08-11T01:00:58Z,hw293,85,PASS
2026-08-11T01:00:58Z,hw293,86,PASS
2026-08-11T01:00:58Z,hw293,87,FAIL
2026-08-11T01:00:58Z,hw293,88,PASS
2026-08-11T01:00:58Z,hw293,89,PASS
2026-08-11T01:00:58Z,hw293,9,PASS
2026-08-11T01:00:58Z,hw293,90,FAIL
2026-08-11T01:00:58Z,hw293,91,PASS
2026-08-11T01:00:58Z,hw293,92,PASS
2026-08-11T01:00:58Z,hw293,93,PASS
2026-08-11T01:00:58Z,hw293,94,PASS
2026-08-11T01:00:58Z,hw293,95,FAIL
2026-08-11T01:00:58Z,hw293,96,PASS
2026-08-11T01:00:58Z,hw293,97,PASS
2026-08-11T01:00:58Z,hw293,98,PASS
2026-08-11T01:00:58Z,hw293,99,PASS
2026-08-11T01:00:58Z,hw293,G1,FAIL
2026-08-11T01:00:58Z,hw293,G10,PASS
2026-08-11T01:00:58Z,hw293,G11,FAIL
2026-08-11T01:00:58Z,hw293,G12,NOTRUN
2026-08-11T01:00:58Z,hw293,G2,FAIL
2026-08-11T01:00:58Z,hw293,G3,FAIL
2026-08-11T01:00:58Z,hw293,G4,PASS
2026-08-11T01:00:58Z,hw293,G5,PASS
2026-08-11T01:00:58Z,hw293,G6,FAIL
2026-08-11T01:00:58Z,hw293,G7,FAIL
2026-08-11T01:00:58Z,hw293,G8,FAIL
2026-08-11T01:00:58Z,hw293,G9,FAIL
2026-08-11T01:00:58Z,hw293,M1,PASS
2026-08-11T01:00:58Z,hw293,M2,PASS
2026-08-11T01:00:58Z,hw293,M3,PASS
2026-08-11T01:00:58Z,hw293,M4,PASS
2026-08-11T01:00:58Z,hw293,R1,PASS
2026-08-11T01:00:58Z,hw293,R10,PASS
2026-08-11T01:00:58Z,hw293,R11,PASS
2026-08-11T01:00:58Z,hw293,R12,FAIL
2026-08-11T01:00:58Z,hw293,R13,FAIL
2026-08-11T01:00:58Z,hw293,R14,PASS
2026-08-11T01:00:58Z,hw293,R15,PASS
2026-08-11T01:00:58Z,hw293,R16,FAIL
2026-08-11T01:00:58Z,hw293,R17,FAIL
2026-08-11T01:00:58Z,hw293,R18,PASS
2026-08-11T01:00:58Z,hw293,R19,FAIL
2026-08-11T01:00:58Z,hw293,R2,PASS
2026-08-11T01:00:58Z,hw293,R20,PASS
2026-08-11T01:00:58Z,hw293,R21,PASS
2026-08-11T01:00:58Z,hw293,R22,PASS
2026-08-11T01:00:58Z,hw293,R3,PASS
2026-08-11T01:00:58Z,hw293,R4,PASS
2026-08-11T01:00:58Z,hw293,R5,PASS
2026-08-11T01:00:58Z,hw293,R6,PASS
2026-08-11T01:00:58Z,hw293,R7,PASS
2026-08-11T01:00:58Z,hw293,R8,PASS
2026-08-11T01:00:58Z,hw293,R9,PASS
2026-08-11T01:00:58Z,hw293,W1,FAIL
2026-08-11T01:00:58Z,hw293,W2,FAIL
2026-08-11T01:00:58Z,hw293,W3,NOTRUN
2026-08-11T01:00:58Z,hw293,W4,PASS
2026-08-11T01:00:58Z,hw293,W5,FAIL
2026-08-11T01:40:50Z,hw293,1,PASS
2026-08-11T01:40:50Z,hw293,10,PASS
2026-08-11T01:40:50Z,hw293,100,PASS
2026-08-11T01:40:50Z,hw293,101,NOTRUN
2026-08-11T01:40:50Z,hw293,102,PASS
2026-08-11T01:40:50Z,hw293,103,PASS
2026-08-11T01:40:50Z,hw293,104,PASS
2026-08-11T01:40:50Z,hw293,105,PASS
2026-08-11T01:40:50Z,hw293,106,PASS
2026-08-11T01:40:50Z,hw293,107,PASS
2026-08-11T01:40:50Z,hw293,108,PASS
2026-08-11T01:40:50Z,hw293,109,FAIL
2026-08-11T01:40:50Z,hw293,11,PASS
2026-08-11T01:40:50Z,hw293,110,PASS
2026-08-11T01:40:50Z,hw293,111,FAIL
2026-08-11T01:40:50Z,hw293,112,PASS
2026-08-11T01:40:50Z,hw293,113,PASS
2026-08-11T01:40:50Z,hw293,114,PASS
2026-08-11T01:40:50Z,hw293,115,FAIL
2026-08-11T01:40:50Z,hw293,116,PASS
2026-08-11T01:40:50Z,hw293,117,PASS
2026-08-11T01:40:50Z,hw293,118,PASS
2026-08-11T01:40:50Z,hw293,119,PASS
2026-08-11T01:40:50Z,hw293,12,PASS
2026-08-11T01:40:50Z,hw293,120,PASS
2026-08-11T01:40:50Z,hw293,121,PASS
2026-08-11T01:40:50Z,hw293,122,PASS
2026-08-11T01:40:50Z,hw293,123,PASS
2026-08-11T01:40:50Z,hw293,124,PASS
2026-08-11T01:40:50Z,hw293,125,PASS
2026-08-11T01:40:50Z,hw293,126,PASS
2026-08-11T01:40:50Z,hw293,127,PASS
2026-08-11T01:40:50Z,hw293,128,PASS
2026-08-11T01:40:50Z,hw293,129,PASS
2026-08-11T01:40:50Z,hw293,13,PASS
2026-08-11T01:40:50Z,hw293,130,PASS
2026-08-11T01:40:50Z,hw293,131,PASS
2026-08-11T01:40:50Z,hw293,132,PASS
2026-08-11T01:40:50Z,hw293,133,PASS
2026-08-11T01:40:50Z,hw293,134,PASS
2026-08-11T01:40:50Z,hw293,135,PASS
2026-08-11T01:40:50Z,hw293,136,PASS
2026-08-11T01:40:50Z,hw293,137,PASS
2026-08-11T01:40:50Z,hw293,138,PASS
2026-08-11T01:40:50Z,hw293,139,PASS
2026-08-11T01:40:50Z,hw293,14,PASS
2026-08-11T01:40:50Z,hw293,140,PASS
2026-08-11T01:40:50Z,hw293,141,PASS
2026-08-11T01:40:50Z,hw293,142,PASS
2026-08-11T01:40:50Z,hw293,143,PASS
2026-08-11T01:40:50Z,hw293,144,PASS
2026-08-11T01:40:50Z,hw293,145,PASS
2026-08-11T01:40:50Z,hw293,146,PASS
2026-08-11T01:40:50Z,hw293,147,PASS
2026-08-11T01:40:50Z,hw293,148,PASS
2026-08-11T01:40:50Z,hw293,149,PASS
2026-08-11T01:40:50Z,hw293,15,FAIL
2026-08-11T01:40:50Z,hw293,150,PASS
2026-08-11T01:40:50Z,hw293,151,PASS
2026-08-11T01:40:50Z,hw293,152,PASS
2026-08-11T01:40:50Z,hw293,153,PASS
2026-08-11T01:40:50Z,hw293,154,PASS
2026-08-11T01:40:50Z,hw293,155,PASS
2026-08-11T01:40:50Z,hw293,156,PASS
2026-08-11T01:40:50Z,hw293,157,PASS
2026-08-11T01:40:50Z,hw293,158,PASS
2026-08-11T01:40:50Z,hw293,159,PASS
2026-08-11T01:40:50Z,hw293,16,FAIL
2026-08-11T01:40:50Z,hw293,160,PASS
2026-08-11T01:40:50Z,hw293,161,PASS
2026-08-11T01:40:50Z,hw293,162,FAIL
2026-08-11T01:40:50Z,hw293,163,PASS
2026-08-11T01:40:50Z,hw293,164,PASS
2026-08-11T01:40:50Z,hw293,165,PASS
2026-08-11T01:40:50Z,hw293,166,FAIL
2026-08-11T01:40:50Z,hw293,167,PASS
2026-08-11T01:40:50Z,hw293,168,PASS
2026-08-11T01:40:50Z,hw293,169,PASS
2026-08-11T01:40:50Z,hw293,17,PASS
2026-08-11T01:40:50Z,hw293,170,PASS
2026-08-11T01:40:50Z,hw293,171,PASS
2026-08-11T01:40:50Z,hw293,172,FAIL
2026-08-11T01:40:50Z,hw293,173,PASS
2026-08-11T01:40:50Z,hw293,174,NOTRUN
2026-08-11T01:40:50Z,hw293,175,PASS
2026-08-11T01:40:50Z,hw293,176,FAIL
2026-08-11T01:40:50Z,hw293,177,PASS
2026-08-11T01:40:50Z,hw293,178,PASS
2026-08-11T01:40:50Z,hw293,179,PASS
2026-08-11T01:40:50Z,hw293,18,PASS
2026-08-11T01:40:50Z,hw293,180,PASS
2026-08-11T01:40:50Z,hw293,181,PASS
2026-08-11T01:40:50Z,hw293,182,PASS
2026-08-11T01:40:50Z,hw293,183,PASS
2026-08-11T01:40:50Z,hw293,184,PASS
2026-08-11T01:40:50Z,hw293,185,PASS
2026-08-11T01:40:50Z,hw293,186,PASS
2026-08-11T01:40:50Z,hw293,187,FAIL
2026-08-11T01:40:50Z,hw293,188,FAIL
2026-08-11T01:40:50Z,hw293,189,FAIL
2026-08-11T01:40:50Z,hw293,19,FAIL
2026-08-11T01:40:50Z,hw293,190,PASS
2026-08-11T01:40:50Z,hw293,191,PASS
2026-08-11T01:40:50Z,hw293,192,PASS
2026-08-11T01:40:50Z,hw293,193,PASS
2026-08-11T01:40:50Z,hw293,194,PASS
2026-08-11T01:40:50Z,hw293,195,PASS
2026-08-11T01:40:50Z,hw293,196,PASS
2026-08-11T01:40:50Z,hw293,197,FAIL
2026-08-11T01:40:50Z,hw293,198,PASS
2026-08-11T01:40:50Z,hw293,199,PASS
2026-08-11T01:40:50Z,hw293,2,PASS
2026-08-11T01:40:50Z,hw293,20,PASS
2026-08-11T01:40:50Z,hw293,200,PASS
2026-08-11T01:40:50Z,hw293,201,PASS
2026-08-11T01:40:50Z,hw293,202,PASS
2026-08-11T01:40:50Z,hw293,203,PASS
2026-08-11T01:40:50Z,hw293,204,PASS
2026-08-11T01:40:50Z,hw293,205,PASS
2026-08-11T01:40:50Z,hw293,206,FAIL
2026-08-11T01:40:50Z,hw293,207,FAIL
2026-08-11T01:40:50Z,hw293,208,FAIL
2026-08-11T01:40:50Z,hw293,209,PASS
2026-08-11T01:40:50Z,hw293,21,PASS
2026-08-11T01:40:50Z,hw293,210,PASS
2026-08-11T01:40:50Z,hw293,211,PASS
2026-08-11T01:40:50Z,hw293,212,FAIL
2026-08-11T01:40:50Z,hw293,213,FAIL
2026-08-11T01:40:50Z,hw293,214,PASS
2026-08-11T01:40:50Z,hw293,215,PASS
2026-08-11T01:40:50Z,hw293,216,PASS
2026-08-11T01:40:50Z,hw293,217,PASS
2026-08-11T01:40:50Z,hw293,218,FAIL
2026-08-11T01:40:50Z,hw293,219,FAIL
2026-08-11T01:40:50Z,hw293,22,PASS
2026-08-11T01:40:50Z,hw293,220,FAIL
2026-08-11T01:40:50Z,hw293,221,FAIL
2026-08-11T01:40:50Z,hw293,222,FAIL
2026-08-11T01:40:50Z,hw293,223,FAIL
2026-08-11T01:40:50Z,hw293,224,PASS
2026-08-11T01:40:50Z,hw293,225,PASS
2026-08-11T01:40:50Z,hw293,226,PASS
2026-08-11T01:40:50Z,hw293,227,FAIL
2026-08-11T01:40:50Z,hw293,228,FAIL
2026-08-11T01:40:50Z,hw293,229,PASS
2026-08-11T01:40:50Z,hw293,23,PASS
2026-08-11T01:40:50Z,hw293,230,PASS
2026-08-11T01:40:50Z,hw293,231,PASS
2026-08-11T01:40:50Z,hw293,232,FAIL
2026-08-11T01:40:50Z,hw293,233,PASS
2026-08-11T01:40:50Z,hw293,234,FAIL
2026-08-11T01:40:50Z,hw293,235,FAIL
2026-08-11T01:40:50Z,hw293,236,FAIL
2026-08-11T01:40:50Z,hw293,237,FAIL
2026-08-11T01:40:50Z,hw293,238,PASS
2026-08-11T01:40:50Z,hw293,239,FAIL
2026-08-11T01:40:50Z,hw293,24,PASS
2026-08-11T01:40:50Z,hw293,240,PASS
2026-08-11T01:40:50Z,hw293,241,FAIL
2026-08-11T01:40:50Z,hw293,242,PASS
2026-08-11T01:40:50Z,hw293,243,PASS
2026-08-11T01:40:50Z,hw293,25,FAIL
2026-08-11T01:40:50Z,hw293,26,NOTRUN
2026-08-11T01:40:50Z,hw293,27,NOTRUN
2026-08-11T01:40:50Z,hw293,28,NOTRUN
2026-08-11T01:40:50Z,hw293,29,FAIL
2026-08-11T01:40:50Z,hw293,3,PASS
2026-08-11T01:40:50Z,hw293,30,FAIL
2026-08-11T01:40:50Z,hw293,31,FAIL
2026-08-11T01:40:50Z,hw293,32,FAIL
2026-08-11T01:40:50Z,hw293,33,FAIL
2026-08-11T01:40:50Z,hw293,34,FAIL
2026-08-11T01:40:50Z,hw293,35,FAIL
2026-08-11T01:40:50Z,hw293,36,FAIL
2026-08-11T01:40:50Z,hw293,37,FAIL
2026-08-11T01:40:50Z,hw293,38,FAIL
2026-08-11T01:40:50Z,hw293,39,FAIL
2026-08-11T01:40:50Z,hw293,4,PASS
2026-08-11T01:40:50Z,hw293,40,NOTRUN
2026-08-11T01:40:50Z,hw293,41,NOTRUN
2026-08-11T01:40:50Z,hw293,42,NOTRUN
2026-08-11T01:40:50Z,hw293,43,NOTRUN
2026-08-11T01:40:50Z,hw293,44,NOTRUN
2026-08-11T01:40:50Z,hw293,45,NOTRUN
2026-08-11T01:40:50Z,hw293,46,PASS
2026-08-11T01:40:50Z,hw293,47,PASS
2026-08-11T01:40:50Z,hw293,48,PASS
2026-08-11T01:40:50Z,hw293,49,PASS
2026-08-11T01:40:50Z,hw293,5,PASS
2026-08-11T01:40:50Z,hw293,50,PASS
2026-08-11T01:40:50Z,hw293,51,FAIL
2026-08-11T01:40:50Z,hw293,52,FAIL
2026-08-11T01:40:50Z,hw293,53,PASS
2026-08-11T01:40:50Z,hw293,54,PASS
2026-08-11T01:40:50Z,hw293,55,FAIL
2026-08-11T01:40:50Z,hw293,56,FAIL
2026-08-11T01:40:50Z,hw293,57,FAIL
2026-08-11T01:40:50Z,hw293,58,PASS
2026-08-11T01:40:50Z,hw293,59,PASS
2026-08-11T01:40:50Z,hw293,6,PASS
2026-08-11T01:40:50Z,hw293,60,FAIL
2026-08-11T01:40:50Z,hw293,61,PASS
2026-08-11T01:40:50Z,hw293,62,FAIL
2026-08-11T01:40:50Z,hw293,63,FAIL
2026-08-11T01:40:50Z,hw293,64,FAIL
2026-08-11T01:40:50Z,hw293,65,FAIL
2026-08-11T01:40:50Z,hw293,66,FAIL
2026-08-11T01:40:50Z,hw293,67,FAIL
2026-08-11T01:40:50Z,hw293,68,PASS
2026-08-11T01:40:50Z,hw293,69,FAIL
2026-08-11T01:40:50Z,hw293,7,FAIL
2026-08-11T01:40:50Z,hw293,70,FAIL
2026-08-11T01:40:50Z,hw293,71,FAIL
2026-08-11T01:40:50Z,hw293,72,PASS
2026-08-11T01:40:50Z,hw293,73,PASS
2026-08-11T01:40:50Z,hw293,74,PASS
2026-08-11T01:40:50Z,hw293,75,PASS
2026-08-11T01:40:50Z,hw293,76,PASS
2026-08-11T01:40:50Z,hw293,77,PASS
2026-08-11T01:40:50Z,hw293,78,PASS
2026-08-11T01:40:50Z,hw293,79,PASS
2026-08-11T01:40:50Z,hw293,8,FAIL
2026-08-11T01:40:50Z,hw293,80,PASS
2026-08-11T01:40:50Z,hw293,81,PASS
2026-08-11T01:40:50Z,hw293,82,PASS
2026-08-11T01:40:50Z,hw293,83,PASS
2026-08-11T01:40:50Z,hw293,84,PASS
2026-08-11T01:40:50Z,hw293,85,PASS
2026-08-11T01:40:50Z,hw293,86,PASS
2026-08-11T01:40:50Z,hw293,87,FAIL
2026-08-11T01:40:50Z,hw293,88,PASS
2026-08-11T01:40:50Z,hw293,89,PASS
2026-08-11T01:40:50Z,hw293,9,PASS
2026-08-11T01:40:50Z,hw293,90,FAIL
2026-08-11T01:40:50Z,hw293,91,PASS
2026-08-11T01:40:50Z,hw293,92,PASS
2026-08-11T01:40:50Z,hw293,93,PASS
2026-08-11T01:40:50Z,hw293,94,PASS
2026-08-11T01:40:50Z,hw293,95,FAIL
2026-08-11T01:40:50Z,hw293,96,PASS
2026-08-11T01:40:50Z,hw293,97,PASS
2026-08-11T01:40:50Z,hw293,98,PASS
2026-08-11T01:40:50Z,hw293,99,PASS
2026-08-11T01:40:50Z,hw293,G1,FAIL
2026-08-11T01:40:50Z,hw293,G10,PASS
2026-08-11T01:40:50Z,hw293,G11,FAIL
2026-08-11T01:40:50Z,hw293,G12,NOTRUN
2026-08-11T01:40:50Z,hw293,G2,FAIL
2026-08-11T01:40:50Z,hw293,G3,FAIL
2026-08-11T01:40:50Z,hw293,G4,PASS
2026-08-11T01:40:50Z,hw293,G5,PASS
2026-08-11T01:40:50Z,hw293,G6,FAIL
2026-08-11T01:40:50Z,hw293,G7,FAIL
2026-08-11T01:40:50Z,hw293,G8,FAIL
2026-08-11T01:40:50Z,hw293,G9,FAIL
2026-08-11T01:40:50Z,hw293,M1,PASS
2026-08-11T01:40:50Z,hw293,M2,PASS
2026-08-11T01:40:50Z,hw293,M3,PASS
2026-08-11T01:40:50Z,hw293,M4,PASS
2026-08-11T01:40:50Z,hw293,R1,PASS
2026-08-11T01:40:50Z,hw293,R10,PASS
2026-08-11T01:40:50Z,hw293,R11,PASS
2026-08-11T01:40:50Z,hw293,R12,FAIL
2026-08-11T01:40:50Z,hw293,R13,FAIL
2026-08-11T01:40:50Z,hw293,R14,PASS
2026-08-11T01:40:50Z,hw293,R15,PASS
2026-08-11T01:40:50Z,hw293,R16,FAIL
2026-08-11T01:40:50Z,hw293,R17,FAIL
2026-08-11T01:40:50Z,hw293,R18,PASS
2026-08-11T01:40:50Z,hw293,R19,FAIL
2026-08-11T01:40:50Z,hw293,R2,PASS
2026-08-11T01:40:50Z,hw293,R20,PASS
2026-08-11T01:40:50Z,hw293,R21,PASS
2026-08-11T01:40:50Z,hw293,R22,PASS
2026-08-11T01:40:50Z,hw293,R3,PASS
2026-08-11T01:40:50Z,hw293,R4,PASS
2026-08-11T01:40:50Z,hw293,R5,PASS
2026-08-11T01:40:50Z,hw293,R6,PASS
2026-08-11T01:40:50Z,hw293,R7,PASS
2026-08-11T01:40:50Z,hw293,R8,PASS
2026-08-11T01:40:50Z,hw293,R9,PASS
2026-08-11T01:40:50Z,hw293,W1,FAIL
2026-08-11T01:40:50Z,hw293,W2,FAIL
2026-08-11T01:40:50Z,hw293,W3,NOTRUN
2026-08-11T01:40:50Z,hw293,W4,PASS
2026-08-11T01:40:50Z,hw293,W5,FAIL
2026-08-11T02:22:36Z,hw293,1,PASS
2026-08-11T02:22:36Z,hw293,10,PASS
2026-08-11T02:22:36Z,hw293,100,PASS
2026-08-11T02:22:36Z,hw293,101,NOTRUN
2026-08-11T02:22:36Z,hw293,102,PASS
2026-08-11T02:22:36Z,hw293,103,PASS
2026-08-11T02:22:36Z,hw293,104,PASS
2026-08-11T02:22:36Z,hw293,105,PASS
2026-08-11T02:22:36Z,hw293,106,PASS
2026-08-11T02:22:36Z,hw293,107,PASS
2026-08-11T02:22:36Z,hw293,108,PASS
2026-08-11T02:22:36Z,hw293,109,FAIL
2026-08-11T02:22:36Z,hw293,11,PASS
2026-08-11T02:22:36Z,hw293,110,PASS
2026-08-11T02:22:36Z,hw293,111,FAIL
2026-08-11T02:22:36Z,hw293,112,PASS
2026-08-11T02:22:36Z,hw293,113,PASS
2026-08-11T02:22:36Z,hw293,114,PASS
2026-08-11T02:22:36Z,hw293,115,FAIL
2026-08-11T02:22:36Z,hw293,116,PASS
2026-08-11T02:22:36Z,hw293,117,PASS
2026-08-11T02:22:36Z,hw293,118,PASS
2026-08-11T02:22:36Z,hw293,119,PASS
2026-08-11T02:22:36Z,hw293,12,PASS
2026-08-11T02:22:36Z,hw293,120,PASS
2026-08-11T02:22:36Z,hw293,121,PASS
2026-08-11T02:22:36Z,hw293,122,PASS
2026-08-11T02:22:36Z,hw293,123,PASS
2026-08-11T02:22:36Z,hw293,124,PASS
2026-08-11T02:22:36Z,hw293,125,PASS
2026-08-11T02:22:36Z,hw293,126,PASS
2026-08-11T02:22:36Z,hw293,127,PASS
2026-08-11T02:22:36Z,hw293,128,PASS
2026-08-11T02:22:36Z,hw293,129,PASS
2026-08-11T02:22:36Z,hw293,13,PASS
2026-08-11T02:22:36Z,hw293,130,PASS
2026-08-11T02:22:36Z,hw293,131,PASS
2026-08-11T02:22:36Z,hw293,132,PASS
2026-08-11T02:22:36Z,hw293,133,PASS
2026-08-11T02:22:36Z,hw293,134,PASS
2026-08-11T02:22:36Z,hw293,135,PASS
2026-08-11T02:22:36Z,hw293,136,PASS
2026-08-11T02:22:36Z,hw293,137,PASS
2026-08-11T02:22:36Z,hw293,138,PASS
2026-08-11T02:22:36Z,hw293,139,PASS
2026-08-11T02:22:36Z,hw293,14,PASS
2026-08-11T02:22:36Z,hw293,140,PASS
2026-08-11T02:22:36Z,hw293,141,PASS
2026-08-11T02:22:36Z,hw293,142,PASS
2026-08-11T02:22:36Z,hw293,143,PASS
2026-08-11T02:22:36Z,hw293,144,PASS
2026-08-11T02:22:36Z,hw293,145,PASS
2026-08-11T02:22:36Z,hw293,146,PASS
2026-08-11T02:22:36Z,hw293,147,PASS
2026-08-11T02:22:36Z,hw293,148,PASS
2026-08-11T02:22:36Z,hw293,149,PASS
2026-08-11T02:22:36Z,hw293,15,FAIL
2026-08-11T02:22:36Z,hw293,150,PASS
2026-08-11T02:22:36Z,hw293,151,PASS
2026-08-11T02:22:36Z,hw293,152,PASS
2026-08-11T02:22:36Z,hw293,153,PASS
2026-08-11T02:22:36Z,hw293,154,PASS
2026-08-11T02:22:36Z,hw293,155,PASS
2026-08-11T02:22:36Z,hw293,156,PASS
2026-08-11T02:22:36Z,hw293,157,PASS
2026-08-11T02:22:36Z,hw293,158,PASS
2026-08-11T02:22:36Z,hw293,159,PASS
2026-08-11T02:22:36Z,hw293,16,FAIL
2026-08-11T02:22:36Z,hw293,160,PASS
2026-08-11T02:22:36Z,hw293,161,PASS
2026-08-11T02:22:36Z,hw293,162,FAIL
2026-08-11T02:22:36Z,hw293,163,PASS
2026-08-11T02:22:36Z,hw293,164,PASS
2026-08-11T02:22:36Z,hw293,165,PASS
2026-08-11T02:22:36Z,hw293,166,FAIL
2026-08-11T02:22:36Z,hw293,167,PASS
2026-08-11T02:22:36Z,hw293,168,PASS
2026-08-11T02:22:36Z,hw293,169,PASS
2026-08-11T02:22:36Z,hw293,17,PASS
2026-08-11T02:22:36Z,hw293,170,PASS
2026-08-11T02:22:36Z,hw293,171,PASS
2026-08-11T02:22:36Z,hw293,172,FAIL
2026-08-11T02:22:36Z,hw293,173,PASS
2026-08-11T02:22:36Z,hw293,174,NOTRUN
2026-08-11T02:22:36Z,hw293,175,PASS
2026-08-11T02:22:36Z,hw293,176,FAIL
2026-08-11T02:22:36Z,hw293,177,PASS
2026-08-11T02:22:36Z,hw293,178,PASS
2026-08-11T02:22:36Z,hw293,179,PASS
2026-08-11T02:22:36Z,hw293,18,PASS
2026-08-11T02:22:36Z,hw293,180,PASS
2026-08-11T02:22:36Z,hw293,181,PASS
2026-08-11T02:22:36Z,hw293,182,PASS
2026-08-11T02:22:36Z,hw293,183,PASS
2026-08-11T02:22:36Z,hw293,184,PASS
2026-08-11T02:22:36Z,hw293,185,PASS
2026-08-11T02:22:36Z,hw293,186,PASS
2026-08-11T02:22:36Z,hw293,187,FAIL
2026-08-11T02:22:36Z,hw293,188,FAIL
2026-08-11T02:22:36Z,hw293,189,FAIL
2026-08-11T02:22:36Z,hw293,19,FAIL
2026-08-11T02:22:36Z,hw293,190,PASS
2026-08-11T02:22:36Z,hw293,191,PASS
2026-08-11T02:22:36Z,hw293,192,PASS
2026-08-11T02:22:36Z,hw293,193,PASS
2026-08-11T02:22:36Z,hw293,194,PASS
2026-08-11T02:22:36Z,hw293,195,PASS
2026-08-11T02:22:36Z,hw293,196,PASS
2026-08-11T02:22:36Z,hw293,197,FAIL
2026-08-11T02:22:36Z,hw293,198,PASS
2026-08-11T02:22:36Z,hw293,199,PASS
2026-08-11T02:22:36Z,hw293,2,PASS
2026-08-11T02:22:36Z,hw293,20,PASS
2026-08-11T02:22:36Z,hw293,200,PASS
2026-08-11T02:22:36Z,hw293,201,PASS
2026-08-11T02:22:36Z,hw293,202,PASS
2026-08-11T02:22:36Z,hw293,203,PASS
2026-08-11T02:22:36Z,hw293,204,PASS
2026-08-11T02:22:36Z,hw293,205,PASS
2026-08-11T02:22:36Z,hw293,206,FAIL
2026-08-11T02:22:36Z,hw293,207,FAIL
2026-08-11T02:22:36Z,hw293,208,FAIL
2026-08-11T02:22:36Z,hw293,209,PASS
2026-08-11T02:22:36Z,hw293,21,PASS
2026-08-11T02:22:36Z,hw293,210,PASS
2026-08-11T02:22:36Z,hw293,211,PASS
2026-08-11T02:22:36Z,hw293,212,PASS
2026-08-11T02:22:36Z,hw293,213,FAIL
2026-08-11T02:22:36Z,hw293,214,PASS
2026-08-11T02:22:36Z,hw293,215,PASS
2026-08-11T02:22:36Z,hw293,216,PASS
2026-08-11T02:22:36Z,hw293,217,PASS
2026-08-11T02:22:36Z,hw293,218,FAIL
2026-08-11T02:22:36Z,hw293,219,FAIL
2026-08-11T02:22:36Z,hw293,22,PASS
2026-08-11T02:22:36Z,hw293,220,FAIL
2026-08-11T02:22:36Z,hw293,221,FAIL
2026-08-11T02:22:36Z,hw293,222,FAIL
2026-08-11T02:22:36Z,hw293,223,FAIL
2026-08-11T02:22:36Z,hw293,224,PASS
2026-08-11T02:22:36Z,hw293,225,PASS
2026-08-11T02:22:36Z,hw293,226,PASS
2026-08-11T02:22:36Z,hw293,227,FAIL
2026-08-11T02:22:36Z,hw293,228,FAIL
2026-08-11T02:22:36Z,hw293,229,PASS
2026-08-11T02:22:36Z,hw293,23,PASS
2026-08-11T02:22:36Z,hw293,230,PASS
2026-08-11T02:22:36Z,hw293,231,PASS
2026-08-11T02:22:36Z,hw293,232,FAIL
2026-08-11T02:22:36Z,hw293,233,PASS
2026-08-11T02:22:36Z,hw293,234,FAIL
2026-08-11T02:22:36Z,hw293,235,FAIL
2026-08-11T02:22:36Z,hw293,236,FAIL
2026-08-11T02:22:36Z,hw293,237,FAIL
2026-08-11T02:22:36Z,hw293,238,PASS
2026-08-11T02:22:36Z,hw293,239,FAIL
2026-08-11T02:22:36Z,hw293,24,PASS
2026-08-11T02:22:36Z,hw293,240,PASS
2026-08-11T02:22:36Z,hw293,241,FAIL
2026-08-11T02:22:36Z,hw293,242,PASS
2026-08-11T02:22:36Z,hw293,243,PASS
2026-08-11T02:22:36Z,hw293,25,FAIL
2026-08-11T02:22:36Z,hw293,26,NOTRUN
2026-08-11T02:22:36Z,hw293,27,NOTRUN
2026-08-11T02:22:36Z,hw293,28,NOTRUN
2026-08-11T02:22:36Z,hw293,29,FAIL
2026-08-11T02:22:36Z,hw293,3,PASS
2026-08-11T02:22:36Z,hw293,30,FAIL
2026-08-11T02:22:36Z,hw293,31,FAIL
2026-08-11T02:22:36Z,hw293,32,FAIL
2026-08-11T02:22:36Z,hw293,33,FAIL
2026-08-11T02:22:36Z,hw293,34,FAIL
2026-08-11T02:22:36Z,hw293,35,FAIL
2026-08-11T02:22:36Z,hw293,36,FAIL
2026-08-11T02:22:36Z,hw293,37,FAIL
2026-08-11T02:22:36Z,hw293,38,FAIL
2026-08-11T02:22:36Z,hw293,39,FAIL
2026-08-11T02:22:36Z,hw293,4,PASS
2026-08-11T02:22:36Z,hw293,40,NOTRUN
2026-08-11T02:22:36Z,hw293,41,NOTRUN
2026-08-11T02:22:36Z,hw293,42,NOTRUN
2026-08-11T02:22:36Z,hw293,43,NOTRUN
2026-08-11T02:22:36Z,hw293,44,NOTRUN
2026-08-11T02:22:36Z,hw293,45,NOTRUN
2026-08-11T02:22:36Z,hw293,46,PASS
2026-08-11T02:22:36Z,hw293,47,PASS
2026-08-11T02:22:36Z,hw293,48,PASS
2026-08-11T02:22:36Z,hw293,49,PASS
2026-08-11T02:22:36Z,hw293,5,PASS
2026-08-11T02:22:36Z,hw293,50,PASS
2026-08-11T02:22:36Z,hw293,51,FAIL
2026-08-11T02:22:36Z,hw293,52,FAIL
2026-08-11T02:22:36Z,hw293,53,PASS
2026-08-11T02:22:36Z,hw293,54,PASS
2026-08-11T02:22:36Z,hw293,55,FAIL
2026-08-11T02:22:36Z,hw293,56,FAIL
2026-08-11T02:22:36Z,hw293,57,FAIL
2026-08-11T02:22:36Z,hw293,58,PASS
2026-08-11T02:22:36Z,hw293,59,PASS
2026-08-11T02:22:36Z,hw293,6,PASS
2026-08-11T02:22:36Z,hw293,60,FAIL
2026-08-11T02:22:36Z,hw293,61,PASS
2026-08-11T02:22:36Z,hw293,62,FAIL
2026-08-11T02:22:36Z,hw293,63,FAIL
2026-08-11T02:22:36Z,hw293,64,FAIL
2026-08-11T02:22:36Z,hw293,65,FAIL
2026-08-11T02:22:36Z,hw293,66,FAIL
2026-08-11T02:22:36Z,hw293,67,FAIL
2026-08-11T02:22:36Z,hw293,68,PASS
2026-08-11T02:22:36Z,hw293,69,FAIL
2026-08-11T02:22:36Z,hw293,7,FAIL
2026-08-11T02:22:36Z,hw293,70,FAIL
2026-08-11T02:22:36Z,hw293,71,FAIL
2026-08-11T02:22:36Z,hw293,72,PASS
2026-08-11T02:22:36Z,hw293,73,PASS
2026-08-11T02:22:36Z,hw293,74,PASS
2026-08-11T02:22:36Z,hw293,75,PASS
2026-08-11T02:22:36Z,hw293,76,PASS
2026-08-11T02:22:36Z,hw293,77,PASS
2026-08-11T02:22:36Z,hw293,78,PASS
2026-08-11T02:22:36Z,hw293,79,PASS
2026-08-11T02:22:36Z,hw293,8,FAIL
2026-08-11T02:22:36Z,hw293,80,PASS
2026-08-11T02:22:36Z,hw293,81,PASS
2026-08-11T02:22:36Z,hw293,82,PASS
2026-08-11T02:22:36Z,hw293,83,PASS
2026-08-11T02:22:36Z,hw293,84,PASS
2026-08-11T02:22:36Z,hw293,85,PASS
2026-08-11T02:22:36Z,hw293,86,PASS
2026-08-11T02:22:36Z,hw293,87,FAIL
2026-08-11T02:22:36Z,hw293,88,PASS
2026-08-11T02:22:36Z,hw293,89,PASS
2026-08-11T02:22:36Z,hw293,9,PASS
2026-08-11T02:22:36Z,hw293,90,FAIL
2026-08-11T02:22:36Z,hw293,91,PASS
2026-08-11T02:22:36Z,hw293,92,PASS
2026-08-11T02:22:36Z,hw293,93,PASS
2026-08-11T02:22:36Z,hw293,94,PASS
2026-08-11T02:22:36Z,hw293,95,FAIL
2026-08-11T02:22:36Z,hw293,96,PASS
2026-08-11T02:22:36Z,hw293,97,PASS
2026-08-11T02:22:36Z,hw293,98,PASS
2026-08-11T02:22:36Z,hw293,99,PASS
2026-08-11T02:22:36Z,hw293,G1,FAIL
2026-08-11T02:22:36Z,hw293,G10,PASS
2026-08-11T02:22:36Z,hw293,G11,FAIL
2026-08-11T02:22:36Z,hw293,G12,NOTRUN
2026-08-11T02:22:36Z,hw293,G2,FAIL
2026-08-11T02:22:36Z,hw293,G3,FAIL
2026-08-11T02:22:36Z,hw293,G4,PASS
2026-08-11T02:22:36Z,hw293,G5,PASS
2026-08-11T02:22:36Z,hw293,G6,FAIL
2026-08-11T02:22:36Z,hw293,G7,FAIL
2026-08-11T02:22:36Z,hw293,G8,FAIL
2026-08-11T02:22:36Z,hw293,G9,FAIL
2026-08-11T02:22:36Z,hw293,M1,PASS
2026-08-11T02:22:36Z,hw293,M2,PASS
2026-08-11T02:22:36Z,hw293,M3,PASS
2026-08-11T02:22:36Z,hw293,M4,PASS
2026-08-11T02:22:36Z,hw293,R1,PASS
2026-08-11T02:22:36Z,hw293,R10,PASS
2026-08-11T02:22:36Z,hw293,R11,PASS
2026-08-11T02:22:36Z,hw293,R12,FAIL
2026-08-11T02:22:36Z,hw293,R13,FAIL
2026-08-11T02:22:36Z,hw293,R14,PASS
2026-08-11T02:22:36Z,hw293,R15,PASS
2026-08-11T02:22:36Z,hw293,R16,FAIL
2026-08-11T02:22:36Z,hw293,R17,FAIL
2026-08-11T02:22:36Z,hw293,R18,PASS
2026-08-11T02:22:36Z,hw293,R19,FAIL
2026-08-11T02:22:36Z,hw293,R2,PASS
2026-08-11T02:22:36Z,hw293,R20,PASS
2026-08-11T02:22:36Z,hw293,R21,PASS
2026-08-11T02:22:36Z,hw293,R22,PASS
2026-08-11T02:22:36Z,hw293,R3,PASS
2026-08-11T02:22:36Z,hw293,R4,PASS
2026-08-11T02:22:36Z,hw293,R5,PASS
2026-08-11T02:22:36Z,hw293,R6,PASS
2026-08-11T02:22:36Z,hw293,R7,PASS
2026-08-11T02:22:36Z,hw293,R8,PASS
2026-08-11T02:22:36Z,hw293,R9,PASS
2026-08-11T02:22:36Z,hw293,W1,FAIL
2026-08-11T02:22:36Z,hw293,W2,FAIL
2026-08-11T02:22:36Z,hw293,W3,NOTRUN
2026-08-11T02:22:36Z,hw293,W4,PASS
2026-08-11T02:22:36Z,hw293,W5,FAIL
2026-08-11T02:56:15Z,hw293,1,PASS
2026-08-11T02:56:15Z,hw293,10,PASS
2026-08-11T02:56:15Z,hw293,100,PASS
2026-08-11T02:56:15Z,hw293,101,NOTRUN
2026-08-11T02:56:15Z,hw293,102,PASS
2026-08-11T02:56:15Z,hw293,103,PASS
2026-08-11T02:56:15Z,hw293,104,PASS
2026-08-11T02:56:15Z,hw293,105,PASS
2026-08-11T02:56:15Z,hw293,106,PASS
2026-08-11T02:56:15Z,hw293,107,PASS
2026-08-11T02:56:15Z,hw293,108,PASS
2026-08-11T02:56:15Z,hw293,109,FAIL
2026-08-11T02:56:15Z,hw293,11,PASS
2026-08-11T02:56:15Z,hw293,110,PASS
2026-08-11T02:56:15Z,hw293,111,FAIL
2026-08-11T02:56:15Z,hw293,112,PASS
2026-08-11T02:56:15Z,hw293,113,PASS
2026-08-11T02:56:15Z,hw293,114,PASS
2026-08-11T02:56:15Z,hw293,115,FAIL
2026-08-11T02:56:15Z,hw293,116,PASS
2026-08-11T02:56:15Z,hw293,117,PASS
2026-08-11T02:56:15Z,hw293,118,PASS
2026-08-11T02:56:15Z,hw293,119,PASS
2026-08-11T02:56:15Z,hw293,12,PASS
2026-08-11T02:56:15Z,hw293,120,PASS
2026-08-11T02:56:15Z,hw293,121,PASS
2026-08-11T02:56:15Z,hw293,122,PASS
2026-08-11T02:56:15Z,hw293,123,PASS
2026-08-11T02:56:15Z,hw293,124,PASS
2026-08-11T02:56:15Z,hw293,125,PASS
2026-08-11T02:56:15Z,hw293,126,PASS
2026-08-11T02:56:15Z,hw293,127,PASS
2026-08-11T02:56:15Z,hw293,128,PASS
2026-08-11T02:56:15Z,hw293,129,PASS
2026-08-11T02:56:15Z,hw293,13,PASS
2026-08-11T02:56:15Z,hw293,130,PASS
2026-08-11T02:56:15Z,hw293,131,PASS
2026-08-11T02:56:15Z,hw293,132,PASS
2026-08-11T02:56:15Z,hw293,133,PASS
2026-08-11T02:56:15Z,hw293,134,PASS
2026-08-11T02:56:15Z,hw293,135,PASS
2026-08-11T02:56:15Z,hw293,136,PASS
2026-08-11T02:56:15Z,hw293,137,PASS
2026-08-11T02:56:15Z,hw293,138,PASS
2026-08-11T02:56:15Z,hw293,139,PASS
2026-08-11T02:56:15Z,hw293,14,PASS
2026-08-11T02:56:15Z,hw293,140,PASS
2026-08-11T02:56:15Z,hw293,141,PASS
2026-08-11T02:56:15Z,hw293,142,PASS
2026-08-11T02:56:15Z,hw293,143,PASS
2026-08-11T02:56:15Z,hw293,144,PASS
2026-08-11T02:56:15Z,hw293,145,PASS
2026-08-11T02:56:15Z,hw293,146,PASS
2026-08-11T02:56:15Z,hw293,147,PASS
2026-08-11T02:56:15Z,hw293,148,PASS
2026-08-11T02:56:15Z,hw293,149,PASS
2026-08-11T02:56:15Z,hw293,15,FAIL
2026-08-11T02:56:15Z,hw293,150,PASS
2026-08-11T02:56:15Z,hw293,151,PASS
2026-08-11T02:56:15Z,hw293,152,PASS
2026-08-11T02:56:15Z,hw293,153,PASS
2026-08-11T02:56:15Z,hw293,154,PASS
2026-08-11T02:56:15Z,hw293,155,PASS
2026-08-11T02:56:15Z,hw293,156,PASS
2026-08-11T02:56:15Z,hw293,157,PASS
2026-08-11T02:56:15Z,hw293,158,PASS
2026-08-11T02:56:15Z,hw293,159,PASS
2026-08-11T02:56:15Z,hw293,16,FAIL
2026-08-11T02:56:15Z,hw293,160,PASS
2026-08-11T02:56:15Z,hw293,161,PASS
2026-08-11T02:56:15Z,hw293,162,FAIL
2026-08-11T02:56:15Z,hw293,163,PASS
2026-08-11T02:56:15Z,hw293,164,PASS
2026-08-11T02:56:15Z,hw293,165,PASS
2026-08-11T02:56:15Z,hw293,166,FAIL
2026-08-11T02:56:15Z,hw293,167,PASS
2026-08-11T02:56:15Z,hw293,168,PASS
2026-08-11T02:56:15Z,hw293,169,PASS
2026-08-11T02:56:15Z,hw293,17,PASS
2026-08-11T02:56:15Z,hw293,170,PASS
2026-08-11T02:56:15Z,hw293,171,PASS
2026-08-11T02:56:15Z,hw293,172,FAIL
2026-08-11T02:56:15Z,hw293,173,PASS
2026-08-11T02:56:15Z,hw293,174,NOTRUN
2026-08-11T02:56:15Z,hw293,175,PASS
2026-08-11T02:56:15Z,hw293,176,FAIL
2026-08-11T02:56:15Z,hw293,177,PASS
2026-08-11T02:56:15Z,hw293,178,PASS
2026-08-11T02:56:15Z,hw293,179,PASS
2026-08-11T02:56:15Z,hw293,18,PASS
2026-08-11T02:56:15Z,hw293,180,PASS
2026-08-11T02:56:15Z,hw293,181,PASS
2026-08-11T02:56:15Z,hw293,182,PASS
2026-08-11T02:56:15Z,hw293,183,PASS
2026-08-11T02:56:15Z,hw293,184,PASS
2026-08-11T02:56:15Z,hw293,185,PASS
2026-08-11T02:56:15Z,hw293,186,PASS
2026-08-11T02:56:15Z,hw293,187,FAIL
2026-08-11T02:56:15Z,hw293,188,FAIL
2026-08-11T02:56:15Z,hw293,189,FAIL
2026-08-11T02:56:15Z,hw293,19,FAIL
2026-08-11T02:56:15Z,hw293,190,PASS
2026-08-11T02:56:15Z,hw293,191,PASS
2026-08-11T02:56:15Z,hw293,192,PASS
2026-08-11T02:56:15Z,hw293,193,PASS
2026-08-11T02:56:15Z,hw293,194,PASS
2026-08-11T02:56:15Z,hw293,195,PASS
2026-08-11T02:56:15Z,hw293,196,PASS
2026-08-11T02:56:15Z,hw293,197,FAIL
2026-08-11T02:56:15Z,hw293,198,PASS
2026-08-11T02:56:15Z,hw293,199,PASS
2026-08-11T02:56:15Z,hw293,2,PASS
2026-08-11T02:56:15Z,hw293,20,PASS
2026-08-11T02:56:15Z,hw293,200,PASS
2026-08-11T02:56:15Z,hw293,201,PASS
2026-08-11T02:56:15Z,hw293,202,PASS
2026-08-11T02:56:15Z,hw293,203,PASS
2026-08-11T02:56:15Z,hw293,204,PASS
2026-08-11T02:56:15Z,hw293,205,PASS
2026-08-11T02:56:15Z,hw293,206,FAIL
2026-08-11T02:56:15Z,hw293,207,FAIL
2026-08-11T02:56:15Z,hw293,208,FAIL
2026-08-11T02:56:15Z,hw293,209,PASS
2026-08-11T02:56:15Z,hw293,21,PASS
2026-08-11T02:56:15Z,hw293,210,PASS
2026-08-11T02:56:15Z,hw293,211,PASS
2026-08-11T02:56:15Z,hw293,212,PASS
2026-08-11T02:56:15Z,hw293,213,FAIL
2026-08-11T02:56:15Z,hw293,214,PASS
2026-08-11T02:56:15Z,hw293,215,PASS
2026-08-11T02:56:15Z,hw293,216,PASS
2026-08-11T02:56:15Z,hw293,217,PASS
2026-08-11T02:56:15Z,hw293,218,FAIL
2026-08-11T02:56:15Z,hw293,219,FAIL
2026-08-11T02:56:15Z,hw293,22,PASS
2026-08-11T02:56:15Z,hw293,220,FAIL
2026-08-11T02:56:15Z,hw293,221,FAIL
2026-08-11T02:56:15Z,hw293,222,FAIL
2026-08-11T02:56:15Z,hw293,223,FAIL
2026-08-11T02:56:15Z,hw293,224,PASS
2026-08-11T02:56:15Z,hw293,225,PASS
2026-08-11T02:56:15Z,hw293,226,PASS
2026-08-11T02:56:15Z,hw293,227,FAIL
2026-08-11T02:56:15Z,hw293,228,FAIL
2026-08-11T02:56:15Z,hw293,229,PASS
2026-08-11T02:56:15Z,hw293,23,PASS
2026-08-11T02:56:15Z,hw293,230,PASS
2026-08-11T02:56:15Z,hw293,231,PASS
2026-08-11T02:56:15Z,hw293,232,FAIL
2026-08-11T02:56:15Z,hw293,233,PASS
2026-08-11T02:56:15Z,hw293,234,FAIL
2026-08-11T02:56:15Z,hw293,235,FAIL
2026-08-11T02:56:15Z,hw293,236,FAIL
2026-08-11T02:56:15Z,hw293,237,FAIL
2026-08-11T02:56:15Z,hw293,238,PASS
2026-08-11T02:56:15Z,hw293,239,FAIL
2026-08-11T02:56:15Z,hw293,24,PASS
2026-08-11T02:56:15Z,hw293,240,PASS
2026-08-11T02:56:15Z,hw293,241,FAIL
2026-08-11T02:56:15Z,hw293,242,PASS
2026-08-11T02:56:15Z,hw293,243,PASS
2026-08-11T02:56:15Z,hw293,25,FAIL
2026-08-11T02:56:15Z,hw293,26,NOTRUN
2026-08-11T02:56:15Z,hw293,27,NOTRUN
2026-08-11T02:56:15Z,hw293,28,NOTRUN
2026-08-11T02:56:15Z,hw293,29,FAIL
2026-08-11T02:56:15Z,hw293,3,PASS
2026-08-11T02:56:15Z,hw293,30,FAIL
2026-08-11T02:56:15Z,hw293,31,FAIL
2026-08-11T02:56:15Z,hw293,32,FAIL
2026-08-11T02:56:15Z,hw293,33,FAIL
2026-08-11T02:56:15Z,hw293,34,FAIL
2026-08-11T02:56:15Z,hw293,35,FAIL
2026-08-11T02:56:15Z,hw293,36,FAIL
2026-08-11T02:56:15Z,hw293,37,FAIL
2026-08-11T02:56:15Z,hw293,38,FAIL
2026-08-11T02:56:15Z,hw293,39,FAIL
2026-08-11T02:56:15Z,hw293,4,PASS
2026-08-11T02:56:15Z,hw293,40,NOTRUN
2026-08-11T02:56:15Z,hw293,41,NOTRUN
2026-08-11T02:56:15Z,hw293,42,NOTRUN
2026-08-11T02:56:15Z,hw293,43,NOTRUN
2026-08-11T02:56:15Z,hw293,44,NOTRUN
2026-08-11T02:56:15Z,hw293,45,NOTRUN
2026-08-11T02:56:15Z,hw293,46,PASS
2026-08-11T02:56:15Z,hw293,47,PASS
2026-08-11T02:56:15Z,hw293,48,PASS
2026-08-11T02:56:15Z,hw293,49,PASS
2026-08-11T02:56:15Z,hw293,5,PASS
2026-08-11T02:56:15Z,hw293,50,PASS
2026-08-11T02:56:15Z,hw293,51,FAIL
2026-08-11T02:56:15Z,hw293,52,FAIL
2026-08-11T02:56:15Z,hw293,53,PASS
2026-08-11T02:56:15Z,hw293,54,PASS
2026-08-11T02:56:15Z,hw293,55,FAIL
2026-08-11T02:56:15Z,hw293,56,FAIL
2026-08-11T02:56:15Z,hw293,57,FAIL
2026-08-11T02:56:15Z,hw293,58,PASS
2026-08-11T02:56:15Z,hw293,59,PASS
2026-08-11T02:56:15Z,hw293,6,PASS
2026-08-11T02:56:15Z,hw293,60,FAIL
2026-08-11T02:56:15Z,hw293,61,PASS
2026-08-11T02:56:15Z,hw293,62,FAIL
2026-08-11T02:56:15Z,hw293,63,FAIL
2026-08-11T02:56:15Z,hw293,64,FAIL
2026-08-11T02:56:15Z,hw293,65,FAIL
2026-08-11T02:56:15Z,hw293,66,FAIL
2026-08-11T02:56:15Z,hw293,67,FAIL
2026-08-11T02:56:15Z,hw293,68,PASS
2026-08-11T02:56:15Z,hw293,69,FAIL
2026-08-11T02:56:15Z,hw293,7,FAIL
2026-08-11T02:56:15Z,hw293,70,FAIL
2026-08-11T02:56:15Z,hw293,71,FAIL
2026-08-11T02:56:15Z,hw293,72,PASS
2026-08-11T02:56:15Z,hw293,73,PASS
2026-08-11T02:56:15Z,hw293,74,PASS
2026-08-11T02:56:15Z,hw293,75,PASS
2026-08-11T02:56:15Z,hw293,76,PASS
2026-08-11T02:56:15Z,hw293,77,PASS
2026-08-11T02:56:15Z,hw293,78,PASS
2026-08-11T02:56:15Z,hw293,79,PASS
2026-08-11T02:56:15Z,hw293,8,FAIL
2026-08-11T02:56:15Z,hw293,80,PASS
2026-08-11T02:56:15Z,hw293,81,PASS
2026-08-11T02:56:15Z,hw293,82,PASS
2026-08-11T02:56:15Z,hw293,83,PASS
2026-08-11T02:56:15Z,hw293,84,PASS
2026-08-11T02:56:15Z,hw293,85,PASS
2026-08-11T02:56:15Z,hw293,86,PASS
2026-08-11T02:56:15Z,hw293,87,FAIL
2026-08-11T02:56:15Z,hw293,88,PASS
2026-08-11T02:56:15Z,hw293,89,PASS
2026-08-11T02:56:15Z,hw293,9,PASS
2026-08-11T02:56:15Z,hw293,90,FAIL
2026-08-11T02:56:15Z,hw293,91,PASS
2026-08-11T02:56:15Z,hw293,92,PASS
2026-08-11T02:56:15Z,hw293,93,PASS
2026-08-11T02:56:15Z,hw293,94,PASS
2026-08-11T02:56:15Z,hw293,95,FAIL
2026-08-11T02:56:15Z,hw293,96,PASS
2026-08-11T02:56:15Z,hw293,97,PASS
2026-08-11T02:56:15Z,hw293,98,PASS
2026-08-11T02:56:15Z,hw293,99,PASS
2026-08-11T02:56:15Z,hw293,G1,FAIL
2026-08-11T02:56:15Z,hw293,G10,PASS
2026-08-11T02:56:15Z,hw293,G11,FAIL
2026-08-11T02:56:15Z,hw293,G12,NOTRUN
2026-08-11T02:56:15Z,hw293,G2,FAIL
2026-08-11T02:56:15Z,hw293,G3,FAIL
2026-08-11T02:56:15Z,hw293,G4,PASS
2026-08-11T02:56:15Z,hw293,G5,PASS
2026-08-11T02:56:15Z,hw293,G6,NOTRUN
2026-08-11T02:56:15Z,hw293,G7,FAIL
2026-08-11T02:56:15Z,hw293,G8,FAIL
2026-08-11T02:56:15Z,hw293,G9,FAIL
2026-08-11T02:56:15Z,hw293,M1,PASS
2026-08-11T02:56:15Z,hw293,M2,PASS
2026-08-11T02:56:15Z,hw293,M3,PASS
2026-08-11T02:56:15Z,hw293,M4,PASS
2026-08-11T02:56:15Z,hw293,R1,PASS
2026-08-11T02:56:15Z,hw293,R10,PASS
2026-08-11T02:56:15Z,hw293,R11,PASS
2026-08-11T02:56:15Z,hw293,R12,FAIL
2026-08-11T02:56:15Z,hw293,R13,FAIL
2026-08-11T02:56:15Z,hw293,R14,PASS
2026-08-11T02:56:15Z,hw293,R15,PASS
2026-08-11T02:56:15Z,hw293,R16,FAIL
2026-08-11T02:56:15Z,hw293,R17,FAIL
2026-08-11T02:56:15Z,hw293,R18,PASS
2026-08-11T02:56:15Z,hw293,R19,FAIL
2026-08-11T02:56:15Z,hw293,R2,PASS
2026-08-11T02:56:15Z,hw293,R20,PASS
2026-08-11T02:56:15Z,hw293,R21,PASS
2026-08-11T02:56:15Z,hw293,R22,PASS
2026-08-11T02:56:15Z,hw293,R3,PASS
2026-08-11T02:56:15Z,hw293,R4,PASS
2026-08-11T02:56:15Z,hw293,R5,PASS
2026-08-11T02:56:15Z,hw293,R6,PASS
2026-08-11T02:56:15Z,hw293,R7,PASS
2026-08-11T02:56:15Z,hw293,R8,PASS
2026-08-11T02:56:15Z,hw293,R9,PASS
2026-08-11T02:56:15Z,hw293,W1,FAIL
2026-08-11T02:56:15Z,hw293,W2,FAIL
2026-08-11T02:56:15Z,hw293,W3,NOTRUN
2026-08-11T02:56:15Z,hw293,W4,PASS
2026-08-11T02:56:15Z,hw293,W5,FAIL
2026-08-11T03:11:17Z,hw293,1,PASS
2026-08-11T03:11:17Z,hw293,10,PASS
2026-08-11T03:11:17Z,hw293,100,PASS
2026-08-11T03:11:17Z,hw293,101,NOTRUN
2026-08-11T03:11:17Z,hw293,102,PASS
2026-08-11T03:11:17Z,hw293,103,PASS
2026-08-11T03:11:17Z,hw293,104,PASS
2026-08-11T03:11:17Z,hw293,105,PASS
2026-08-11T03:11:17Z,hw293,106,PASS
2026-08-11T03:11:17Z,hw293,107,PASS
2026-08-11T03:11:17Z,hw293,108,PASS
2026-08-11T03:11:17Z,hw293,109,FAIL
2026-08-11T03:11:17Z,hw293,11,PASS
2026-08-11T03:11:17Z,hw293,110,PASS
2026-08-11T03:11:17Z,hw293,111,FAIL
2026-08-11T03:11:17Z,hw293,112,PASS
2026-08-11T03:11:17Z,hw293,113,PASS
2026-08-11T03:11:17Z,hw293,114,PASS
2026-08-11T03:11:17Z,hw293,115,FAIL
2026-08-11T03:11:17Z,hw293,116,PASS
2026-08-11T03:11:17Z,hw293,117,PASS
2026-08-11T03:11:17Z,hw293,118,PASS
2026-08-11T03:11:17Z,hw293,119,PASS
2026-08-11T03:11:17Z,hw293,12,PASS
2026-08-11T03:11:17Z,hw293,120,PASS
2026-08-11T03:11:17Z,hw293,121,PASS
2026-08-11T03:11:17Z,hw293,122,PASS
2026-08-11T03:11:17Z,hw293,123,PASS
2026-08-11T03:11:17Z,hw293,124,PASS
2026-08-11T03:11:17Z,hw293,125,PASS
2026-08-11T03:11:17Z,hw293,126,PASS
2026-08-11T03:11:17Z,hw293,127,PASS
2026-08-11T03:11:17Z,hw293,128,PASS
2026-08-11T03:11:17Z,hw293,129,PASS
2026-08-11T03:11:17Z,hw293,13,PASS
2026-08-11T03:11:17Z,hw293,130,PASS
2026-08-11T03:11:17Z,hw293,131,PASS
2026-08-11T03:11:17Z,hw293,132,PASS
2026-08-11T03:11:17Z,hw293,133,PASS
2026-08-11T03:11:17Z,hw293,134,PASS
2026-08-11T03:11:17Z,hw293,135,PASS
2026-08-11T03:11:17Z,hw293,136,PASS
2026-08-11T03:11:17Z,hw293,137,PASS
2026-08-11T03:11:17Z,hw293,138,PASS
2026-08-11T03:11:17Z,hw293,139,PASS
2026-08-11T03:11:17Z,hw293,14,PASS
2026-08-11T03:11:17Z,hw293,140,PASS
2026-08-11T03:11:17Z,hw293,141,PASS
2026-08-11T03:11:17Z,hw293,142,PASS
2026-08-11T03:11:17Z,hw293,143,PASS
2026-08-11T03:11:17Z,hw293,144,PASS
2026-08-11T03:11:17Z,hw293,145,PASS
2026-08-11T03:11:17Z,hw293,146,PASS
2026-08-11T03:11:17Z,hw293,147,PASS
2026-08-11T03:11:17Z,hw293,148,PASS
2026-08-11T03:11:17Z,hw293,149,PASS
2026-08-11T03:11:17Z,hw293,15,FAIL
2026-08-11T03:11:17Z,hw293,150,PASS
2026-08-11T03:11:17Z,hw293,151,PASS
2026-08-11T03:11:17Z,hw293,152,PASS
2026-08-11T03:11:17Z,hw293,153,PASS
2026-08-11T03:11:17Z,hw293,154,PASS
2026-08-11T03:11:17Z,hw293,155,PASS
2026-08-11T03:11:17Z,hw293,156,PASS
2026-08-11T03:11:17Z,hw293,157,PASS
2026-08-11T03:11:17Z,hw293,158,PASS
2026-08-11T03:11:17Z,hw293,159,PASS
2026-08-11T03:11:17Z,hw293,16,FAIL
2026-08-11T03:11:17Z,hw293,160,PASS
2026-08-11T03:11:17Z,hw293,161,PASS
2026-08-11T03:11:17Z,hw293,162,FAIL
2026-08-11T03:11:17Z,hw293,163,PASS
2026-08-11T03:11:17Z,hw293,164,PASS
2026-08-11T03:11:17Z,hw293,165,PASS
2026-08-11T03:11:17Z,hw293,166,FAIL
2026-08-11T03:11:17Z,hw293,167,PASS
2026-08-11T03:11:17Z,hw293,168,PASS
2026-08-11T03:11:17Z,hw293,169,PASS
2026-08-11T03:11:17Z,hw293,17,PASS
2026-08-11T03:11:17Z,hw293,170,PASS
2026-08-11T03:11:17Z,hw293,171,PASS
2026-08-11T03:11:17Z,hw293,172,FAIL
2026-08-11T03:11:17Z,hw293,173,PASS
2026-08-11T03:11:17Z,hw293,174,NOTRUN
2026-08-11T03:11:17Z,hw293,175,PASS
2026-08-11T03:11:17Z,hw293,176,FAIL
2026-08-11T03:11:17Z,hw293,177,PASS
2026-08-11T03:11:17Z,hw293,178,PASS
2026-08-11T03:11:17Z,hw293,179,PASS
2026-08-11T03:11:17Z,hw293,18,PASS
2026-08-11T03:11:17Z,hw293,180,PASS
2026-08-11T03:11:17Z,hw293,181,PASS
2026-08-11T03:11:17Z,hw293,182,PASS
2026-08-11T03:11:17Z,hw293,183,PASS
2026-08-11T03:11:17Z,hw293,184,PASS
2026-08-11T03:11:17Z,hw293,185,PASS
2026-08-11T03:11:17Z,hw293,186,PASS
2026-08-11T03:11:17Z,hw293,187,FAIL
2026-08-11T03:11:17Z,hw293,188,FAIL
2026-08-11T03:11:17Z,hw293,189,FAIL
2026-08-11T03:11:17Z,hw293,19,FAIL
2026-08-11T03:11:17Z,hw293,190,PASS
2026-08-11T03:11:17Z,hw293,191,PASS
2026-08-11T03:11:17Z,hw293,192,PASS
2026-08-11T03:11:17Z,hw293,193,PASS
2026-08-11T03:11:17Z,hw293,194,PASS
2026-08-11T03:11:17Z,hw293,195,PASS
2026-08-11T03:11:17Z,hw293,196,PASS
2026-08-11T03:11:17Z,hw293,197,FAIL
2026-08-11T03:11:17Z,hw293,198,PASS
2026-08-11T03:11:17Z,hw293,199,PASS
2026-08-11T03:11:17Z,hw293,2,PASS
2026-08-11T03:11:17Z,hw293,20,PASS
2026-08-11T03:11:17Z,hw293,200,PASS
2026-08-11T03:11:17Z,hw293,201,PASS
2026-08-11T03:11:17Z,hw293,202,PASS
2026-08-11T03:11:17Z,hw293,203,PASS
2026-08-11T03:11:17Z,hw293,204,PASS
2026-08-11T03:11:17Z,hw293,205,PASS
2026-08-11T03:11:17Z,hw293,206,FAIL
2026-08-11T03:11:17Z,hw293,207,FAIL
2026-08-11T03:11:17Z,hw293,208,FAIL
2026-08-11T03:11:17Z,hw293,209,PASS
2026-08-11T03:11:17Z,hw293,21,PASS
2026-08-11T03:11:17Z,hw293,210,PASS
2026-08-11T03:11:17Z,hw293,211,PASS
2026-08-11T03:11:17Z,hw293,212,PASS
2026-08-11T03:11:17Z,hw293,213,FAIL
2026-08-11T03:11:17Z,hw293,214,PASS
2026-08-11T03:11:17Z,hw293,215,PASS
2026-08-11T03:11:17Z,hw293,216,PASS
2026-08-11T03:11:17Z,hw293,217,PASS
2026-08-11T03:11:17Z,hw293,218,FAIL
2026-08-11T03:11:17Z,hw293,219,FAIL
2026-08-11T03:11:17Z,hw293,22,PASS
2026-08-11T03:11:17Z,hw293,220,FAIL
2026-08-11T03:11:17Z,hw293,221,FAIL
2026-08-11T03:11:17Z,hw293,222,FAIL
2026-08-11T03:11:17Z,hw293,223,FAIL
2026-08-11T03:11:17Z,hw293,224,PASS
2026-08-11T03:11:17Z,hw293,225,PASS
2026-08-11T03:11:17Z,hw293,226,PASS
2026-08-11T03:11:17Z,hw293,227,FAIL
2026-08-11T03:11:17Z,hw293,228,FAIL
2026-08-11T03:11:17Z,hw293,229,PASS
2026-08-11T03:11:17Z,hw293,23,PASS
2026-08-11T03:11:17Z,hw293,230,PASS
2026-08-11T03:11:17Z,hw293,231,PASS
2026-08-11T03:11:17Z,hw293,232,FAIL
2026-08-11T03:11:17Z,hw293,233,PASS
2026-08-11T03:11:17Z,hw293,234,FAIL
2026-08-11T03:11:17Z,hw293,235,FAIL
2026-08-11T03:11:17Z,hw293,236,FAIL
2026-08-11T03:11:17Z,hw293,237,FAIL
2026-08-11T03:11:17Z,hw293,238,PASS
2026-08-11T03:11:17Z,hw293,239,FAIL
2026-08-11T03:11:17Z,hw293,24,PASS
2026-08-11T03:11:17Z,hw293,240,PASS
2026-08-11T03:11:17Z,hw293,241,FAIL
2026-08-11T03:11:17Z,hw293,242,PASS
2026-08-11T03:11:17Z,hw293,243,PASS
2026-08-11T03:11:17Z,hw293,25,FAIL
2026-08-11T03:11:17Z,hw293,26,NOTRUN
2026-08-11T03:11:17Z,hw293,27,NOTRUN
2026-08-11T03:11:17Z,hw293,28,NOTRUN
2026-08-11T03:11:17Z,hw293,29,FAIL
2026-08-11T03:11:17Z,hw293,3,PASS
2026-08-11T03:11:17Z,hw293,30,FAIL
2026-08-11T03:11:17Z,hw293,31,FAIL
2026-08-11T03:11:17Z,hw293,32,FAIL
2026-08-11T03:11:17Z,hw293,33,FAIL
2026-08-11T03:11:17Z,hw293,34,FAIL
2026-08-11T03:11:17Z,hw293,35,FAIL
2026-08-11T03:11:17Z,hw293,36,FAIL
2026-08-11T03:11:17Z,hw293,37,FAIL
2026-08-11T03:11:17Z,hw293,38,FAIL
2026-08-11T03:11:17Z,hw293,39,FAIL
2026-08-11T03:11:17Z,hw293,4,PASS
2026-08-11T03:11:17Z,hw293,40,NOTRUN
2026-08-11T03:11:17Z,hw293,41,NOTRUN
2026-08-11T03:11:17Z,hw293,42,NOTRUN
2026-08-11T03:11:17Z,hw293,43,NOTRUN
2026-08-11T03:11:17Z,hw293,44,NOTRUN
2026-08-11T03:11:17Z,hw293,45,NOTRUN
2026-08-11T03:11:17Z,hw293,46,PASS
2026-08-11T03:11:17Z,hw293,47,PASS
2026-08-11T03:11:17Z,hw293,48,PASS
2026-08-11T03:11:17Z,hw293,49,PASS
2026-08-11T03:11:17Z,hw293,5,PASS
2026-08-11T03:11:17Z,hw293,50,PASS
2026-08-11T03:11:17Z,hw293,51,FAIL
2026-08-11T03:11:17Z,hw293,52,FAIL
2026-08-11T03:11:17Z,hw293,53,PASS
2026-08-11T03:11:17Z,hw293,54,PASS
2026-08-11T03:11:17Z,hw293,55,FAIL
2026-08-11T03:11:17Z,hw293,56,FAIL
2026-08-11T03:11:17Z,hw293,57,FAIL
2026-08-11T03:11:17Z,hw293,58,PASS
2026-08-11T03:11:17Z,hw293,59,PASS
2026-08-11T03:11:17Z,hw293,6,PASS
2026-08-11T03:11:17Z,hw293,60,FAIL
2026-08-11T03:11:17Z,hw293,61,PASS
2026-08-11T03:11:17Z,hw293,62,FAIL
2026-08-11T03:11:17Z,hw293,63,FAIL
2026-08-11T03:11:17Z,hw293,64,FAIL
2026-08-11T03:11:17Z,hw293,65,FAIL
2026-08-11T03:11:17Z,hw293,66,FAIL
2026-08-11T03:11:17Z,hw293,67,FAIL
2026-08-11T03:11:17Z,hw293,68,PASS
2026-08-11T03:11:17Z,hw293,69,FAIL
2026-08-11T03:11:17Z,hw293,7,FAIL
2026-08-11T03:11:17Z,hw293,70,FAIL
2026-08-11T03:11:17Z,hw293,71,FAIL
2026-08-11T03:11:17Z,hw293,72,PASS
2026-08-11T03:11:17Z,hw293,73,PASS
2026-08-11T03:11:17Z,hw293,74,PASS
2026-08-11T03:11:17Z,hw293,75,PASS
2026-08-11T03:11:17Z,hw293,76,PASS
2026-08-11T03:11:17Z,hw293,77,PASS
2026-08-11T03:11:17Z,hw293,78,PASS
2026-08-11T03:11:17Z,hw293,79,PASS
2026-08-11T03:11:17Z,hw293,8,FAIL
2026-08-11T03:11:17Z,hw293,80,PASS
2026-08-11T03:11:17Z,hw293,81,PASS
2026-08-11T03:11:17Z,hw293,82,PASS
2026-08-11T03:11:17Z,hw293,83,PASS
2026-08-11T03:11:17Z,hw293,84,PASS
2026-08-11T03:11:17Z,hw293,85,PASS
2026-08-11T03:11:17Z,hw293,86,PASS
2026-08-11T03:11:17Z,hw293,87,FAIL
2026-08-11T03:11:17Z,hw293,88,PASS
2026-08-11T03:11:17Z,hw293,89,PASS
2026-08-11T03:11:17Z,hw293,9,PASS
2026-08-11T03:11:17Z,hw293,90,FAIL
2026-08-11T03:11:17Z,hw293,91,PASS
2026-08-11T03:11:17Z,hw293,92,PASS
2026-08-11T03:11:17Z,hw293,93,PASS
2026-08-11T03:11:17Z,hw293,94,PASS
2026-08-11T03:11:17Z,hw293,95,FAIL
2026-08-11T03:11:17Z,hw293,96,PASS
2026-08-11T03:11:17Z,hw293,97,PASS
2026-08-11T03:11:17Z,hw293,98,PASS
2026-08-11T03:11:17Z,hw293,99,PASS
2026-08-11T03:11:17Z,hw293,G1,FAIL
2026-08-11T03:11:17Z,hw293,G10,PASS
2026-08-11T03:11:17Z,hw293,G11,FAIL
2026-08-11T03:11:17Z,hw293,G12,NOTRUN
2026-08-11T03:11:17Z,hw293,G2,FAIL
2026-08-11T03:11:17Z,hw293,G3,FAIL
2026-08-11T03:11:17Z,hw293,G4,PASS
2026-08-11T03:11:17Z,hw293,G5,PASS
2026-08-11T03:11:17Z,hw293,G6,NOTRUN
2026-08-11T03:11:17Z,hw293,G7,FAIL
2026-08-11T03:11:17Z,hw293,G8,FAIL
2026-08-11T03:11:17Z,hw293,G9,FAIL
2026-08-11T03:11:17Z,hw293,M1,PASS
2026-08-11T03:11:17Z,hw293,M2,PASS
2026-08-11T03:11:17Z,hw293,M3,PASS
2026-08-11T03:11:17Z,hw293,M4,PASS
2026-08-11T03:11:17Z,hw293,R1,PASS
2026-08-11T03:11:17Z,hw293,R10,PASS
2026-08-11T03:11:17Z,hw293,R11,PASS
2026-08-11T03:11:17Z,hw293,R12,FAIL
2026-08-11T03:11:17Z,hw293,R13,FAIL
2026-08-11T03:11:17Z,hw293,R14,PASS
2026-08-11T03:11:17Z,hw293,R15,PASS
2026-08-11T03:11:17Z,hw293,R16,FAIL
2026-08-11T03:11:17Z,hw293,R17,PASS
2026-08-11T03:11:17Z,hw293,R18,PASS
2026-08-11T03:11:17Z,hw293,R19,FAIL
2026-08-11T03:11:17Z,hw293,R2,PASS
2026-08-11T03:11:17Z,hw293,R20,PASS
2026-08-11T03:11:17Z,hw293,R21,PASS
2026-08-11T03:11:17Z,hw293,R22,PASS
2026-08-11T03:11:17Z,hw293,R3,PASS
2026-08-11T03:11:17Z,hw293,R4,PASS
2026-08-11T03:11:17Z,hw293,R5,PASS
2026-08-11T03:11:17Z,hw293,R6,PASS
2026-08-11T03:11:17Z,hw293,R7,PASS
2026-08-11T03:11:17Z,hw293,R8,PASS
2026-08-11T03:11:17Z,hw293,R9,PASS
2026-08-11T03:11:17Z,hw293,W1,FAIL
2026-08-11T03:11:17Z,hw293,W2,FAIL
2026-08-11T03:11:17Z,hw293,W3,NOTRUN
2026-08-11T03:11:17Z,hw293,W4,PASS
2026-08-11T03:11:17Z,hw293,W5,FAIL
2026-08-11T04:16:08Z,hw293,1,PASS
2026-08-11T04:16:08Z,hw293,10,PASS
2026-08-11T04:16:08Z,hw293,100,PASS
2026-08-11T04:16:08Z,hw293,101,FAIL
2026-08-11T04:16:08Z,hw293,102,PASS
2026-08-11T04:16:08Z,hw293,103,PASS
2026-08-11T04:16:08Z,hw293,104,PASS
2026-08-11T04:16:08Z,hw293,105,PASS
2026-08-11T04:16:08Z,hw293,106,PASS
2026-08-11T04:16:08Z,hw293,107,PASS
2026-08-11T04:16:08Z,hw293,108,PASS
2026-08-11T04:16:08Z,hw293,109,FAIL
2026-08-11T04:16:08Z,hw293,11,PASS
2026-08-11T04:16:08Z,hw293,110,PASS
2026-08-11T04:16:08Z,hw293,111,FAIL
2026-08-11T04:16:08Z,hw293,112,PASS
2026-08-11T04:16:08Z,hw293,113,PASS
2026-08-11T04:16:08Z,hw293,114,PASS
2026-08-11T04:16:08Z,hw293,115,FAIL
2026-08-11T04:16:08Z,hw293,116,PASS
2026-08-11T04:16:08Z,hw293,117,PASS
2026-08-11T04:16:08Z,hw293,118,PASS
2026-08-11T04:16:08Z,hw293,119,PASS
2026-08-11T04:16:08Z,hw293,12,PASS
2026-08-11T04:16:08Z,hw293,120,PASS
2026-08-11T04:16:08Z,hw293,121,PASS
2026-08-11T04:16:08Z,hw293,122,PASS
2026-08-11T04:16:08Z,hw293,123,PASS
2026-08-11T04:16:08Z,hw293,124,PASS
2026-08-11T04:16:08Z,hw293,125,PASS
2026-08-11T04:16:08Z,hw293,126,PASS
2026-08-11T04:16:08Z,hw293,127,PASS
2026-08-11T04:16:08Z,hw293,128,PASS
2026-08-11T04:16:08Z,hw293,129,PASS
2026-08-11T04:16:08Z,hw293,13,PASS
2026-08-11T04:16:08Z,hw293,130,PASS
2026-08-11T04:16:08Z,hw293,131,PASS
2026-08-11T04:16:08Z,hw293,132,PASS
2026-08-11T04:16:08Z,hw293,133,PASS
2026-08-11T04:16:08Z,hw293,134,PASS
2026-08-11T04:16:08Z,hw293,135,PASS
2026-08-11T04:16:08Z,hw293,136,PASS
2026-08-11T04:16:08Z,hw293,137,PASS
2026-08-11T04:16:08Z,hw293,138,PASS
2026-08-11T04:16:08Z,hw293,139,PASS
2026-08-11T04:16:08Z,hw293,14,PASS
2026-08-11T04:16:08Z,hw293,140,PASS
2026-08-11T04:16:08Z,hw293,141,PASS
2026-08-11T04:16:08Z,hw293,142,PASS
2026-08-11T04:16:08Z,hw293,143,PASS
2026-08-11T04:16:08Z,hw293,144,PASS
2026-08-11T04:16:08Z,hw293,145,PASS
2026-08-11T04:16:08Z,hw293,146,PASS
2026-08-11T04:16:08Z,hw293,147,PASS
2026-08-11T04:16:08Z,hw293,148,PASS
2026-08-11T04:16:08Z,hw293,149,PASS
2026-08-11T04:16:08Z,hw293,15,FAIL
2026-08-11T04:16:08Z,hw293,150,PASS
2026-08-11T04:16:08Z,hw293,151,PASS
2026-08-11T04:16:08Z,hw293,152,PASS
2026-08-11T04:16:08Z,hw293,153,PASS
2026-08-11T04:16:08Z,hw293,154,PASS
2026-08-11T04:16:08Z,hw293,155,PASS
2026-08-11T04:16:08Z,hw293,156,PASS
2026-08-11T04:16:08Z,hw293,157,PASS
2026-08-11T04:16:08Z,hw293,158,PASS
2026-08-11T04:16:08Z,hw293,159,PASS
2026-08-11T04:16:08Z,hw293,16,FAIL
2026-08-11T04:16:08Z,hw293,160,PASS
2026-08-11T04:16:08Z,hw293,161,PASS
2026-08-11T04:16:08Z,hw293,162,FAIL
2026-08-11T04:16:08Z,hw293,163,PASS
2026-08-11T04:16:08Z,hw293,164,PASS
2026-08-11T04:16:08Z,hw293,165,PASS
2026-08-11T04:16:08Z,hw293,166,FAIL
2026-08-11T04:16:08Z,hw293,167,PASS
2026-08-11T04:16:08Z,hw293,168,PASS
2026-08-11T04:16:08Z,hw293,169,PASS
2026-08-11T04:16:08Z,hw293,17,PASS
2026-08-11T04:16:08Z,hw293,170,PASS
2026-08-11T04:16:08Z,hw293,171,PASS
2026-08-11T04:16:08Z,hw293,172,FAIL
2026-08-11T04:16:08Z,hw293,173,PASS
2026-08-11T04:16:08Z,hw293,174,PASS
2026-08-11T04:16:08Z,hw293,175,PASS
2026-08-11T04:16:08Z,hw293,176,FAIL
2026-08-11T04:16:08Z,hw293,177,PASS
2026-08-11T04:16:08Z,hw293,178,PASS
2026-08-11T04:16:08Z,hw293,179,PASS
2026-08-11T04:16:08Z,hw293,18,PASS
2026-08-11T04:16:08Z,hw293,180,PASS
2026-08-11T04:16:08Z,hw293,181,PASS
2026-08-11T04:16:08Z,hw293,182,PASS
2026-08-11T04:16:08Z,hw293,183,PASS
2026-08-11T04:16:08Z,hw293,184,PASS
2026-08-11T04:16:08Z,hw293,185,PASS
2026-08-11T04:16:08Z,hw293,186,PASS
2026-08-11T04:16:08Z,hw293,187,FAIL
2026-08-11T04:16:08Z,hw293,188,FAIL
2026-08-11T04:16:08Z,hw293,189,FAIL
2026-08-11T04:16:08Z,hw293,19,FAIL
2026-08-11T04:16:08Z,hw293,190,PASS
2026-08-11T04:16:08Z,hw293,191,PASS
2026-08-11T04:16:08Z,hw293,192,PASS
2026-08-11T04:16:08Z,hw293,193,PASS
2026-08-11T04:16:08Z,hw293,194,PASS
2026-08-11T04:16:08Z,hw293,195,PASS
2026-08-11T04:16:08Z,hw293,196,PASS
2026-08-11T04:16:08Z,hw293,197,FAIL
2026-08-11T04:16:08Z,hw293,198,PASS
2026-08-11T04:16:08Z,hw293,199,PASS
2026-08-11T04:16:08Z,hw293,2,PASS
2026-08-11T04:16:08Z,hw293,20,PASS
2026-08-11T04:16:08Z,hw293,200,PASS
2026-08-11T04:16:08Z,hw293,201,PASS
2026-08-11T04:16:08Z,hw293,202,PASS
2026-08-11T04:16:08Z,hw293,203,PASS
2026-08-11T04:16:08Z,hw293,204,PASS
2026-08-11T04:16:08Z,hw293,205,PASS
2026-08-11T04:16:08Z,hw293,206,FAIL
2026-08-11T04:16:08Z,hw293,207,FAIL
2026-08-11T04:16:08Z,hw293,208,FAIL
2026-08-11T04:16:08Z,hw293,209,PASS
2026-08-11T04:16:08Z,hw293,21,PASS
2026-08-11T04:16:08Z,hw293,210,PASS
2026-08-11T04:16:08Z,hw293,211,PASS
2026-08-11T04:16:08Z,hw293,212,PASS
2026-08-11T04:16:08Z,hw293,213,FAIL
2026-08-11T04:16:08Z,hw293,214,PASS
2026-08-11T04:16:08Z,hw293,215,PASS
2026-08-11T04:16:08Z,hw293,216,PASS
2026-08-11T04:16:08Z,hw293,217,PASS
2026-08-11T04:16:08Z,hw293,218,FAIL
2026-08-11T04:16:08Z,hw293,219,FAIL
2026-08-11T04:16:08Z,hw293,22,PASS
2026-08-11T04:16:08Z,hw293,220,FAIL
2026-08-11T04:16:08Z,hw293,221,FAIL
2026-08-11T04:16:08Z,hw293,222,FAIL
2026-08-11T04:16:08Z,hw293,223,FAIL
2026-08-11T04:16:08Z,hw293,224,PASS
2026-08-11T04:16:08Z,hw293,225,PASS
2026-08-11T04:16:08Z,hw293,226,PASS
2026-08-11T04:16:08Z,hw293,227,FAIL
2026-08-11T04:16:08Z,hw293,228,FAIL
2026-08-11T04:16:08Z,hw293,229,PASS
2026-08-11T04:16:08Z,hw293,23,PASS
2026-08-11T04:16:08Z,hw293,230,PASS
2026-08-11T04:16:08Z,hw293,231,PASS
2026-08-11T04:16:08Z,hw293,232,FAIL
2026-08-11T04:16:08Z,hw293,233,PASS
2026-08-11T04:16:08Z,hw293,234,FAIL
2026-08-11T04:16:08Z,hw293,235,FAIL
2026-08-11T04:16:08Z,hw293,236,FAIL
2026-08-11T04:16:08Z,hw293,237,FAIL
2026-08-11T04:16:08Z,hw293,238,PASS
2026-08-11T04:16:08Z,hw293,239,FAIL
2026-08-11T04:16:08Z,hw293,24,PASS
2026-08-11T04:16:08Z,hw293,240,PASS
2026-08-11T04:16:08Z,hw293,241,FAIL
2026-08-11T04:16:08Z,hw293,242,PASS
2026-08-11T04:16:08Z,hw293,243,PASS
2026-08-11T04:16:08Z,hw293,25,FAIL
2026-08-11T04:16:08Z,hw293,26,PASS
2026-08-11T04:16:08Z,hw293,27,PASS
2026-08-11T04:16:08Z,hw293,28,PASS
2026-08-11T04:16:08Z,hw293,29,FAIL
2026-08-11T04:16:08Z,hw293,3,PASS
2026-08-11T04:16:08Z,hw293,30,FAIL
2026-08-11T04:16:08Z,hw293,31,FAIL
2026-08-11T04:16:08Z,hw293,32,FAIL
2026-08-11T04:16:08Z,hw293,33,FAIL
2026-08-11T04:16:08Z,hw293,34,FAIL
2026-08-11T04:16:08Z,hw293,35,FAIL
2026-08-11T04:16:08Z,hw293,36,FAIL
2026-08-11T04:16:08Z,hw293,37,FAIL
2026-08-11T04:16:08Z,hw293,38,FAIL
2026-08-11T04:16:08Z,hw293,39,FAIL
2026-08-11T04:16:08Z,hw293,4,PASS
2026-08-11T04:16:08Z,hw293,40,PASS
2026-08-11T04:16:08Z,hw293,41,PASS
2026-08-11T04:16:08Z,hw293,42,PASS
2026-08-11T04:16:08Z,hw293,43,PASS
2026-08-11T04:16:08Z,hw293,44,PASS
2026-08-11T04:16:08Z,hw293,45,PASS
2026-08-11T04:16:08Z,hw293,46,PASS
2026-08-11T04:16:08Z,hw293,47,PASS
2026-08-11T04:16:08Z,hw293,48,PASS
2026-08-11T04:16:08Z,hw293,49,PASS
2026-08-11T04:16:08Z,hw293,5,PASS
2026-08-11T04:16:08Z,hw293,50,PASS
2026-08-11T04:16:08Z,hw293,51,FAIL
2026-08-11T04:16:08Z,hw293,52,FAIL
2026-08-11T04:16:08Z,hw293,53,PASS
2026-08-11T04:16:08Z,hw293,54,PASS
2026-08-11T04:16:08Z,hw293,55,FAIL
2026-08-11T04:16:08Z,hw293,56,FAIL
2026-08-11T04:16:08Z,hw293,57,FAIL
2026-08-11T04:16:08Z,hw293,58,PASS
2026-08-11T04:16:08Z,hw293,59,PASS
2026-08-11T04:16:08Z,hw293,6,PASS
2026-08-11T04:16:08Z,hw293,60,FAIL
2026-08-11T04:16:08Z,hw293,61,PASS
2026-08-11T04:16:08Z,hw293,62,FAIL
2026-08-11T04:16:08Z,hw293,63,FAIL
2026-08-11T04:16:08Z,hw293,64,FAIL
2026-08-11T04:16:08Z,hw293,65,FAIL
2026-08-11T04:16:08Z,hw293,66,FAIL
2026-08-11T04:16:08Z,hw293,67,FAIL
2026-08-11T04:16:08Z,hw293,68,PASS
2026-08-11T04:16:08Z,hw293,69,FAIL
2026-08-11T04:16:08Z,hw293,7,FAIL
2026-08-11T04:16:08Z,hw293,70,FAIL
2026-08-11T04:16:08Z,hw293,71,FAIL
2026-08-11T04:16:08Z,hw293,72,PASS
2026-08-11T04:16:08Z,hw293,73,PASS
2026-08-11T04:16:08Z,hw293,74,PASS
2026-08-11T04:16:08Z,hw293,75,PASS
2026-08-11T04:16:08Z,hw293,76,PASS
2026-08-11T04:16:08Z,hw293,77,PASS
2026-08-11T04:16:08Z,hw293,78,PASS
2026-08-11T04:16:08Z,hw293,79,PASS
2026-08-11T04:16:08Z,hw293,8,FAIL
2026-08-11T04:16:08Z,hw293,80,PASS
2026-08-11T04:16:08Z,hw293,81,PASS
2026-08-11T04:16:08Z,hw293,82,PASS
2026-08-11T04:16:08Z,hw293,83,PASS
2026-08-11T04:16:08Z,hw293,84,PASS
2026-08-11T04:16:08Z,hw293,85,PASS
2026-08-11T04:16:08Z,hw293,86,PASS
2026-08-11T04:16:08Z,hw293,87,FAIL
2026-08-11T04:16:08Z,hw293,88,PASS
2026-08-11T04:16:08Z,hw293,89,PASS
2026-08-11T04:16:08Z,hw293,9,PASS
2026-08-11T04:16:08Z,hw293,90,FAIL
2026-08-11T04:16:08Z,hw293,91,PASS
2026-08-11T04:16:08Z,hw293,92,PASS
2026-08-11T04:16:08Z,hw293,93,PASS
2026-08-11T04:16:08Z,hw293,94,PASS
2026-08-11T04:16:08Z,hw293,95,FAIL
2026-08-11T04:16:08Z,hw293,96,PASS
2026-08-11T04:16:08Z,hw293,97,PASS
2026-08-11T04:16:08Z,hw293,98,PASS
2026-08-11T04:16:08Z,hw293,99,PASS
2026-08-11T04:16:08Z,hw293,G1,FAIL
2026-08-11T04:16:08Z,hw293,G10,PASS
2026-08-11T04:16:08Z,hw293,G11,FAIL
2026-08-11T04:16:08Z,hw293,G12,NOTRUN
2026-08-11T04:16:08Z,hw293,G2,FAIL
2026-08-11T04:16:08Z,hw293,G3,FAIL
2026-08-11T04:16:08Z,hw293,G4,PASS
2026-08-11T04:16:08Z,hw293,G5,PASS
2026-08-11T04:16:08Z,hw293,G6,PASS
2026-08-11T04:16:08Z,hw293,G7,FAIL
2026-08-11T04:16:08Z,hw293,G8,FAIL
2026-08-11T04:16:08Z,hw293,G9,FAIL
2026-08-11T04:16:08Z,hw293,M1,PASS
2026-08-11T04:16:08Z,hw293,M2,PASS
2026-08-11T04:16:08Z,hw293,M3,PASS
2026-08-11T04:16:08Z,hw293,M4,PASS
2026-08-11T04:16:08Z,hw293,R1,PASS
2026-08-11T04:16:08Z,hw293,R10,PASS
2026-08-11T04:16:08Z,hw293,R11,PASS
2026-08-11T04:16:08Z,hw293,R12,FAIL
2026-08-11T04:16:08Z,hw293,R13,FAIL
2026-08-11T04:16:08Z,hw293,R14,PASS
2026-08-11T04:16:08Z,hw293,R15,PASS
2026-08-11T04:16:08Z,hw293,R16,FAIL
2026-08-11T04:16:08Z,hw293,R17,PASS
2026-08-11T04:16:08Z,hw293,R18,PASS
2026-08-11T04:16:08Z,hw293,R19,FAIL
2026-08-11T04:16:08Z,hw293,R2,PASS
2026-08-11T04:16:08Z,hw293,R20,PASS
2026-08-11T04:16:08Z,hw293,R21,PASS
2026-08-11T04:16:08Z,hw293,R22,PASS
2026-08-11T04:16:08Z,hw293,R3,PASS
2026-08-11T04:16:08Z,hw293,R4,PASS
2026-08-11T04:16:08Z,hw293,R5,PASS
2026-08-11T04:16:08Z,hw293,R6,PASS
2026-08-11T04:16:08Z,hw293,R7,PASS
2026-08-11T04:16:08Z,hw293,R8,PASS
2026-08-11T04:16:08Z,hw293,R9,PASS
2026-08-11T04:16:08Z,hw293,W1,FAIL
2026-08-11T04:16:08Z,hw293,W2,FAIL
2026-08-11T04:16:08Z,hw293,W3,NOTRUN
2026-08-11T04:16:08Z,hw293,W4,PASS
2026-08-11T04:16:08Z,hw293,W5,FAIL
2026-08-11T04:21:25Z,hw293,1,PASS
2026-08-11T04:21:25Z,hw293,10,PASS
2026-08-11T04:21:25Z,hw293,100,PASS
2026-08-11T04:21:25Z,hw293,101,FAIL
2026-08-11T04:21:25Z,hw293,102,PASS
2026-08-11T04:21:25Z,hw293,103,PASS
2026-08-11T04:21:25Z,hw293,104,PASS
2026-08-11T04:21:25Z,hw293,105,PASS
2026-08-11T04:21:25Z,hw293,106,PASS
2026-08-11T04:21:25Z,hw293,107,PASS
2026-08-11T04:21:25Z,hw293,108,PASS
2026-08-11T04:21:25Z,hw293,109,FAIL
2026-08-11T04:21:25Z,hw293,11,PASS
2026-08-11T04:21:25Z,hw293,110,PASS
2026-08-11T04:21:25Z,hw293,111,FAIL
2026-08-11T04:21:25Z,hw293,112,PASS
2026-08-11T04:21:25Z,hw293,113,PASS
2026-08-11T04:21:25Z,hw293,114,PASS
2026-08-11T04:21:25Z,hw293,115,FAIL
2026-08-11T04:21:25Z,hw293,116,PASS
2026-08-11T04:21:25Z,hw293,117,PASS
2026-08-11T04:21:25Z,hw293,118,PASS
2026-08-11T04:21:25Z,hw293,119,PASS
2026-08-11T04:21:25Z,hw293,12,PASS
2026-08-11T04:21:25Z,hw293,120,PASS
2026-08-11T04:21:25Z,hw293,121,PASS
2026-08-11T04:21:25Z,hw293,122,PASS
2026-08-11T04:21:25Z,hw293,123,PASS
2026-08-11T04:21:25Z,hw293,124,PASS
2026-08-11T04:21:25Z,hw293,125,PASS
2026-08-11T04:21:25Z,hw293,126,PASS
2026-08-11T04:21:25Z,hw293,127,PASS
2026-08-11T04:21:25Z,hw293,128,PASS
2026-08-11T04:21:25Z,hw293,129,PASS
2026-08-11T04:21:25Z,hw293,13,PASS
2026-08-11T04:21:25Z,hw293,130,PASS
2026-08-11T04:21:25Z,hw293,131,PASS
2026-08-11T04:21:25Z,hw293,132,PASS
2026-08-11T04:21:25Z,hw293,133,PASS
2026-08-11T04:21:25Z,hw293,134,PASS
2026-08-11T04:21:25Z,hw293,135,PASS
2026-08-11T04:21:25Z,hw293,136,PASS
2026-08-11T04:21:25Z,hw293,137,PASS
2026-08-11T04:21:25Z,hw293,138,PASS
2026-08-11T04:21:25Z,hw293,139,PASS
2026-08-11T04:21:25Z,hw293,14,PASS
2026-08-11T04:21:25Z,hw293,140,PASS
2026-08-11T04:21:25Z,hw293,141,PASS
2026-08-11T04:21:25Z,hw293,142,PASS
2026-08-11T04:21:25Z,hw293,143,PASS
2026-08-11T04:21:25Z,hw293,144,PASS
2026-08-11T04:21:25Z,hw293,145,PASS
2026-08-11T04:21:25Z,hw293,146,PASS
2026-08-11T04:21:25Z,hw293,147,PASS
2026-08-11T04:21:25Z,hw293,148,PASS
2026-08-11T04:21:25Z,hw293,149,PASS
2026-08-11T04:21:25Z,hw293,15,FAIL
2026-08-11T04:21:25Z,hw293,150,PASS
2026-08-11T04:21:25Z,hw293,151,PASS
2026-08-11T04:21:25Z,hw293,152,PASS
2026-08-11T04:21:25Z,hw293,153,PASS
2026-08-11T04:21:25Z,hw293,154,PASS
2026-08-11T04:21:25Z,hw293,155,PASS
2026-08-11T04:21:25Z,hw293,156,PASS
2026-08-11T04:21:25Z,hw293,157,PASS
2026-08-11T04:21:25Z,hw293,158,PASS
2026-08-11T04:21:25Z,hw293,159,PASS
2026-08-11T04:21:25Z,hw293,16,FAIL
2026-08-11T04:21:25Z,hw293,160,PASS
2026-08-11T04:21:25Z,hw293,161,PASS
2026-08-11T04:21:25Z,hw293,162,FAIL
2026-08-11T04:21:25Z,hw293,163,PASS
2026-08-11T04:21:25Z,hw293,164,PASS
2026-08-11T04:21:25Z,hw293,165,PASS
2026-08-11T04:21:25Z,hw293,166,FAIL
2026-08-11T04:21:25Z,hw293,167,PASS
2026-08-11T04:21:25Z,hw293,168,PASS
2026-08-11T04:21:25Z,hw293,169,PASS
2026-08-11T04:21:25Z,hw293,17,PASS
2026-08-11T04:21:25Z,hw293,170,PASS
2026-08-11T04:21:25Z,hw293,171,PASS
2026-08-11T04:21:25Z,hw293,172,FAIL
2026-08-11T04:21:25Z,hw293,173,PASS
2026-08-11T04:21:25Z,hw293,174,PASS
2026-08-11T04:21:25Z,hw293,175,PASS
2026-08-11T04:21:25Z,hw293,176,FAIL
2026-08-11T04:21:25Z,hw293,177,PASS
2026-08-11T04:21:25Z,hw293,178,PASS
2026-08-11T04:21:25Z,hw293,179,PASS
2026-08-11T04:21:25Z,hw293,18,PASS
2026-08-11T04:21:25Z,hw293,180,PASS
2026-08-11T04:21:25Z,hw293,181,PASS
2026-08-11T04:21:25Z,hw293,182,PASS
2026-08-11T04:21:25Z,hw293,183,PASS
2026-08-11T04:21:25Z,hw293,184,PASS
2026-08-11T04:21:25Z,hw293,185,PASS
2026-08-11T04:21:25Z,hw293,186,PASS
2026-08-11T04:21:25Z,hw293,187,FAIL
2026-08-11T04:21:25Z,hw293,188,FAIL
2026-08-11T04:21:25Z,hw293,189,FAIL
2026-08-11T04:21:25Z,hw293,19,FAIL
2026-08-11T04:21:25Z,hw293,190,PASS
2026-08-11T04:21:25Z,hw293,191,PASS
2026-08-11T04:21:25Z,hw293,192,PASS
2026-08-11T04:21:25Z,hw293,193,PASS
2026-08-11T04:21:25Z,hw293,194,PASS
2026-08-11T04:21:25Z,hw293,195,PASS
2026-08-11T04:21:25Z,hw293,196,PASS
2026-08-11T04:21:25Z,hw293,197,FAIL
2026-08-11T04:21:25Z,hw293,198,PASS
2026-08-11T04:21:25Z,hw293,199,PASS
2026-08-11T04:21:25Z,hw293,2,PASS
2026-08-11T04:21:25Z,hw293,20,PASS
2026-08-11T04:21:25Z,hw293,200,PASS
2026-08-11T04:21:25Z,hw293,201,PASS
2026-08-11T04:21:25Z,hw293,202,PASS
2026-08-11T04:21:25Z,hw293,203,PASS
2026-08-11T04:21:25Z,hw293,204,PASS
2026-08-11T04:21:25Z,hw293,205,PASS
2026-08-11T04:21:25Z,hw293,206,FAIL
2026-08-11T04:21:25Z,hw293,207,FAIL
2026-08-11T04:21:25Z,hw293,208,FAIL
2026-08-11T04:21:25Z,hw293,209,PASS
2026-08-11T04:21:25Z,hw293,21,PASS
2026-08-11T04:21:25Z,hw293,210,PASS
2026-08-11T04:21:25Z,hw293,211,PASS
2026-08-11T04:21:25Z,hw293,212,PASS
2026-08-11T04:21:25Z,hw293,213,FAIL
2026-08-11T04:21:25Z,hw293,214,PASS
2026-08-11T04:21:25Z,hw293,215,PASS
2026-08-11T04:21:25Z,hw293,216,PASS
2026-08-11T04:21:25Z,hw293,217,PASS
2026-08-11T04:21:25Z,hw293,218,FAIL
2026-08-11T04:21:25Z,hw293,219,FAIL
2026-08-11T04:21:25Z,hw293,22,PASS
2026-08-11T04:21:25Z,hw293,220,FAIL
2026-08-11T04:21:25Z,hw293,221,FAIL
2026-08-11T04:21:25Z,hw293,222,FAIL
2026-08-11T04:21:25Z,hw293,223,FAIL
2026-08-11T04:21:25Z,hw293,224,PASS
2026-08-11T04:21:25Z,hw293,225,PASS
2026-08-11T04:21:25Z,hw293,226,PASS
2026-08-11T04:21:25Z,hw293,227,FAIL
2026-08-11T04:21:25Z,hw293,228,FAIL
2026-08-11T04:21:25Z,hw293,229,PASS
2026-08-11T04:21:25Z,hw293,23,PASS
2026-08-11T04:21:25Z,hw293,230,PASS
2026-08-11T04:21:25Z,hw293,231,PASS
2026-08-11T04:21:25Z,hw293,232,FAIL
2026-08-11T04:21:25Z,hw293,233,PASS
2026-08-11T04:21:25Z,hw293,234,FAIL
2026-08-11T04:21:25Z,hw293,235,FAIL
2026-08-11T04:21:25Z,hw293,236,FAIL
2026-08-11T04:21:25Z,hw293,237,FAIL
2026-08-11T04:21:25Z,hw293,238,PASS
2026-08-11T04:21:25Z,hw293,239,FAIL
2026-08-11T04:21:25Z,hw293,24,PASS
2026-08-11T04:21:25Z,hw293,240,PASS
2026-08-11T04:21:25Z,hw293,241,FAIL
2026-08-11T04:21:25Z,hw293,242,PASS
2026-08-11T04:21:25Z,hw293,243,PASS
2026-08-11T04:21:25Z,hw293,25,FAIL
2026-08-11T04:21:25Z,hw293,26,PASS
2026-08-11T04:21:25Z,hw293,27,PASS
2026-08-11T04:21:25Z,hw293,28,PASS
2026-08-11T04:21:25Z,hw293,29,FAIL
2026-08-11T04:21:25Z,hw293,3,PASS
2026-08-11T04:21:25Z,hw293,30,FAIL
2026-08-11T04:21:25Z,hw293,31,FAIL
2026-08-11T04:21:25Z,hw293,32,FAIL
2026-08-11T04:21:25Z,hw293,33,FAIL
2026-08-11T04:21:25Z,hw293,34,FAIL
2026-08-11T04:21:25Z,hw293,35,FAIL
2026-08-11T04:21:25Z,hw293,36,FAIL
2026-08-11T04:21:25Z,hw293,37,FAIL
2026-08-11T04:21:25Z,hw293,38,FAIL
2026-08-11T04:21:25Z,hw293,39,FAIL
2026-08-11T04:21:25Z,hw293,4,PASS
2026-08-11T04:21:25Z,hw293,40,PASS
2026-08-11T04:21:25Z,hw293,41,PASS
2026-08-11T04:21:25Z,hw293,42,PASS
2026-08-11T04:21:25Z,hw293,43,PASS
2026-08-11T04:21:25Z,hw293,44,PASS
2026-08-11T04:21:25Z,hw293,45,PASS
2026-08-11T04:21:25Z,hw293,46,PASS
2026-08-11T04:21:25Z,hw293,47,PASS
2026-08-11T04:21:25Z,hw293,48,PASS
2026-08-11T04:21:25Z,hw293,49,PASS
2026-08-11T04:21:25Z,hw293,5,PASS
2026-08-11T04:21:25Z,hw293,50,PASS
2026-08-11T04:21:25Z,hw293,51,FAIL
2026-08-11T04:21:25Z,hw293,52,FAIL
2026-08-11T04:21:25Z,hw293,53,PASS
2026-08-11T04:21:25Z,hw293,54,PASS
2026-08-11T04:21:25Z,hw293,55,FAIL
2026-08-11T04:21:25Z,hw293,56,FAIL
2026-08-11T04:21:25Z,hw293,57,FAIL
2026-08-11T04:21:25Z,hw293,58,PASS
2026-08-11T04:21:25Z,hw293,59,PASS
2026-08-11T04:21:25Z,hw293,6,PASS
2026-08-11T04:21:25Z,hw293,60,FAIL
2026-08-11T04:21:25Z,hw293,61,PASS
2026-08-11T04:21:25Z,hw293,62,FAIL
2026-08-11T04:21:25Z,hw293,63,FAIL
2026-08-11T04:21:25Z,hw293,64,FAIL
2026-08-11T04:21:25Z,hw293,65,FAIL
2026-08-11T04:21:25Z,hw293,66,FAIL
2026-08-11T04:21:25Z,hw293,67,FAIL
2026-08-11T04:21:25Z,hw293,68,PASS
2026-08-11T04:21:25Z,hw293,69,FAIL
2026-08-11T04:21:25Z,hw293,7,FAIL
2026-08-11T04:21:25Z,hw293,70,FAIL
2026-08-11T04:21:25Z,hw293,71,FAIL
2026-08-11T04:21:25Z,hw293,72,PASS
2026-08-11T04:21:25Z,hw293,73,PASS
2026-08-11T04:21:25Z,hw293,74,PASS
2026-08-11T04:21:25Z,hw293,75,PASS
2026-08-11T04:21:25Z,hw293,76,PASS
2026-08-11T04:21:25Z,hw293,77,PASS
2026-08-11T04:21:25Z,hw293,78,PASS
2026-08-11T04:21:25Z,hw293,79,PASS
2026-08-11T04:21:25Z,hw293,8,FAIL
2026-08-11T04:21:25Z,hw293,80,PASS
2026-08-11T04:21:25Z,hw293,81,PASS
2026-08-11T04:21:25Z,hw293,82,PASS
2026-08-11T04:21:25Z,hw293,83,PASS
2026-08-11T04:21:25Z,hw293,84,PASS
2026-08-11T04:21:25Z,hw293,85,PASS
2026-08-11T04:21:25Z,hw293,86,PASS
2026-08-11T04:21:25Z,hw293,87,FAIL
2026-08-11T04:21:25Z,hw293,88,PASS
2026-08-11T04:21:25Z,hw293,89,PASS
2026-08-11T04:21:25Z,hw293,9,PASS
2026-08-11T04:21:25Z,hw293,90,FAIL
2026-08-11T04:21:25Z,hw293,91,PASS
2026-08-11T04:21:25Z,hw293,92,PASS
2026-08-11T04:21:25Z,hw293,93,PASS
2026-08-11T04:21:25Z,hw293,94,PASS
2026-08-11T04:21:25Z,hw293,95,FAIL
2026-08-11T04:21:25Z,hw293,96,PASS
2026-08-11T04:21:25Z,hw293,97,PASS
2026-08-11T04:21:25Z,hw293,98,PASS
2026-08-11T04:21:25Z,hw293,99,PASS
2026-08-11T04:21:25Z,hw293,G1,FAIL
2026-08-11T04:21:25Z,hw293,G10,PASS
2026-08-11T04:21:25Z,hw293,G11,FAIL
2026-08-11T04:21:25Z,hw293,G12,PASS
2026-08-11T04:21:25Z,hw293,G2,FAIL
2026-08-11T04:21:25Z,hw293,G3,FAIL
2026-08-11T04:21:25Z,hw293,G4,PASS
2026-08-11T04:21:25Z,hw293,G5,PASS
2026-08-11T04:21:25Z,hw293,G6,PASS
2026-08-11T04:21:25Z,hw293,G7,FAIL
2026-08-11T04:21:25Z,hw293,G8,FAIL
2026-08-11T04:21:25Z,hw293,G9,FAIL
2026-08-11T04:21:25Z,hw293,M1,PASS
2026-08-11T04:21:25Z,hw293,M2,PASS
2026-08-11T04:21:25Z,hw293,M3,PASS
2026-08-11T04:21:25Z,hw293,M4,PASS
2026-08-11T04:21:25Z,hw293,R1,PASS
2026-08-11T04:21:25Z,hw293,R10,PASS
2026-08-11T04:21:25Z,hw293,R11,PASS
2026-08-11T04:21:25Z,hw293,R12,FAIL
2026-08-11T04:21:25Z,hw293,R13,FAIL
2026-08-11T04:21:25Z,hw293,R14,PASS
2026-08-11T04:21:25Z,hw293,R15,PASS
2026-08-11T04:21:25Z,hw293,R16,FAIL
2026-08-11T04:21:25Z,hw293,R17,PASS
2026-08-11T04:21:25Z,hw293,R18,PASS
2026-08-11T04:21:25Z,hw293,R19,FAIL
2026-08-11T04:21:25Z,hw293,R2,PASS
2026-08-11T04:21:25Z,hw293,R20,PASS
2026-08-11T04:21:25Z,hw293,R21,PASS
2026-08-11T04:21:25Z,hw293,R22,PASS
2026-08-11T04:21:25Z,hw293,R3,PASS
2026-08-11T04:21:25Z,hw293,R4,PASS
2026-08-11T04:21:25Z,hw293,R5,PASS
2026-08-11T04:21:25Z,hw293,R6,PASS
2026-08-11T04:21:25Z,hw293,R7,PASS
2026-08-11T04:21:25Z,hw293,R8,PASS
2026-08-11T04:21:25Z,hw293,R9,PASS
2026-08-11T04:21:25Z,hw293,W1,FAIL
2026-08-11T04:21:25Z,hw293,W2,FAIL
2026-08-11T04:21:25Z,hw293,W3,NOTRUN
2026-08-11T04:21:25Z,hw293,W4,PASS
2026-08-11T04:21:25Z,hw293,W5,FAIL
2026-08-11T04:31:47Z,hw293,1,PASS
2026-08-11T04:31:47Z,hw293,10,PASS
2026-08-11T04:31:47Z,hw293,100,PASS
2026-08-11T04:31:47Z,hw293,101,FAIL
2026-08-11T04:31:47Z,hw293,102,PASS
2026-08-11T04:31:47Z,hw293,103,PASS
2026-08-11T04:31:47Z,hw293,104,PASS
2026-08-11T04:31:47Z,hw293,105,PASS
2026-08-11T04:31:47Z,hw293,106,PASS
2026-08-11T04:31:47Z,hw293,107,PASS
2026-08-11T04:31:47Z,hw293,108,PASS
2026-08-11T04:31:47Z,hw293,109,FAIL
2026-08-11T04:31:47Z,hw293,11,PASS
2026-08-11T04:31:47Z,hw293,110,PASS
2026-08-11T04:31:47Z,hw293,111,FAIL
2026-08-11T04:31:47Z,hw293,112,PASS
2026-08-11T04:31:47Z,hw293,113,PASS
2026-08-11T04:31:47Z,hw293,114,PASS
2026-08-11T04:31:47Z,hw293,115,FAIL
2026-08-11T04:31:47Z,hw293,116,PASS
2026-08-11T04:31:47Z,hw293,117,PASS
2026-08-11T04:31:47Z,hw293,118,PASS
2026-08-11T04:31:47Z,hw293,119,PASS
2026-08-11T04:31:47Z,hw293,12,PASS
2026-08-11T04:31:47Z,hw293,120,PASS
2026-08-11T04:31:47Z,hw293,121,PASS
2026-08-11T04:31:47Z,hw293,122,PASS
2026-08-11T04:31:47Z,hw293,123,PASS
2026-08-11T04:31:47Z,hw293,124,PASS
2026-08-11T04:31:47Z,hw293,125,PASS
2026-08-11T04:31:47Z,hw293,126,PASS
2026-08-11T04:31:47Z,hw293,127,PASS
2026-08-11T04:31:47Z,hw293,128,PASS
2026-08-11T04:31:47Z,hw293,129,PASS
2026-08-11T04:31:47Z,hw293,13,PASS
2026-08-11T04:31:47Z,hw293,130,PASS
2026-08-11T04:31:47Z,hw293,131,PASS
2026-08-11T04:31:47Z,hw293,132,PASS
2026-08-11T04:31:47Z,hw293,133,PASS
2026-08-11T04:31:47Z,hw293,134,PASS
2026-08-11T04:31:47Z,hw293,135,PASS
2026-08-11T04:31:47Z,hw293,136,PASS
2026-08-11T04:31:47Z,hw293,137,PASS
2026-08-11T04:31:47Z,hw293,138,PASS
2026-08-11T04:31:47Z,hw293,139,PASS
2026-08-11T04:31:47Z,hw293,14,PASS
2026-08-11T04:31:47Z,hw293,140,PASS
2026-08-11T04:31:47Z,hw293,141,PASS
2026-08-11T04:31:47Z,hw293,142,PASS
2026-08-11T04:31:47Z,hw293,143,PASS
2026-08-11T04:31:47Z,hw293,144,PASS
2026-08-11T04:31:47Z,hw293,145,PASS
2026-08-11T04:31:47Z,hw293,146,PASS
2026-08-11T04:31:47Z,hw293,147,PASS
2026-08-11T04:31:47Z,hw293,148,PASS
2026-08-11T04:31:47Z,hw293,149,PASS
2026-08-11T04:31:47Z,hw293,15,FAIL
2026-08-11T04:31:47Z,hw293,150,PASS
2026-08-11T04:31:47Z,hw293,151,PASS
2026-08-11T04:31:47Z,hw293,152,PASS
2026-08-11T04:31:47Z,hw293,153,PASS
2026-08-11T04:31:47Z,hw293,154,PASS
2026-08-11T04:31:47Z,hw293,155,PASS
2026-08-11T04:31:47Z,hw293,156,PASS
2026-08-11T04:31:47Z,hw293,157,PASS
2026-08-11T04:31:47Z,hw293,158,PASS
2026-08-11T04:31:47Z,hw293,159,PASS
2026-08-11T04:31:47Z,hw293,16,FAIL
2026-08-11T04:31:47Z,hw293,160,PASS
2026-08-11T04:31:47Z,hw293,161,PASS
2026-08-11T04:31:47Z,hw293,162,FAIL
2026-08-11T04:31:47Z,hw293,163,PASS
2026-08-11T04:31:47Z,hw293,164,PASS
2026-08-11T04:31:47Z,hw293,165,PASS
2026-08-11T04:31:47Z,hw293,166,FAIL
2026-08-11T04:31:47Z,hw293,167,PASS
2026-08-11T04:31:47Z,hw293,168,PASS
2026-08-11T04:31:47Z,hw293,169,PASS
2026-08-11T04:31:47Z,hw293,17,PASS
2026-08-11T04:31:47Z,hw293,170,PASS
2026-08-11T04:31:47Z,hw293,171,PASS
2026-08-11T04:31:47Z,hw293,172,FAIL
2026-08-11T04:31:47Z,hw293,173,PASS
2026-08-11T04:31:47Z,hw293,174,PASS
2026-08-11T04:31:47Z,hw293,175,PASS
2026-08-11T04:31:47Z,hw293,176,FAIL
2026-08-11T04:31:47Z,hw293,177,PASS
2026-08-11T04:31:47Z,hw293,178,PASS
2026-08-11T04:31:47Z,hw293,179,PASS
2026-08-11T04:31:47Z,hw293,18,PASS
2026-08-11T04:31:47Z,hw293,180,PASS
2026-08-11T04:31:47Z,hw293,181,PASS
2026-08-11T04:31:47Z,hw293,182,PASS
2026-08-11T04:31:47Z,hw293,183,PASS
2026-08-11T04:31:47Z,hw293,184,PASS
2026-08-11T04:31:47Z,hw293,185,PASS
2026-08-11T04:31:47Z,hw293,186,PASS
2026-08-11T04:31:47Z,hw293,187,FAIL
2026-08-11T04:31:47Z,hw293,188,FAIL
2026-08-11T04:31:47Z,hw293,189,FAIL
2026-08-11T04:31:47Z,hw293,19,FAIL
2026-08-11T04:31:47Z,hw293,190,PASS
2026-08-11T04:31:47Z,hw293,191,PASS
2026-08-11T04:31:47Z,hw293,192,PASS
2026-08-11T04:31:47Z,hw293,193,PASS
2026-08-11T04:31:47Z,hw293,194,PASS
2026-08-11T04:31:47Z,hw293,195,PASS
2026-08-11T04:31:47Z,hw293,196,PASS
2026-08-11T04:31:47Z,hw293,197,FAIL
2026-08-11T04:31:47Z,hw293,198,PASS
2026-08-11T04:31:47Z,hw293,199,PASS
2026-08-11T04:31:47Z,hw293,2,PASS
2026-08-11T04:31:47Z,hw293,20,PASS
2026-08-11T04:31:47Z,hw293,200,PASS
2026-08-11T04:31:47Z,hw293,201,PASS
2026-08-11T04:31:47Z,hw293,202,PASS
2026-08-11T04:31:47Z,hw293,203,PASS
2026-08-11T04:31:47Z,hw293,204,PASS
2026-08-11T04:31:47Z,hw293,205,PASS
2026-08-11T04:31:47Z,hw293,206,FAIL
2026-08-11T04:31:47Z,hw293,207,FAIL
2026-08-11T04:31:47Z,hw293,208,FAIL
2026-08-11T04:31:47Z,hw293,209,PASS
2026-08-11T04:31:47Z,hw293,21,PASS
2026-08-11T04:31:47Z,hw293,210,PASS
2026-08-11T04:31:47Z,hw293,211,PASS
2026-08-11T04:31:47Z,hw293,212,PASS
2026-08-11T04:31:47Z,hw293,213,FAIL
2026-08-11T04:31:47Z,hw293,214,PASS
2026-08-11T04:31:47Z,hw293,215,PASS
2026-08-11T04:31:47Z,hw293,216,PASS
2026-08-11T04:31:47Z,hw293,217,PASS
2026-08-11T04:31:47Z,hw293,218,FAIL
2026-08-11T04:31:47Z,hw293,219,FAIL
2026-08-11T04:31:47Z,hw293,22,PASS
2026-08-11T04:31:47Z,hw293,220,FAIL
2026-08-11T04:31:47Z,hw293,221,FAIL
2026-08-11T04:31:47Z,hw293,222,FAIL
2026-08-11T04:31:47Z,hw293,223,FAIL
2026-08-11T04:31:47Z,hw293,224,PASS
2026-08-11T04:31:47Z,hw293,225,PASS
2026-08-11T04:31:47Z,hw293,226,PASS
2026-08-11T04:31:47Z,hw293,227,FAIL
2026-08-11T04:31:47Z,hw293,228,FAIL
2026-08-11T04:31:47Z,hw293,229,PASS
2026-08-11T04:31:47Z,hw293,23,PASS
2026-08-11T04:31:47Z,hw293,230,PASS
2026-08-11T04:31:47Z,hw293,231,PASS
2026-08-11T04:31:47Z,hw293,232,FAIL
2026-08-11T04:31:47Z,hw293,233,PASS
2026-08-11T04:31:47Z,hw293,234,FAIL
2026-08-11T04:31:47Z,hw293,235,FAIL
2026-08-11T04:31:47Z,hw293,236,FAIL
2026-08-11T04:31:47Z,hw293,237,FAIL
2026-08-11T04:31:47Z,hw293,238,PASS
2026-08-11T04:31:47Z,hw293,239,FAIL
2026-08-11T04:31:47Z,hw293,24,PASS
2026-08-11T04:31:47Z,hw293,240,PASS
2026-08-11T04:31:47Z,hw293,241,FAIL
2026-08-11T04:31:47Z,hw293,242,PASS
2026-08-11T04:31:47Z,hw293,243,PASS
2026-08-11T04:31:47Z,hw293,25,FAIL
2026-08-11T04:31:47Z,hw293,26,PASS
2026-08-11T04:31:47Z,hw293,27,PASS
2026-08-11T04:31:47Z,hw293,28,PASS
2026-08-11T04:31:47Z,hw293,29,FAIL
2026-08-11T04:31:47Z,hw293,3,PASS
2026-08-11T04:31:47Z,hw293,30,FAIL
2026-08-11T04:31:47Z,hw293,31,FAIL
2026-08-11T04:31:47Z,hw293,32,FAIL
2026-08-11T04:31:47Z,hw293,33,FAIL
2026-08-11T04:31:47Z,hw293,34,FAIL
2026-08-11T04:31:47Z,hw293,35,FAIL
2026-08-11T04:31:47Z,hw293,36,FAIL
2026-08-11T04:31:47Z,hw293,37,FAIL
2026-08-11T04:31:47Z,hw293,38,FAIL
2026-08-11T04:31:47Z,hw293,39,FAIL
2026-08-11T04:31:47Z,hw293,4,PASS
2026-08-11T04:31:47Z,hw293,40,PASS
2026-08-11T04:31:47Z,hw293,41,PASS
2026-08-11T04:31:47Z,hw293,42,PASS
2026-08-11T04:31:47Z,hw293,43,PASS
2026-08-11T04:31:47Z,hw293,44,PASS
2026-08-11T04:31:47Z,hw293,45,PASS
2026-08-11T04:31:47Z,hw293,46,PASS
2026-08-11T04:31:47Z,hw293,47,PASS
2026-08-11T04:31:47Z,hw293,48,PASS
2026-08-11T04:31:47Z,hw293,49,PASS
2026-08-11T04:31:47Z,hw293,5,PASS
2026-08-11T04:31:47Z,hw293,50,PASS
2026-08-11T04:31:47Z,hw293,51,FAIL
2026-08-11T04:31:47Z,hw293,52,FAIL
2026-08-11T04:31:47Z,hw293,53,PASS
2026-08-11T04:31:47Z,hw293,54,PASS
2026-08-11T04:31:47Z,hw293,55,FAIL
2026-08-11T04:31:47Z,hw293,56,FAIL
2026-08-11T04:31:47Z,hw293,57,FAIL
2026-08-11T04:31:47Z,hw293,58,PASS
2026-08-11T04:31:47Z,hw293,59,PASS
2026-08-11T04:31:47Z,hw293,6,PASS
2026-08-11T04:31:47Z,hw293,60,FAIL
2026-08-11T04:31:47Z,hw293,61,PASS
2026-08-11T04:31:47Z,hw293,62,FAIL
2026-08-11T04:31:47Z,hw293,63,PASS
2026-08-11T04:31:47Z,hw293,64,FAIL
2026-08-11T04:31:47Z,hw293,65,FAIL
2026-08-11T04:31:47Z,hw293,66,FAIL
2026-08-11T04:31:47Z,hw293,67,FAIL
2026-08-11T04:31:47Z,hw293,68,PASS
2026-08-11T04:31:47Z,hw293,69,FAIL
2026-08-11T04:31:47Z,hw293,7,FAIL
2026-08-11T04:31:47Z,hw293,70,FAIL
2026-08-11T04:31:47Z,hw293,71,FAIL
2026-08-11T04:31:47Z,hw293,72,PASS
2026-08-11T04:31:47Z,hw293,73,PASS
2026-08-11T04:31:47Z,hw293,74,PASS
2026-08-11T04:31:47Z,hw293,75,PASS
2026-08-11T04:31:47Z,hw293,76,PASS
2026-08-11T04:31:47Z,hw293,77,PASS
2026-08-11T04:31:47Z,hw293,78,PASS
2026-08-11T04:31:47Z,hw293,79,PASS
2026-08-11T04:31:47Z,hw293,8,FAIL
2026-08-11T04:31:47Z,hw293,80,PASS
2026-08-11T04:31:47Z,hw293,81,PASS
2026-08-11T04:31:47Z,hw293,82,PASS
2026-08-11T04:31:47Z,hw293,83,PASS
2026-08-11T04:31:47Z,hw293,84,PASS
2026-08-11T04:31:47Z,hw293,85,PASS
2026-08-11T04:31:47Z,hw293,86,PASS
2026-08-11T04:31:47Z,hw293,87,FAIL
2026-08-11T04:31:47Z,hw293,88,PASS
2026-08-11T04:31:47Z,hw293,89,PASS
2026-08-11T04:31:47Z,hw293,9,PASS
2026-08-11T04:31:47Z,hw293,90,FAIL
2026-08-11T04:31:47Z,hw293,91,PASS
2026-08-11T04:31:47Z,hw293,92,PASS
2026-08-11T04:31:47Z,hw293,93,PASS
2026-08-11T04:31:47Z,hw293,94,PASS
2026-08-11T04:31:47Z,hw293,95,FAIL
2026-08-11T04:31:47Z,hw293,96,PASS
2026-08-11T04:31:47Z,hw293,97,PASS
2026-08-11T04:31:47Z,hw293,98,PASS
2026-08-11T04:31:47Z,hw293,99,PASS
2026-08-11T04:31:47Z,hw293,G1,FAIL
2026-08-11T04:31:47Z,hw293,G10,PASS
2026-08-11T04:31:47Z,hw293,G11,FAIL
2026-08-11T04:31:47Z,hw293,G12,PASS
2026-08-11T04:31:47Z,hw293,G2,FAIL
2026-08-11T04:31:47Z,hw293,G3,FAIL
2026-08-11T04:31:47Z,hw293,G4,PASS
2026-08-11T04:31:47Z,hw293,G5,PASS
2026-08-11T04:31:47Z,hw293,G6,PASS
2026-08-11T04:31:47Z,hw293,G7,FAIL
2026-08-11T04:31:47Z,hw293,G8,FAIL
2026-08-11T04:31:47Z,hw293,G9,FAIL
2026-08-11T04:31:47Z,hw293,M1,PASS
2026-08-11T04:31:47Z,hw293,M2,PASS
2026-08-11T04:31:47Z,hw293,M3,PASS
2026-08-11T04:31:47Z,hw293,M4,PASS
2026-08-11T04:31:47Z,hw293,R1,PASS
2026-08-11T04:31:47Z,hw293,R10,PASS
2026-08-11T04:31:47Z,hw293,R11,PASS
2026-08-11T04:31:47Z,hw293,R12,FAIL
2026-08-11T04:31:47Z,hw293,R13,FAIL
2026-08-11T04:31:47Z,hw293,R14,PASS
2026-08-11T04:31:47Z,hw293,R15,PASS
2026-08-11T04:31:47Z,hw293,R16,FAIL
2026-08-11T04:31:47Z,hw293,R17,PASS
2026-08-11T04:31:47Z,hw293,R18,PASS
2026-08-11T04:31:47Z,hw293,R19,FAIL
2026-08-11T04:31:47Z,hw293,R2,PASS
2026-08-11T04:31:47Z,hw293,R20,PASS
2026-08-11T04:31:47Z,hw293,R21,PASS
2026-08-11T04:31:47Z,hw293,R22,PASS
2026-08-11T04:31:47Z,hw293,R3,PASS
2026-08-11T04:31:47Z,hw293,R4,PASS
2026-08-11T04:31:47Z,hw293,R5,PASS
2026-08-11T04:31:47Z,hw293,R6,PASS
2026-08-11T04:31:47Z,hw293,R7,PASS
2026-08-11T04:31:47Z,hw293,R8,PASS
2026-08-11T04:31:47Z,hw293,R9,PASS
2026-08-11T04:31:47Z,hw293,W1,FAIL
2026-08-11T04:31:47Z,hw293,W2,FAIL
2026-08-11T04:31:47Z,hw293,W3,NOTRUN
2026-08-11T04:31:47Z,hw293,W4,PASS
2026-08-11T04:31:47Z,hw293,W5,FAIL
2026-08-11T06:30:11Z,hw293,1,PASS
2026-08-11T06:30:11Z,hw293,10,PASS
2026-08-11T06:30:11Z,hw293,100,PASS
2026-08-11T06:30:11Z,hw293,101,FAIL
2026-08-11T06:30:11Z,hw293,102,PASS
2026-08-11T06:30:11Z,hw293,103,PASS
2026-08-11T06:30:11Z,hw293,104,PASS
2026-08-11T06:30:11Z,hw293,105,PASS
2026-08-11T06:30:11Z,hw293,106,PASS
2026-08-11T06:30:11Z,hw293,107,PASS
2026-08-11T06:30:11Z,hw293,108,PASS
2026-08-11T06:30:11Z,hw293,109,FAIL
2026-08-11T06:30:11Z,hw293,11,PASS
2026-08-11T06:30:11Z,hw293,110,NOTRUN
2026-08-11T06:30:11Z,hw293,111,FAIL
2026-08-11T06:30:11Z,hw293,112,NOTRUN
2026-08-11T06:30:11Z,hw293,113,NOTRUN
2026-08-11T06:30:11Z,hw293,114,NOTRUN
2026-08-11T06:30:11Z,hw293,115,FAIL
2026-08-11T06:30:11Z,hw293,116,PASS
2026-08-11T06:30:11Z,hw293,117,PASS
2026-08-11T06:30:11Z,hw293,118,PASS
2026-08-11T06:30:11Z,hw293,119,PASS
2026-08-11T06:30:11Z,hw293,12,PASS
2026-08-11T06:30:11Z,hw293,120,PASS
2026-08-11T06:30:11Z,hw293,121,PASS
2026-08-11T06:30:11Z,hw293,122,PASS
2026-08-11T06:30:11Z,hw293,123,PASS
2026-08-11T06:30:11Z,hw293,124,PASS
2026-08-11T06:30:11Z,hw293,125,PASS
2026-08-11T06:30:11Z,hw293,126,PASS
2026-08-11T06:30:11Z,hw293,127,PASS
2026-08-11T06:30:11Z,hw293,128,PASS
2026-08-11T06:30:11Z,hw293,129,PASS
2026-08-11T06:30:11Z,hw293,13,PASS
2026-08-11T06:30:11Z,hw293,130,PASS
2026-08-11T06:30:11Z,hw293,131,PASS
2026-08-11T06:30:11Z,hw293,132,PASS
2026-08-11T06:30:11Z,hw293,133,PASS
2026-08-11T06:30:11Z,hw293,134,PASS
2026-08-11T06:30:11Z,hw293,135,PASS
2026-08-11T06:30:11Z,hw293,136,PASS
2026-08-11T06:30:11Z,hw293,137,PASS
2026-08-11T06:30:11Z,hw293,138,PASS
2026-08-11T06:30:11Z,hw293,139,PASS
2026-08-11T06:30:11Z,hw293,14,PASS
2026-08-11T06:30:11Z,hw293,140,PASS
2026-08-11T06:30:11Z,hw293,141,PASS
2026-08-11T06:30:11Z,hw293,142,PASS
2026-08-11T06:30:11Z,hw293,143,PASS
2026-08-11T06:30:11Z,hw293,144,PASS
2026-08-11T06:30:11Z,hw293,145,PASS
2026-08-11T06:30:11Z,hw293,146,PASS
2026-08-11T06:30:11Z,hw293,147,PASS
2026-08-11T06:30:11Z,hw293,148,PASS
2026-08-11T06:30:11Z,hw293,149,PASS
2026-08-11T06:30:11Z,hw293,15,FAIL
2026-08-11T06:30:11Z,hw293,150,PASS
2026-08-11T06:30:11Z,hw293,151,PASS
2026-08-11T06:30:11Z,hw293,152,PASS
2026-08-11T06:30:11Z,hw293,153,PASS
2026-08-11T06:30:11Z,hw293,154,PASS
2026-08-11T06:30:11Z,hw293,155,PASS
2026-08-11T06:30:11Z,hw293,156,PASS
2026-08-11T06:30:11Z,hw293,157,PASS
2026-08-11T06:30:11Z,hw293,158,PASS
2026-08-11T06:30:11Z,hw293,159,PASS
2026-08-11T06:30:11Z,hw293,16,FAIL
2026-08-11T06:30:11Z,hw293,160,PASS
2026-08-11T06:30:11Z,hw293,161,PASS
2026-08-11T06:30:11Z,hw293,162,FAIL
2026-08-11T06:30:11Z,hw293,163,PASS
2026-08-11T06:30:11Z,hw293,164,PASS
2026-08-11T06:30:11Z,hw293,165,PASS
2026-08-11T06:30:11Z,hw293,166,FAIL
2026-08-11T06:30:11Z,hw293,167,PASS
2026-08-11T06:30:11Z,hw293,168,PASS
2026-08-11T06:30:11Z,hw293,169,PASS
2026-08-11T06:30:11Z,hw293,17,PASS
2026-08-11T06:30:11Z,hw293,170,PASS
2026-08-11T06:30:11Z,hw293,171,PASS
2026-08-11T06:30:11Z,hw293,172,FAIL
2026-08-11T06:30:11Z,hw293,173,PASS
2026-08-11T06:30:11Z,hw293,174,PASS
2026-08-11T06:30:11Z,hw293,175,PASS
2026-08-11T06:30:11Z,hw293,176,FAIL
2026-08-11T06:30:11Z,hw293,177,PASS
2026-08-11T06:30:11Z,hw293,178,PASS
2026-08-11T06:30:11Z,hw293,179,PASS
2026-08-11T06:30:11Z,hw293,18,PASS
2026-08-11T06:30:11Z,hw293,180,PASS
2026-08-11T06:30:11Z,hw293,181,PASS
2026-08-11T06:30:11Z,hw293,182,PASS
2026-08-11T06:30:11Z,hw293,183,PASS
2026-08-11T06:30:11Z,hw293,184,PASS
2026-08-11T06:30:11Z,hw293,185,PASS
2026-08-11T06:30:11Z,hw293,186,PASS
2026-08-11T06:30:11Z,hw293,187,FAIL
2026-08-11T06:30:11Z,hw293,188,FAIL
2026-08-11T06:30:11Z,hw293,189,FAIL
2026-08-11T06:30:11Z,hw293,19,FAIL
2026-08-11T06:30:11Z,hw293,190,PASS
2026-08-11T06:30:11Z,hw293,191,PASS
2026-08-11T06:30:11Z,hw293,192,PASS
2026-08-11T06:30:11Z,hw293,193,PASS
2026-08-11T06:30:11Z,hw293,194,PASS
2026-08-11T06:30:11Z,hw293,195,PASS
2026-08-11T06:30:11Z,hw293,196,PASS
2026-08-11T06:30:11Z,hw293,197,FAIL
2026-08-11T06:30:11Z,hw293,198,PASS
2026-08-11T06:30:11Z,hw293,199,PASS
2026-08-11T06:30:11Z,hw293,2,PASS
2026-08-11T06:30:11Z,hw293,20,PASS
2026-08-11T06:30:11Z,hw293,200,PASS
2026-08-11T06:30:11Z,hw293,201,PASS
2026-08-11T06:30:11Z,hw293,202,PASS
2026-08-11T06:30:11Z,hw293,203,PASS
2026-08-11T06:30:11Z,hw293,204,PASS
2026-08-11T06:30:11Z,hw293,205,PASS
2026-08-11T06:30:11Z,hw293,206,FAIL
2026-08-11T06:30:11Z,hw293,207,FAIL
2026-08-11T06:30:11Z,hw293,208,FAIL
2026-08-11T06:30:11Z,hw293,209,PASS
2026-08-11T06:30:11Z,hw293,21,PASS
2026-08-11T06:30:11Z,hw293,210,PASS
2026-08-11T06:30:11Z,hw293,211,PASS
2026-08-11T06:30:11Z,hw293,212,PASS
2026-08-11T06:30:11Z,hw293,213,FAIL
2026-08-11T06:30:11Z,hw293,214,PASS
2026-08-11T06:30:11Z,hw293,215,PASS
2026-08-11T06:30:11Z,hw293,216,PASS
2026-08-11T06:30:11Z,hw293,217,PASS
2026-08-11T06:30:11Z,hw293,218,FAIL
2026-08-11T06:30:11Z,hw293,219,FAIL
2026-08-11T06:30:11Z,hw293,22,PASS
2026-08-11T06:30:11Z,hw293,220,FAIL
2026-08-11T06:30:11Z,hw293,221,FAIL
2026-08-11T06:30:11Z,hw293,222,FAIL
2026-08-11T06:30:11Z,hw293,223,FAIL
2026-08-11T06:30:11Z,hw293,224,PASS
2026-08-11T06:30:11Z,hw293,225,PASS
2026-08-11T06:30:11Z,hw293,226,PASS
2026-08-11T06:30:11Z,hw293,227,FAIL
2026-08-11T06:30:11Z,hw293,228,FAIL
2026-08-11T06:30:11Z,hw293,229,PASS
2026-08-11T06:30:11Z,hw293,23,PASS
2026-08-11T06:30:11Z,hw293,230,PASS
2026-08-11T06:30:11Z,hw293,231,PASS
2026-08-11T06:30:11Z,hw293,232,FAIL
2026-08-11T06:30:11Z,hw293,233,PASS
2026-08-11T06:30:11Z,hw293,234,FAIL
2026-08-11T06:30:11Z,hw293,235,FAIL
2026-08-11T06:30:11Z,hw293,236,FAIL
2026-08-11T06:30:11Z,hw293,237,FAIL
2026-08-11T06:30:11Z,hw293,238,PASS
2026-08-11T06:30:11Z,hw293,239,FAIL
2026-08-11T06:30:11Z,hw293,24,PASS
2026-08-11T06:30:11Z,hw293,240,PASS
2026-08-11T06:30:11Z,hw293,241,FAIL
2026-08-11T06:30:11Z,hw293,242,PASS
2026-08-11T06:30:11Z,hw293,243,PASS
2026-08-11T06:30:11Z,hw293,25,FAIL
2026-08-11T06:30:11Z,hw293,26,PASS
2026-08-11T06:30:11Z,hw293,27,PASS
2026-08-11T06:30:11Z,hw293,28,PASS
2026-08-11T06:30:11Z,hw293,29,FAIL
2026-08-11T06:30:11Z,hw293,3,PASS
2026-08-11T06:30:11Z,hw293,30,FAIL
2026-08-11T06:30:11Z,hw293,31,FAIL
2026-08-11T06:30:11Z,hw293,32,FAIL
2026-08-11T06:30:11Z,hw293,33,FAIL
2026-08-11T06:30:11Z,hw293,34,FAIL
2026-08-11T06:30:11Z,hw293,35,FAIL
2026-08-11T06:30:11Z,hw293,36,FAIL
2026-08-11T06:30:11Z,hw293,37,FAIL
2026-08-11T06:30:11Z,hw293,38,FAIL
2026-08-11T06:30:11Z,hw293,39,FAIL
2026-08-11T06:30:11Z,hw293,4,PASS
2026-08-11T06:30:11Z,hw293,40,PASS
2026-08-11T06:30:11Z,hw293,41,PASS
2026-08-11T06:30:11Z,hw293,42,PASS
2026-08-11T06:30:11Z,hw293,43,PASS
2026-08-11T06:30:11Z,hw293,44,PASS
2026-08-11T06:30:11Z,hw293,45,PASS
2026-08-11T06:30:11Z,hw293,46,PASS
2026-08-11T06:30:11Z,hw293,47,PASS
2026-08-11T06:30:11Z,hw293,48,PASS
2026-08-11T06:30:11Z,hw293,49,PASS
2026-08-11T06:30:11Z,hw293,5,PASS
2026-08-11T06:30:11Z,hw293,50,PASS
2026-08-11T06:30:11Z,hw293,51,FAIL
2026-08-11T06:30:11Z,hw293,52,FAIL
2026-08-11T06:30:11Z,hw293,53,PASS
2026-08-11T06:30:11Z,hw293,54,PASS
2026-08-11T06:30:11Z,hw293,55,FAIL
2026-08-11T06:30:11Z,hw293,56,FAIL
2026-08-11T06:30:11Z,hw293,57,FAIL
2026-08-11T06:30:11Z,hw293,58,PASS
2026-08-11T06:30:11Z,hw293,59,PASS
2026-08-11T06:30:11Z,hw293,6,PASS
2026-08-11T06:30:11Z,hw293,60,FAIL
2026-08-11T06:30:11Z,hw293,61,PASS
2026-08-11T06:30:11Z,hw293,62,FAIL
2026-08-11T06:30:11Z,hw293,63,PASS
2026-08-11T06:30:11Z,hw293,64,FAIL
2026-08-11T06:30:11Z,hw293,65,FAIL
2026-08-11T06:30:11Z,hw293,66,FAIL
2026-08-11T06:30:11Z,hw293,67,FAIL
2026-08-11T06:30:11Z,hw293,68,PASS
2026-08-11T06:30:11Z,hw293,69,FAIL
2026-08-11T06:30:11Z,hw293,7,FAIL
2026-08-11T06:30:11Z,hw293,70,FAIL
2026-08-11T06:30:11Z,hw293,71,FAIL
2026-08-11T06:30:11Z,hw293,72,PASS
2026-08-11T06:30:11Z,hw293,73,PASS
2026-08-11T06:30:11Z,hw293,74,PASS
2026-08-11T06:30:11Z,hw293,75,PASS
2026-08-11T06:30:11Z,hw293,76,PASS
2026-08-11T06:30:11Z,hw293,77,PASS
2026-08-11T06:30:11Z,hw293,78,PASS
2026-08-11T06:30:11Z,hw293,79,PASS
2026-08-11T06:30:11Z,hw293,8,FAIL
2026-08-11T06:30:11Z,hw293,80,PASS
2026-08-11T06:30:11Z,hw293,81,PASS
2026-08-11T06:30:11Z,hw293,82,PASS
2026-08-11T06:30:11Z,hw293,83,PASS
2026-08-11T06:30:11Z,hw293,84,PASS
2026-08-11T06:30:11Z,hw293,85,PASS
2026-08-11T06:30:11Z,hw293,86,PASS
2026-08-11T06:30:11Z,hw293,87,FAIL
2026-08-11T06:30:11Z,hw293,88,PASS
2026-08-11T06:30:11Z,hw293,89,PASS
2026-08-11T06:30:11Z,hw293,9,PASS
2026-08-11T06:30:11Z,hw293,90,FAIL
2026-08-11T06:30:11Z,hw293,91,PASS
2026-08-11T06:30:11Z,hw293,92,PASS
2026-08-11T06:30:11Z,hw293,93,PASS
2026-08-11T06:30:11Z,hw293,94,PASS
2026-08-11T06:30:11Z,hw293,95,FAIL
2026-08-11T06:30:11Z,hw293,96,PASS
2026-08-11T06:30:11Z,hw293,97,PASS
2026-08-11T06:30:11Z,hw293,98,PASS
2026-08-11T06:30:11Z,hw293,99,PASS
2026-08-11T06:30:11Z,hw293,G1,FAIL
2026-08-11T06:30:11Z,hw293,G10,PASS
2026-08-11T06:30:11Z,hw293,G11,FAIL
2026-08-11T06:30:11Z,hw293,G12,PASS
2026-08-11T06:30:11Z,hw293,G2,FAIL
2026-08-11T06:30:11Z,hw293,G3,FAIL
2026-08-11T06:30:11Z,hw293,G4,PASS
2026-08-11T06:30:11Z,hw293,G5,PASS
2026-08-11T06:30:11Z,hw293,G6,PASS
2026-08-11T06:30:11Z,hw293,G7,FAIL
2026-08-11T06:30:11Z,hw293,G8,FAIL
2026-08-11T06:30:11Z,hw293,G9,FAIL
2026-08-11T06:30:11Z,hw293,M1,PASS
2026-08-11T06:30:11Z,hw293,M2,PASS
2026-08-11T06:30:11Z,hw293,M3,PASS
2026-08-11T06:30:11Z,hw293,M4,PASS
2026-08-11T06:30:11Z,hw293,R1,PASS
2026-08-11T06:30:11Z,hw293,R10,PASS
2026-08-11T06:30:11Z,hw293,R11,PASS
2026-08-11T06:30:11Z,hw293,R12,FAIL
2026-08-11T06:30:11Z,hw293,R13,FAIL
2026-08-11T06:30:11Z,hw293,R14,PASS
2026-08-11T06:30:11Z,hw293,R15,PASS
2026-08-11T06:30:11Z,hw293,R16,FAIL
2026-08-11T06:30:11Z,hw293,R17,PASS
2026-08-11T06:30:11Z,hw293,R18,PASS
2026-08-11T06:30:11Z,hw293,R19,FAIL
2026-08-11T06:30:11Z,hw293,R2,PASS
2026-08-11T06:30:11Z,hw293,R20,PASS
2026-08-11T06:30:11Z,hw293,R21,PASS
2026-08-11T06:30:11Z,hw293,R22,PASS
2026-08-11T06:30:11Z,hw293,R3,PASS
2026-08-11T06:30:11Z,hw293,R4,PASS
2026-08-11T06:30:11Z,hw293,R5,PASS
2026-08-11T06:30:11Z,hw293,R6,PASS
2026-08-11T06:30:11Z,hw293,R7,PASS
2026-08-11T06:30:11Z,hw293,R8,PASS
2026-08-11T06:30:11Z,hw293,R9,PASS
2026-08-11T06:30:11Z,hw293,W1,FAIL
2026-08-11T06:30:11Z,hw293,W2,FAIL
2026-08-11T06:30:11Z,hw293,W3,NOTRUN
2026-08-11T06:30:11Z,hw293,W4,PASS
2026-08-11T06:30:11Z,hw293,W5,FAIL
2026-08-11T10:11:14Z,hw294,1,NOTRUN
2026-08-11T10:11:14Z,hw294,10,NOTRUN
2026-08-11T10:11:14Z,hw294,100,NOTRUN
2026-08-11T10:11:14Z,hw294,101,FAIL
2026-08-11T10:11:14Z,hw294,102,NOTRUN
2026-08-11T10:11:14Z,hw294,103,NOTRUN
2026-08-11T10:11:14Z,hw294,104,NOTRUN
2026-08-11T10:11:14Z,hw294,105,NOTRUN
2026-08-11T10:11:14Z,hw294,106,NOTRUN
2026-08-11T10:11:14Z,hw294,107,NOTRUN
2026-08-11T10:11:14Z,hw294,108,NOTRUN
2026-08-11T10:11:14Z,hw294,109,FAIL
2026-08-11T10:11:14Z,hw294,11,NOTRUN
2026-08-11T10:11:14Z,hw294,110,NOTRUN
2026-08-11T10:11:14Z,hw294,111,FAIL
2026-08-11T10:11:14Z,hw294,112,NOTRUN
2026-08-11T10:11:14Z,hw294,113,NOTRUN
2026-08-11T10:11:14Z,hw294,114,NOTRUN
2026-08-11T10:11:14Z,hw294,115,FAIL
2026-08-11T10:11:14Z,hw294,116,NOTRUN
2026-08-11T10:11:14Z,hw294,117,NOTRUN
2026-08-11T10:11:14Z,hw294,118,NOTRUN
2026-08-11T10:11:14Z,hw294,119,NOTRUN
2026-08-11T10:11:14Z,hw294,12,NOTRUN
2026-08-11T10:11:14Z,hw294,120,NOTRUN
2026-08-11T10:11:14Z,hw294,121,NOTRUN
2026-08-11T10:11:14Z,hw294,122,NOTRUN
2026-08-11T10:11:14Z,hw294,123,NOTRUN
2026-08-11T10:11:14Z,hw294,124,NOTRUN
2026-08-11T10:11:14Z,hw294,125,NOTRUN
2026-08-11T10:11:14Z,hw294,126,NOTRUN
2026-08-11T10:11:14Z,hw294,127,NOTRUN
2026-08-11T10:11:14Z,hw294,128,NOTRUN
2026-08-11T10:11:14Z,hw294,129,NOTRUN
2026-08-11T10:11:14Z,hw294,13,NOTRUN
2026-08-11T10:11:14Z,hw294,130,NOTRUN
2026-08-11T10:11:14Z,hw294,131,NOTRUN
2026-08-11T10:11:14Z,hw294,132,NOTRUN
2026-08-11T10:11:14Z,hw294,133,NOTRUN
2026-08-11T10:11:14Z,hw294,134,NOTRUN
2026-08-11T10:11:14Z,hw294,135,NOTRUN
2026-08-11T10:11:14Z,hw294,136,NOTRUN
2026-08-11T10:11:14Z,hw294,137,NOTRUN
2026-08-11T10:11:14Z,hw294,138,NOTRUN
2026-08-11T10:11:14Z,hw294,139,NOTRUN
2026-08-11T10:11:14Z,hw294,14,NOTRUN
2026-08-11T10:11:14Z,hw294,140,NOTRUN
2026-08-11T10:11:14Z,hw294,141,NOTRUN
2026-08-11T10:11:14Z,hw294,142,NOTRUN
2026-08-11T10:11:14Z,hw294,143,NOTRUN
2026-08-11T10:11:14Z,hw294,144,NOTRUN
2026-08-11T10:11:14Z,hw294,145,NOTRUN
2026-08-11T10:11:14Z,hw294,146,NOTRUN
2026-08-11T10:11:14Z,hw294,147,NOTRUN
2026-08-11T10:11:14Z,hw294,148,NOTRUN
2026-08-11T10:11:14Z,hw294,149,NOTRUN
2026-08-11T10:11:14Z,hw294,15,NOTRUN
2026-08-11T10:11:14Z,hw294,150,NOTRUN
2026-08-11T10:11:14Z,hw294,151,NOTRUN
2026-08-11T10:11:14Z,hw294,152,NOTRUN
2026-08-11T10:11:14Z,hw294,153,NOTRUN
2026-08-11T10:11:14Z,hw294,154,NOTRUN
2026-08-11T10:11:14Z,hw294,155,NOTRUN
2026-08-11T10:11:14Z,hw294,156,NOTRUN
2026-08-11T10:11:14Z,hw294,157,NOTRUN
2026-08-11T10:11:14Z,hw294,158,NOTRUN
2026-08-11T10:11:14Z,hw294,159,NOTRUN
2026-08-11T10:11:14Z,hw294,16,FAIL
2026-08-11T10:11:14Z,hw294,160,NOTRUN
2026-08-11T10:11:14Z,hw294,161,NOTRUN
2026-08-11T10:11:14Z,hw294,162,FAIL
2026-08-11T10:11:14Z,hw294,163,NOTRUN
2026-08-11T10:11:14Z,hw294,164,NOTRUN
2026-08-11T10:11:14Z,hw294,165,NOTRUN
2026-08-11T10:11:14Z,hw294,166,FAIL
2026-08-11T10:11:14Z,hw294,167,NOTRUN
2026-08-11T10:11:14Z,hw294,168,NOTRUN
2026-08-11T10:11:14Z,hw294,169,NOTRUN
2026-08-11T10:11:14Z,hw294,17,NOTRUN
2026-08-11T10:11:14Z,hw294,170,NOTRUN
2026-08-11T10:11:14Z,hw294,171,NOTRUN
2026-08-11T10:11:14Z,hw294,172,FAIL
2026-08-11T10:11:14Z,hw294,173,NOTRUN
2026-08-11T10:11:14Z,hw294,174,NOTRUN
2026-08-11T10:11:14Z,hw294,175,NOTRUN
2026-08-11T10:11:14Z,hw294,176,FAIL
2026-08-11T10:11:14Z,hw294,177,NOTRUN
2026-08-11T10:11:14Z,hw294,178,NOTRUN
2026-08-11T10:11:14Z,hw294,179,NOTRUN
2026-08-11T10:11:14Z,hw294,18,NOTRUN
2026-08-11T10:11:14Z,hw294,180,NOTRUN
2026-08-11T10:11:14Z,hw294,181,NOTRUN
2026-08-11T10:11:14Z,hw294,182,NOTRUN
2026-08-11T10:11:14Z,hw294,183,NOTRUN
2026-08-11T10:11:14Z,hw294,184,PASS
2026-08-11T10:11:14Z,hw294,185,PASS
2026-08-11T10:11:14Z,hw294,186,NOTRUN
2026-08-11T10:11:14Z,hw294,187,FAIL
2026-08-11T10:11:14Z,hw294,188,FAIL
2026-08-11T10:11:14Z,hw294,189,FAIL
2026-08-11T10:11:14Z,hw294,19,FAIL
2026-08-11T10:11:14Z,hw294,190,NOTRUN
2026-08-11T10:11:14Z,hw294,191,NOTRUN
2026-08-11T10:11:14Z,hw294,192,NOTRUN
2026-08-11T10:11:14Z,hw294,193,NOTRUN
2026-08-11T10:11:14Z,hw294,194,NOTRUN
2026-08-11T10:11:14Z,hw294,195,NOTRUN
2026-08-11T10:11:14Z,hw294,196,NOTRUN
2026-08-11T10:11:14Z,hw294,197,FAIL
2026-08-11T10:11:14Z,hw294,198,NOTRUN
2026-08-11T10:11:14Z,hw294,199,NOTRUN
2026-08-11T10:11:14Z,hw294,2,NOTRUN
2026-08-11T10:11:14Z,hw294,20,NOTRUN
2026-08-11T10:11:14Z,hw294,200,NOTRUN
2026-08-11T10:11:14Z,hw294,201,NOTRUN
2026-08-11T10:11:14Z,hw294,202,NOTRUN
2026-08-11T10:11:14Z,hw294,203,NOTRUN
2026-08-11T10:11:14Z,hw294,204,NOTRUN
2026-08-11T10:11:14Z,hw294,205,NOTRUN
2026-08-11T10:11:14Z,hw294,206,FAIL
2026-08-11T10:11:14Z,hw294,207,FAIL
2026-08-11T10:11:14Z,hw294,208,FAIL
2026-08-11T10:11:14Z,hw294,209,PASS
2026-08-11T10:11:14Z,hw294,21,NOTRUN
2026-08-11T10:11:14Z,hw294,210,PASS
2026-08-11T10:11:14Z,hw294,211,NOTRUN
2026-08-11T10:11:14Z,hw294,212,NOTRUN
2026-08-11T10:11:14Z,hw294,213,FAIL
2026-08-11T10:11:14Z,hw294,214,NOTRUN
2026-08-11T10:11:14Z,hw294,215,NOTRUN
2026-08-11T10:11:14Z,hw294,216,NOTRUN
2026-08-11T10:11:14Z,hw294,217,NOTRUN
2026-08-11T10:11:14Z,hw294,218,FAIL
2026-08-11T10:11:14Z,hw294,219,FAIL
2026-08-11T10:11:14Z,hw294,22,NOTRUN
2026-08-11T10:11:14Z,hw294,220,FAIL
2026-08-11T10:11:14Z,hw294,221,FAIL
2026-08-11T10:11:14Z,hw294,222,FAIL
2026-08-11T10:11:14Z,hw294,223,FAIL
2026-08-11T10:11:14Z,hw294,224,NOTRUN
2026-08-11T10:11:14Z,hw294,225,NOTRUN
2026-08-11T10:11:14Z,hw294,226,NOTRUN
2026-08-11T10:11:14Z,hw294,227,FAIL
2026-08-11T10:11:14Z,hw294,228,FAIL
2026-08-11T10:11:14Z,hw294,229,FAIL
2026-08-11T10:11:14Z,hw294,23,NOTRUN
2026-08-11T10:11:14Z,hw294,230,NOTRUN
2026-08-11T10:11:14Z,hw294,231,PASS
2026-08-11T10:11:14Z,hw294,232,FAIL
2026-08-11T10:11:14Z,hw294,233,NOTRUN
2026-08-11T10:11:14Z,hw294,234,FAIL
2026-08-11T10:11:14Z,hw294,235,FAIL
2026-08-11T10:11:14Z,hw294,236,FAIL
2026-08-11T10:11:14Z,hw294,237,FAIL
2026-08-11T10:11:14Z,hw294,238,NOTRUN
2026-08-11T10:11:14Z,hw294,239,FAIL
2026-08-11T10:11:14Z,hw294,24,NOTRUN
2026-08-11T10:11:14Z,hw294,240,PASS
2026-08-11T10:11:14Z,hw294,241,FAIL
2026-08-11T10:11:14Z,hw294,242,NOTRUN
2026-08-11T10:11:14Z,hw294,243,PASS
2026-08-11T10:11:14Z,hw294,25,FAIL
2026-08-11T10:11:14Z,hw294,26,NOTRUN
2026-08-11T10:11:14Z,hw294,27,NOTRUN
2026-08-11T10:11:14Z,hw294,28,NOTRUN
2026-08-11T10:11:14Z,hw294,29,FAIL
2026-08-11T10:11:14Z,hw294,3,NOTRUN
2026-08-11T10:11:14Z,hw294,30,FAIL
2026-08-11T10:11:14Z,hw294,31,FAIL
2026-08-11T10:11:14Z,hw294,32,FAIL
2026-08-11T10:11:14Z,hw294,33,FAIL
2026-08-11T10:11:14Z,hw294,34,FAIL
2026-08-11T10:11:14Z,hw294,35,FAIL
2026-08-11T10:11:14Z,hw294,36,FAIL
2026-08-11T10:11:14Z,hw294,37,FAIL
2026-08-11T10:11:14Z,hw294,38,FAIL
2026-08-11T10:11:14Z,hw294,39,FAIL
2026-08-11T10:11:14Z,hw294,4,NOTRUN
2026-08-11T10:11:14Z,hw294,40,NOTRUN
2026-08-11T10:11:14Z,hw294,41,NOTRUN
2026-08-11T10:11:14Z,hw294,42,NOTRUN
2026-08-11T10:11:14Z,hw294,43,NOTRUN
2026-08-11T10:11:14Z,hw294,44,NOTRUN
2026-08-11T10:11:14Z,hw294,45,NOTRUN
2026-08-11T10:11:14Z,hw294,46,NOTRUN
2026-08-11T10:11:14Z,hw294,47,NOTRUN
2026-08-11T10:11:14Z,hw294,48,NOTRUN
2026-08-11T10:11:14Z,hw294,49,NOTRUN
2026-08-11T10:11:14Z,hw294,5,NOTRUN
2026-08-11T10:11:14Z,hw294,50,NOTRUN
2026-08-11T10:11:14Z,hw294,51,FAIL
2026-08-11T10:11:14Z,hw294,52,FAIL
2026-08-11T10:11:14Z,hw294,53,NOTRUN
2026-08-11T10:11:14Z,hw294,54,NOTRUN
2026-08-11T10:11:14Z,hw294,55,FAIL
2026-08-11T10:11:14Z,hw294,56,FAIL
2026-08-11T10:11:14Z,hw294,57,FAIL
2026-08-11T10:11:14Z,hw294,58,NOTRUN
2026-08-11T10:11:14Z,hw294,59,NOTRUN
2026-08-11T10:11:14Z,hw294,6,NOTRUN
2026-08-11T10:11:14Z,hw294,60,FAIL
2026-08-11T10:11:14Z,hw294,61,NOTRUN
2026-08-11T10:11:14Z,hw294,62,FAIL
2026-08-11T10:11:14Z,hw294,63,NOTRUN
2026-08-11T10:11:14Z,hw294,64,FAIL
2026-08-11T10:11:14Z,hw294,65,FAIL
2026-08-11T10:11:14Z,hw294,66,FAIL
2026-08-11T10:11:14Z,hw294,67,FAIL
2026-08-11T10:11:14Z,hw294,68,NOTRUN
2026-08-11T10:11:14Z,hw294,69,FAIL
2026-08-11T10:11:14Z,hw294,7,NOTRUN
2026-08-11T10:11:14Z,hw294,70,FAIL
2026-08-11T10:11:14Z,hw294,71,FAIL
2026-08-11T10:11:14Z,hw294,72,NOTRUN
2026-08-11T10:11:14Z,hw294,73,NOTRUN
2026-08-11T10:11:14Z,hw294,74,NOTRUN
2026-08-11T10:11:14Z,hw294,75,NOTRUN
2026-08-11T10:11:14Z,hw294,76,NOTRUN
2026-08-11T10:11:14Z,hw294,77,NOTRUN
2026-08-11T10:11:14Z,hw294,78,NOTRUN
2026-08-11T10:11:14Z,hw294,79,NOTRUN
2026-08-11T10:11:14Z,hw294,8,NOTRUN
2026-08-11T10:11:14Z,hw294,80,NOTRUN
2026-08-11T10:11:14Z,hw294,81,NOTRUN
2026-08-11T10:11:14Z,hw294,82,NOTRUN
2026-08-11T10:11:14Z,hw294,83,NOTRUN
2026-08-11T10:11:14Z,hw294,84,NOTRUN
2026-08-11T10:11:14Z,hw294,85,NOTRUN
2026-08-11T10:11:14Z,hw294,86,NOTRUN
2026-08-11T10:11:14Z,hw294,87,FAIL
2026-08-11T10:11:14Z,hw294,88,NOTRUN
2026-08-11T10:11:14Z,hw294,89,NOTRUN
2026-08-11T10:11:14Z,hw294,9,NOTRUN
2026-08-11T10:11:14Z,hw294,90,FAIL
2026-08-11T10:11:14Z,hw294,91,NOTRUN
2026-08-11T10:11:14Z,hw294,92,NOTRUN
2026-08-11T10:11:14Z,hw294,93,NOTRUN
2026-08-11T10:11:14Z,hw294,94,NOTRUN
2026-08-11T10:11:14Z,hw294,95,FAIL
2026-08-11T10:11:14Z,hw294,96,NOTRUN
2026-08-11T10:11:14Z,hw294,97,NOTRUN
2026-08-11T10:11:14Z,hw294,98,NOTRUN
2026-08-11T10:11:14Z,hw294,99,NOTRUN
2026-08-11T10:11:14Z,hw294,G1,FAIL
2026-08-11T10:11:14Z,hw294,G10,NOTRUN
2026-08-11T10:11:14Z,hw294,G11,FAIL
2026-08-11T10:11:14Z,hw294,G12,NOTRUN
2026-08-11T10:11:14Z,hw294,G2,FAIL
2026-08-11T10:11:14Z,hw294,G3,FAIL
2026-08-11T10:11:14Z,hw294,G4,PASS
2026-08-11T10:11:14Z,hw294,G5,PASS
2026-08-11T10:11:14Z,hw294,G6,NOTRUN
2026-08-11T10:11:14Z,hw294,G7,FAIL
2026-08-11T10:11:14Z,hw294,G8,FAIL
2026-08-11T10:11:14Z,hw294,G9,FAIL
2026-08-11T10:11:14Z,hw294,M1,PASS
2026-08-11T10:11:14Z,hw294,M2,NOTRUN
2026-08-11T10:11:14Z,hw294,M3,NOTRUN
2026-08-11T10:11:14Z,hw294,M4,NOTRUN
2026-08-11T10:11:14Z,hw294,R1,PASS
2026-08-11T10:11:14Z,hw294,R10,NOTRUN
2026-08-11T10:11:14Z,hw294,R11,NOTRUN
2026-08-11T10:11:14Z,hw294,R12,PASS
2026-08-11T10:11:14Z,hw294,R13,FAIL
2026-08-11T10:11:14Z,hw294,R14,NOTRUN
2026-08-11T10:11:14Z,hw294,R15,NOTRUN
2026-08-11T10:11:14Z,hw294,R16,FAIL
2026-08-11T10:11:14Z,hw294,R17,NOTRUN
2026-08-11T10:11:14Z,hw294,R18,NOTRUN
2026-08-11T10:11:14Z,hw294,R19,FAIL
2026-08-11T10:11:14Z,hw294,R2,PASS
2026-08-11T10:11:14Z,hw294,R20,PASS
2026-08-11T10:11:14Z,hw294,R21,PASS
2026-08-11T10:11:14Z,hw294,R22,PASS
2026-08-11T10:11:14Z,hw294,R3,NOTRUN
2026-08-11T10:11:14Z,hw294,R4,NOTRUN
2026-08-11T10:11:14Z,hw294,R5,NOTRUN
2026-08-11T10:11:14Z,hw294,R6,PASS
2026-08-11T10:11:14Z,hw294,R7,NOTRUN
2026-08-11T10:11:14Z,hw294,R8,NOTRUN
2026-08-11T10:11:14Z,hw294,R9,NOTRUN
2026-08-11T10:11:14Z,hw294,W1,FAIL
2026-08-11T10:11:14Z,hw294,W2,FAIL
2026-08-11T10:11:14Z,hw294,W3,NOTRUN
2026-08-11T10:11:14Z,hw294,W4,NOTRUN
2026-08-11T10:11:14Z,hw294,W5,FAIL
2026-08-12 06:20:00,hw294,111,FAIL
2026-08-12 06:20:00,hw294,184,PASS
2026-08-12 06:20:00,hw294,185,PASS
2026-08-12 06:20:00,hw294,188,FAIL
2026-08-12 06:20:00,hw294,189,FAIL
2026-08-12 06:20:00,hw294,206,FAIL
2026-08-12 06:20:00,hw294,207,FAIL
2026-08-12 06:20:00,hw294,208,FAIL
2026-08-12 06:20:00,hw294,209,PASS
2026-08-12 06:20:00,hw294,210,PASS
2026-08-12 06:20:00,hw294,227,FAIL
2026-08-12 06:20:00,hw294,229,FAIL
2026-08-12 06:20:00,hw294,231,PASS
2026-08-12 06:20:00,hw294,234,FAIL
2026-08-12 06:20:00,hw294,236,FAIL
2026-08-12 06:20:00,hw294,239,FAIL
2026-08-12 06:20:00,hw294,240,PASS
2026-08-12 06:20:00,hw294,241,FAIL
2026-08-12 06:20:00,hw294,243,PASS
2026-08-12 06:20:00,hw294,51,FAIL
2026-08-12 06:20:00,hw294,52,FAIL
2026-08-12 06:20:00,hw294,55,FAIL
2026-08-12 06:20:00,hw294,62,FAIL
2026-08-12 06:20:00,hw294,64,FAIL
2026-08-12 06:20:00,hw294,65,FAIL
2026-08-12 06:20:00,hw294,66,FAIL
2026-08-12 06:20:00,hw294,67,FAIL
2026-08-12 06:20:00,hw294,69,FAIL
2026-08-12 06:20:00,hw294,70,FAIL
2026-08-12 06:20:00,hw294,G1,FAIL
2026-08-12 06:20:00,hw294,G2,FAIL
2026-08-12 06:20:00,hw294,G4,PASS
2026-08-12 06:20:00,hw294,G5,PASS
2026-08-12 06:20:00,hw294,M1,PASS
2026-08-12 06:20:00,hw294,R1,PASS
2026-08-12 06:20:00,hw294,R12,PASS
2026-08-12 06:20:00,hw294,R13,FAIL
2026-08-12 06:20:00,hw294,R2,PASS
2026-08-12 06:20:00,hw294,R20,PASS
2026-08-12 06:20:00,hw294,R21,PASS
2026-08-12 06:20:00,hw294,R22,PASS
2026-08-12 06:20:00,hw294,R6,PASS
2026-08-12 10:44:11,hw295,111,FAIL
2026-08-12 10:44:11,hw295,184,PASS
2026-08-12 10:44:11,hw295,188,FAIL
2026-08-12 10:44:11,hw295,189,FAIL
2026-08-12 10:44:11,hw295,227,FAIL
2026-08-12 10:44:11,hw295,234,FAIL
2026-08-12 10:44:11,hw295,236,FAIL
2026-08-12 10:44:11,hw295,51,FAIL
2026-08-12 10:44:11,hw295,52,FAIL
2026-08-12 10:44:11,hw295,55,FAIL
2026-08-12 10:44:11,hw295,62,FAIL
2026-08-12 10:44:11,hw295,64,FAIL
2026-08-12 10:44:11,hw295,65,FAIL
2026-08-12 10:44:11,hw295,66,FAIL
2026-08-12 10:44:11,hw295,67,FAIL
2026-08-12 10:44:11,hw295,69,FAIL
2026-08-12 10:44:11,hw295,70,FAIL
2026-08-12 10:44:11,hw295,G2,FAIL
2026-08-12 10:44:11,hw295,R20,PASS
2026-08-12 12:05:00,hw295,111,FAIL
2026-08-12 12:05:00,hw295,184,PASS
2026-08-12 12:05:00,hw295,188,FAIL
2026-08-12 12:05:00,hw295,189,FAIL
2026-08-12 12:05:00,hw295,227,FAIL
2026-08-12 12:05:00,hw295,234,FAIL
2026-08-12 12:05:00,hw295,236,FAIL
2026-08-12 12:05:00,hw295,51,FAIL
2026-08-12 12:05:00,hw295,52,FAIL
2026-08-12 12:05:00,hw295,55,FAIL
2026-08-12 12:05:00,hw295,62,FAIL
2026-08-12 12:05:00,hw295,64,FAIL
2026-08-12 12:05:00,hw295,65,FAIL
2026-08-12 12:05:00,hw295,66,FAIL
2026-08-12 12:05:00,hw295,67,FAIL
2026-08-12 12:05:00,hw295,69,FAIL
2026-08-12 12:05:00,hw295,70,FAIL
2026-08-12 12:05:00,hw295,G2,FAIL
2026-08-12 12:05:00,hw295,R20,PASS
2026-08-12T14:09:01Z,hw295,109,FAIL
2026-08-12T14:09:01Z,hw295,110,PASS
2026-08-12T14:09:01Z,hw295,111,PASS
2026-08-12T14:09:01Z,hw295,112,PASS
2026-08-12T14:09:01Z,hw295,113,PASS
2026-08-12T14:09:01Z,hw295,114,PASS
2026-08-12T14:09:01Z,hw295,115,FAIL
2026-08-12T14:09:01Z,hw295,162,PASS
2026-08-12T14:09:01Z,hw295,172,PASS
2026-08-12T14:09:01Z,hw295,176,FAIL
2026-08-12T14:09:01Z,hw295,184,PASS
2026-08-12T14:09:01Z,hw295,187,PASS
2026-08-12T14:09:01Z,hw295,188,PASS
2026-08-12T14:09:01Z,hw295,189,FAIL
2026-08-12T14:09:01Z,hw295,19,FAIL
2026-08-12T14:09:01Z,hw295,206,PASS
2026-08-12T14:09:01Z,hw295,207,PASS
2026-08-12T14:09:01Z,hw295,208,PASS
2026-08-12T14:09:01Z,hw295,227,FAIL
2026-08-12T14:09:01Z,hw295,229,PASS
2026-08-12T14:09:01Z,hw295,232,PASS
2026-08-12T14:09:01Z,hw295,234,FAIL
2026-08-12T14:09:01Z,hw295,236,PASS
2026-08-12T14:09:01Z,hw295,237,FAIL
2026-08-12T14:09:01Z,hw295,239,PASS
2026-08-12T14:09:01Z,hw295,26,PASS
2026-08-12T14:09:01Z,hw295,27,PASS
2026-08-12T14:09:01Z,hw295,28,PASS
2026-08-12T14:09:01Z,hw295,29,FAIL
2026-08-12T14:09:01Z,hw295,30,PASS
2026-08-12T14:09:01Z,hw295,31,PASS
2026-08-12T14:09:01Z,hw295,32,PASS
2026-08-12T14:09:01Z,hw295,33,PASS
2026-08-12T14:09:01Z,hw295,34,PASS
2026-08-12T14:09:01Z,hw295,35,PASS
2026-08-12T14:09:01Z,hw295,36,PASS
2026-08-12T14:09:01Z,hw295,37,PASS
2026-08-12T14:09:01Z,hw295,38,PASS
2026-08-12T14:09:01Z,hw295,39,PASS
2026-08-12T14:09:01Z,hw295,41,PASS
2026-08-12T14:09:01Z,hw295,42,PASS
2026-08-12T14:09:01Z,hw295,43,PASS
2026-08-12T14:09:01Z,hw295,44,PASS
2026-08-12T14:09:01Z,hw295,45,PASS
2026-08-12T14:09:01Z,hw295,51,PASS
2026-08-12T14:09:01Z,hw295,52,PASS
2026-08-12T14:09:01Z,hw295,55,PASS
2026-08-12T14:09:01Z,hw295,56,PASS
2026-08-12T14:09:01Z,hw295,57,PASS
2026-08-12T14:09:01Z,hw295,62,PASS
2026-08-12T14:09:01Z,hw295,64,PASS
2026-08-12T14:09:01Z,hw295,65,PASS
2026-08-12T14:09:01Z,hw295,66,PASS
2026-08-12T14:09:01Z,hw295,67,PASS
2026-08-12T14:09:01Z,hw295,69,PASS
2026-08-12T14:09:01Z,hw295,70,PASS
2026-08-12T14:09:01Z,hw295,71,PASS
2026-08-12T14:09:01Z,hw295,G1,PASS
2026-08-12T14:09:01Z,hw295,G2,FAIL
2026-08-12T14:09:01Z,hw295,G3,PASS
2026-08-12T14:09:01Z,hw295,R13,PASS
2026-08-12T14:09:01Z,hw295,R20,PASS
2026-08-12T14:21:37Z,hw295,109,NOTRUN
2026-08-12T14:21:37Z,hw295,110,PASS
2026-08-12T14:21:37Z,hw295,111,PASS
2026-08-12T14:21:37Z,hw295,112,PASS
2026-08-12T14:21:37Z,hw295,113,PASS
2026-08-12T14:21:37Z,hw295,114,PASS
2026-08-12T14:21:37Z,hw295,115,FAIL
2026-08-12T14:21:37Z,hw295,162,PASS
2026-08-12T14:21:37Z,hw295,172,PASS
2026-08-12T14:21:37Z,hw295,176,FAIL
2026-08-12T14:21:37Z,hw295,184,PASS
2026-08-12T14:21:37Z,hw295,185,NOTRUN
2026-08-12T14:21:37Z,hw295,187,PASS
2026-08-12T14:21:37Z,hw295,188,PASS
2026-08-12T14:21:37Z,hw295,189,FAIL
2026-08-12T14:21:37Z,hw295,19,FAIL
2026-08-12T14:21:37Z,hw295,206,PASS
2026-08-12T14:21:37Z,hw295,207,PASS
2026-08-12T14:21:37Z,hw295,208,PASS
2026-08-12T14:21:37Z,hw295,209,NOTRUN
2026-08-12T14:21:37Z,hw295,210,NOTRUN
2026-08-12T14:21:37Z,hw295,227,FAIL
2026-08-12T14:21:37Z,hw295,229,PASS
2026-08-12T14:21:37Z,hw295,231,NOTRUN
2026-08-12T14:21:37Z,hw295,232,PASS
2026-08-12T14:21:37Z,hw295,234,FAIL
2026-08-12T14:21:37Z,hw295,236,PASS
2026-08-12T14:21:37Z,hw295,237,FAIL
2026-08-12T14:21:37Z,hw295,239,PASS
2026-08-12T14:21:37Z,hw295,240,NOTRUN
2026-08-12T14:21:37Z,hw295,243,NOTRUN
2026-08-12T14:21:37Z,hw295,26,PASS
2026-08-12T14:21:37Z,hw295,27,PASS
2026-08-12T14:21:37Z,hw295,28,PASS
2026-08-12T14:21:37Z,hw295,29,FAIL
2026-08-12T14:21:37Z,hw295,30,PASS
2026-08-12T14:21:37Z,hw295,31,PASS
2026-08-12T14:21:37Z,hw295,32,PASS
2026-08-12T14:21:37Z,hw295,33,PASS
2026-08-12T14:21:37Z,hw295,34,PASS
2026-08-12T14:21:37Z,hw295,35,PASS
2026-08-12T14:21:37Z,hw295,36,PASS
2026-08-12T14:21:37Z,hw295,37,PASS
2026-08-12T14:21:37Z,hw295,38,PASS
2026-08-12T14:21:37Z,hw295,39,PASS
2026-08-12T14:21:37Z,hw295,41,PASS
2026-08-12T14:21:37Z,hw295,42,PASS
2026-08-12T14:21:37Z,hw295,43,PASS
2026-08-12T14:21:37Z,hw295,44,PASS
2026-08-12T14:21:37Z,hw295,45,PASS
2026-08-12T14:21:37Z,hw295,51,PASS
2026-08-12T14:21:37Z,hw295,52,PASS
2026-08-12T14:21:37Z,hw295,55,PASS
2026-08-12T14:21:37Z,hw295,56,PASS
2026-08-12T14:21:37Z,hw295,57,PASS
2026-08-12T14:21:37Z,hw295,62,PASS
2026-08-12T14:21:37Z,hw295,64,PASS
2026-08-12T14:21:37Z,hw295,65,PASS
2026-08-12T14:21:37Z,hw295,66,PASS
2026-08-12T14:21:37Z,hw295,67,PASS
2026-08-12T14:21:37Z,hw295,69,PASS
2026-08-12T14:21:37Z,hw295,70,PASS
2026-08-12T14:21:37Z,hw295,71,PASS
2026-08-12T14:21:37Z,hw295,G1,PASS
2026-08-12T14:21:37Z,hw295,G2,FAIL
2026-08-12T14:21:37Z,hw295,G3,PASS
2026-08-12T14:21:37Z,hw295,G4,NOTRUN
2026-08-12T14:21:37Z,hw295,G5,NOTRUN
2026-08-12T14:21:37Z,hw295,M1,NOTRUN
2026-08-12T14:21:37Z,hw295,R1,NOTRUN
2026-08-12T14:21:37Z,hw295,R12,NOTRUN
2026-08-12T14:21:37Z,hw295,R13,PASS
2026-08-12T14:21:37Z,hw295,R2,NOTRUN
2026-08-12T14:21:37Z,hw295,R20,PASS
2026-08-12T14:21:37Z,hw295,R22,NOTRUN
2026-08-12T14:21:37Z,hw295,R6,NOTRUN
2026-08-12T16:43:18Z,hw295,109,NOTRUN
2026-08-12T16:43:18Z,hw295,110,PASS
2026-08-12T16:43:18Z,hw295,111,PASS
2026-08-12T16:43:18Z,hw295,112,PASS
2026-08-12T16:43:18Z,hw295,113,PASS
2026-08-12T16:43:18Z,hw295,114,PASS
2026-08-12T16:43:18Z,hw295,115,FAIL
2026-08-12T16:43:18Z,hw295,162,PASS
2026-08-12T16:43:18Z,hw295,172,PASS
2026-08-12T16:43:18Z,hw295,176,FAIL
2026-08-12T16:43:18Z,hw295,184,PASS
2026-08-12T16:43:18Z,hw295,185,PASS
2026-08-12T16:43:18Z,hw295,187,PASS
2026-08-12T16:43:18Z,hw295,188,PASS
2026-08-12T16:43:18Z,hw295,189,FAIL
2026-08-12T16:43:18Z,hw295,19,FAIL
2026-08-12T16:43:18Z,hw295,206,PASS
2026-08-12T16:43:18Z,hw295,207,PASS
2026-08-12T16:43:18Z,hw295,208,PASS
2026-08-12T16:43:18Z,hw295,209,PASS
2026-08-12T16:43:18Z,hw295,210,PASS
2026-08-12T16:43:18Z,hw295,227,FAIL
2026-08-12T16:43:18Z,hw295,228,FAIL
2026-08-12T16:43:18Z,hw295,229,PASS
2026-08-12T16:43:18Z,hw295,231,PASS
2026-08-12T16:43:18Z,hw295,232,PASS
2026-08-12T16:43:18Z,hw295,234,FAIL
2026-08-12T16:43:18Z,hw295,236,PASS
2026-08-12T16:43:18Z,hw295,237,FAIL
2026-08-12T16:43:18Z,hw295,239,PASS
2026-08-12T16:43:18Z,hw295,240,PASS
2026-08-12T16:43:18Z,hw295,243,PASS
2026-08-12T16:43:18Z,hw295,26,PASS
2026-08-12T16:43:18Z,hw295,27,PASS
2026-08-12T16:43:18Z,hw295,28,PASS
2026-08-12T16:43:18Z,hw295,29,NOTRUN
2026-08-12T16:43:18Z,hw295,30,PASS
2026-08-12T16:43:18Z,hw295,31,PASS
2026-08-12T16:43:18Z,hw295,32,PASS
2026-08-12T16:43:18Z,hw295,33,PASS
2026-08-12T16:43:18Z,hw295,34,PASS
2026-08-12T16:43:18Z,hw295,35,PASS
2026-08-12T16:43:18Z,hw295,36,PASS
2026-08-12T16:43:18Z,hw295,37,PASS
2026-08-12T16:43:18Z,hw295,38,PASS
2026-08-12T16:43:18Z,hw295,39,PASS
2026-08-12T16:43:18Z,hw295,41,PASS
2026-08-12T16:43:18Z,hw295,42,PASS
2026-08-12T16:43:18Z,hw295,43,PASS
2026-08-12T16:43:18Z,hw295,44,PASS
2026-08-12T16:43:18Z,hw295,45,PASS
2026-08-12T16:43:18Z,hw295,51,PASS
2026-08-12T16:43:18Z,hw295,52,PASS
2026-08-12T16:43:18Z,hw295,55,PASS
2026-08-12T16:43:18Z,hw295,56,PASS
2026-08-12T16:43:18Z,hw295,57,PASS
2026-08-12T16:43:18Z,hw295,62,PASS
2026-08-12T16:43:18Z,hw295,64,PASS
2026-08-12T16:43:18Z,hw295,65,PASS
2026-08-12T16:43:18Z,hw295,66,PASS
2026-08-12T16:43:18Z,hw295,67,PASS
2026-08-12T16:43:18Z,hw295,69,PASS
2026-08-12T16:43:18Z,hw295,70,PASS
2026-08-12T16:43:18Z,hw295,71,PASS
2026-08-12T16:43:18Z,hw295,G1,PASS
2026-08-12T16:43:18Z,hw295,G2,FAIL
2026-08-12T16:43:18Z,hw295,G3,PASS
2026-08-12T16:43:18Z,hw295,G4,NOTRUN
2026-08-12T16:43:18Z,hw295,G5,NOTRUN
2026-08-12T16:43:18Z,hw295,M1,NOTRUN
2026-08-12T16:43:18Z,hw295,R1,NOTRUN
2026-08-12T16:43:18Z,hw295,R12,NOTRUN
2026-08-12T16:43:18Z,hw295,R13,PASS
2026-08-12T16:43:18Z,hw295,R2,NOTRUN
2026-08-12T16:43:18Z,hw295,R20,PASS
2026-08-12T16:43:18Z,hw295,R22,PASS
2026-08-12T16:43:18Z,hw295,R6,PASS
2026-08-12T16:43:18Z,hw295,W1,NOTRUN
2026-08-12T16:43:18Z,hw295,W2,NOTRUN
2026-08-12T22:43:29Z,hw295,101,PASS
2026-08-12T22:43:29Z,hw295,109,NOTRUN
2026-08-12T22:43:29Z,hw295,110,PASS
2026-08-12T22:43:29Z,hw295,111,PASS
2026-08-12T22:43:29Z,hw295,112,PASS
2026-08-12T22:43:29Z,hw295,113,PASS
2026-08-12T22:43:29Z,hw295,114,PASS
2026-08-12T22:43:29Z,hw295,115,FAIL
2026-08-12T22:43:29Z,hw295,16,FAIL
2026-08-12T22:43:29Z,hw295,162,PASS
2026-08-12T22:43:29Z,hw295,166,FAIL
2026-08-12T22:43:29Z,hw295,172,PASS
2026-08-12T22:43:29Z,hw295,176,FAIL
2026-08-12T22:43:29Z,hw295,184,PASS
2026-08-12T22:43:29Z,hw295,185,PASS
2026-08-12T22:43:29Z,hw295,187,PASS
2026-08-12T22:43:29Z,hw295,188,PASS
2026-08-12T22:43:29Z,hw295,189,PASS
2026-08-12T22:43:29Z,hw295,19,NOTRUN
2026-08-12T22:43:29Z,hw295,197,PASS
2026-08-12T22:43:29Z,hw295,206,PASS
2026-08-12T22:43:29Z,hw295,207,PASS
2026-08-12T22:43:29Z,hw295,208,PASS
2026-08-12T22:43:29Z,hw295,209,PASS
2026-08-12T22:43:29Z,hw295,210,PASS
2026-08-12T22:43:29Z,hw295,213,FAIL
2026-08-12T22:43:29Z,hw295,218,FAIL
2026-08-12T22:43:29Z,hw295,220,FAIL
2026-08-12T22:43:29Z,hw295,221,FAIL
2026-08-12T22:43:29Z,hw295,222,FAIL
2026-08-12T22:43:29Z,hw295,223,FAIL
2026-08-12T22:43:29Z,hw295,227,FAIL
2026-08-12T22:43:29Z,hw295,228,FAIL
2026-08-12T22:43:29Z,hw295,229,PASS
2026-08-12T22:43:29Z,hw295,231,PASS
2026-08-12T22:43:29Z,hw295,232,PASS
2026-08-12T22:43:29Z,hw295,234,FAIL
2026-08-12T22:43:29Z,hw295,235,FAIL
2026-08-12T22:43:29Z,hw295,236,PASS
2026-08-12T22:43:29Z,hw295,237,PASS
2026-08-12T22:43:29Z,hw295,239,PASS
2026-08-12T22:43:29Z,hw295,240,PASS
2026-08-12T22:43:29Z,hw295,241,FAIL
2026-08-12T22:43:29Z,hw295,243,PASS
2026-08-12T22:43:29Z,hw295,25,FAIL
2026-08-12T22:43:29Z,hw295,26,PASS
2026-08-12T22:43:29Z,hw295,27,PASS
2026-08-12T22:43:29Z,hw295,28,PASS
2026-08-12T22:43:29Z,hw295,29,NOTRUN
2026-08-12T22:43:29Z,hw295,30,PASS
2026-08-12T22:43:29Z,hw295,31,PASS
2026-08-12T22:43:29Z,hw295,32,PASS
2026-08-12T22:43:29Z,hw295,33,PASS
2026-08-12T22:43:29Z,hw295,34,PASS
2026-08-12T22:43:29Z,hw295,35,PASS
2026-08-12T22:43:29Z,hw295,36,PASS
2026-08-12T22:43:29Z,hw295,37,PASS
2026-08-12T22:43:29Z,hw295,38,PASS
2026-08-12T22:43:29Z,hw295,39,PASS
2026-08-12T22:43:29Z,hw295,40,PASS
2026-08-12T22:43:29Z,hw295,41,PASS
2026-08-12T22:43:29Z,hw295,42,PASS
2026-08-12T22:43:29Z,hw295,43,PASS
2026-08-12T22:43:29Z,hw295,44,PASS
2026-08-12T22:43:29Z,hw295,45,PASS
2026-08-12T22:43:29Z,hw295,51,PASS
2026-08-12T22:43:29Z,hw295,52,PASS
2026-08-12T22:43:29Z,hw295,55,PASS
2026-08-12T22:43:29Z,hw295,56,PASS
2026-08-12T22:43:29Z,hw295,57,PASS
2026-08-12T22:43:29Z,hw295,62,PASS
2026-08-12T22:43:29Z,hw295,64,PASS
2026-08-12T22:43:29Z,hw295,65,PASS
2026-08-12T22:43:29Z,hw295,66,PASS
2026-08-12T22:43:29Z,hw295,67,PASS
2026-08-12T22:43:29Z,hw295,69,PASS
2026-08-12T22:43:29Z,hw295,70,PASS
2026-08-12T22:43:29Z,hw295,71,PASS
2026-08-12T22:43:29Z,hw295,87,FAIL
2026-08-12T22:43:29Z,hw295,90,FAIL
2026-08-12T22:43:29Z,hw295,95,FAIL
2026-08-12T22:43:29Z,hw295,G1,PASS
2026-08-12T22:43:29Z,hw295,G11,FAIL
2026-08-12T22:43:29Z,hw295,G2,FAIL
2026-08-12T22:43:29Z,hw295,G3,PASS
2026-08-12T22:43:29Z,hw295,G4,PASS
2026-08-12T22:43:29Z,hw295,G5,PASS
2026-08-12T22:43:29Z,hw295,G7,FAIL
2026-08-12T22:43:29Z,hw295,G8,FAIL
2026-08-12T22:43:29Z,hw295,M1,PASS
2026-08-12T22:43:29Z,hw295,R1,PASS
2026-08-12T22:43:29Z,hw295,R12,PASS
2026-08-12T22:43:29Z,hw295,R13,PASS
2026-08-12T22:43:29Z,hw295,R16,FAIL
2026-08-12T22:43:29Z,hw295,R19,FAIL
2026-08-12T22:43:29Z,hw295,R2,PASS
2026-08-12T22:43:29Z,hw295,R20,PASS
2026-08-12T22:43:29Z,hw295,R22,PASS
2026-08-12T22:43:29Z,hw295,R6,PASS
2026-08-12T22:43:29Z,hw295,W1,NOTRUN
2026-08-12T22:43:29Z,hw295,W2,NOTRUN
2026-08-12T22:43:29Z,hw295,W3,PASS
2026-08-13T04:43:19Z,hw295,101,PASS
2026-08-13T04:43:19Z,hw295,109,NOTRUN
2026-08-13T04:43:19Z,hw295,110,PASS
2026-08-13T04:43:19Z,hw295,111,PASS
2026-08-13T04:43:19Z,hw295,112,PASS
2026-08-13T04:43:19Z,hw295,113,PASS
2026-08-13T04:43:19Z,hw295,114,PASS
2026-08-13T04:43:19Z,hw295,115,FAIL
2026-08-13T04:43:19Z,hw295,16,FAIL
2026-08-13T04:43:19Z,hw295,162,PASS
2026-08-13T04:43:19Z,hw295,165,PASS
2026-08-13T04:43:19Z,hw295,166,FAIL
2026-08-13T04:43:19Z,hw295,172,PASS
2026-08-13T04:43:19Z,hw295,176,NOTRUN
2026-08-13T04:43:19Z,hw295,184,PASS
2026-08-13T04:43:19Z,hw295,185,PASS
2026-08-13T04:43:19Z,hw295,187,PASS
2026-08-13T04:43:19Z,hw295,188,PASS
2026-08-13T04:43:19Z,hw295,189,PASS
2026-08-13T04:43:19Z,hw295,19,NOTRUN
2026-08-13T04:43:19Z,hw295,197,PASS
2026-08-13T04:43:19Z,hw295,206,PASS
2026-08-13T04:43:19Z,hw295,207,PASS
2026-08-13T04:43:19Z,hw295,208,PASS
2026-08-13T04:43:19Z,hw295,209,PASS
2026-08-13T04:43:19Z,hw295,210,PASS
2026-08-13T04:43:19Z,hw295,213,FAIL
2026-08-13T04:43:19Z,hw295,218,NOTRUN
2026-08-13T04:43:19Z,hw295,219,NOTRUN
2026-08-13T04:43:19Z,hw295,220,NOTRUN
2026-08-13T04:43:19Z,hw295,221,NOTRUN
2026-08-13T04:43:19Z,hw295,222,FAIL
2026-08-13T04:43:19Z,hw295,223,NOTRUN
2026-08-13T04:43:19Z,hw295,227,FAIL
2026-08-13T04:43:19Z,hw295,228,FAIL
2026-08-13T04:43:19Z,hw295,229,PASS
2026-08-13T04:43:19Z,hw295,231,PASS
2026-08-13T04:43:19Z,hw295,232,PASS
2026-08-13T04:43:19Z,hw295,234,FAIL
2026-08-13T04:43:19Z,hw295,235,NOTRUN
2026-08-13T04:43:19Z,hw295,236,PASS
2026-08-13T04:43:19Z,hw295,237,PASS
2026-08-13T04:43:19Z,hw295,239,PASS
2026-08-13T04:43:19Z,hw295,240,PASS
2026-08-13T04:43:19Z,hw295,241,NOTRUN
2026-08-13T04:43:19Z,hw295,243,PASS
2026-08-13T04:43:19Z,hw295,25,NOTRUN
2026-08-13T04:43:19Z,hw295,26,PASS
2026-08-13T04:43:19Z,hw295,27,PASS
2026-08-13T04:43:19Z,hw295,28,PASS
2026-08-13T04:43:19Z,hw295,29,NOTRUN
2026-08-13T04:43:19Z,hw295,30,PASS
2026-08-13T04:43:19Z,hw295,31,PASS
2026-08-13T04:43:19Z,hw295,32,PASS
2026-08-13T04:43:19Z,hw295,33,PASS
2026-08-13T04:43:19Z,hw295,34,PASS
2026-08-13T04:43:19Z,hw295,35,PASS
2026-08-13T04:43:19Z,hw295,36,PASS
2026-08-13T04:43:19Z,hw295,37,PASS
2026-08-13T04:43:19Z,hw295,38,PASS
2026-08-13T04:43:19Z,hw295,39,PASS
2026-08-13T04:43:19Z,hw295,40,PASS
2026-08-13T04:43:19Z,hw295,41,PASS
2026-08-13T04:43:19Z,hw295,42,PASS
2026-08-13T04:43:19Z,hw295,43,PASS
2026-08-13T04:43:19Z,hw295,44,PASS
2026-08-13T04:43:19Z,hw295,45,PASS
2026-08-13T04:43:19Z,hw295,51,PASS
2026-08-13T04:43:19Z,hw295,52,PASS
2026-08-13T04:43:19Z,hw295,55,PASS
2026-08-13T04:43:19Z,hw295,56,PASS
2026-08-13T04:43:19Z,hw295,57,PASS
2026-08-13T04:43:19Z,hw295,60,FAIL
2026-08-13T04:43:19Z,hw295,62,PASS
2026-08-13T04:43:19Z,hw295,64,PASS
2026-08-13T04:43:19Z,hw295,65,PASS
2026-08-13T04:43:19Z,hw295,66,PASS
2026-08-13T04:43:19Z,hw295,67,PASS
2026-08-13T04:43:19Z,hw295,69,PASS
2026-08-13T04:43:19Z,hw295,70,PASS
2026-08-13T04:43:19Z,hw295,71,PASS
2026-08-13T04:43:19Z,hw295,87,FAIL
2026-08-13T04:43:19Z,hw295,90,FAIL
2026-08-13T04:43:19Z,hw295,95,FAIL
2026-08-13T04:43:19Z,hw295,G1,PASS
2026-08-13T04:43:19Z,hw295,G11,FAIL
2026-08-13T04:43:19Z,hw295,G2,NOTRUN
2026-08-13T04:43:19Z,hw295,G3,PASS
2026-08-13T04:43:19Z,hw295,G4,PASS
2026-08-13T04:43:19Z,hw295,G5,PASS
2026-08-13T04:43:19Z,hw295,G7,FAIL
2026-08-13T04:43:19Z,hw295,G8,FAIL
2026-08-13T04:43:19Z,hw295,G9,FAIL
2026-08-13T04:43:19Z,hw295,M1,PASS
2026-08-13T04:43:19Z,hw295,R1,PASS
2026-08-13T04:43:19Z,hw295,R12,PASS
2026-08-13T04:43:19Z,hw295,R13,PASS
2026-08-13T04:43:19Z,hw295,R16,FAIL
2026-08-13T04:43:19Z,hw295,R19,FAIL
2026-08-13T04:43:19Z,hw295,R2,PASS
2026-08-13T04:43:19Z,hw295,R20,PASS
2026-08-13T04:43:19Z,hw295,R22,PASS
2026-08-13T04:43:19Z,hw295,R6,PASS
2026-08-13T04:43:19Z,hw295,W1,NOTRUN
2026-08-13T04:43:19Z,hw295,W2,NOTRUN
2026-08-13T04:43:19Z,hw295,W3,PASS
2026-08-13T10:43:13Z,hw295,101,PASS
2026-08-13T10:43:13Z,hw295,109,NOTRUN
2026-08-13T10:43:13Z,hw295,110,PASS
2026-08-13T10:43:13Z,hw295,111,PASS
2026-08-13T10:43:13Z,hw295,112,PASS
2026-08-13T10:43:13Z,hw295,113,PASS
2026-08-13T10:43:13Z,hw295,114,PASS
2026-08-13T10:43:13Z,hw295,115,FAIL
2026-08-13T10:43:13Z,hw295,16,FAIL
2026-08-13T10:43:13Z,hw295,162,PASS
2026-08-13T10:43:13Z,hw295,165,PASS
2026-08-13T10:43:13Z,hw295,166,FAIL
2026-08-13T10:43:13Z,hw295,172,PASS
2026-08-13T10:43:13Z,hw295,176,NOTRUN
2026-08-13T10:43:13Z,hw295,184,PASS
2026-08-13T10:43:13Z,hw295,185,PASS
2026-08-13T10:43:13Z,hw295,187,PASS
2026-08-13T10:43:13Z,hw295,188,PASS
2026-08-13T10:43:13Z,hw295,189,PASS
2026-08-13T10:43:13Z,hw295,19,NOTRUN
2026-08-13T10:43:13Z,hw295,197,PASS
2026-08-13T10:43:13Z,hw295,206,PASS
2026-08-13T10:43:13Z,hw295,207,PASS
2026-08-13T10:43:13Z,hw295,208,PASS
2026-08-13T10:43:13Z,hw295,209,PASS
2026-08-13T10:43:13Z,hw295,210,PASS
2026-08-13T10:43:13Z,hw295,213,FAIL
2026-08-13T10:43:13Z,hw295,218,NOTRUN
2026-08-13T10:43:13Z,hw295,219,NOTRUN
2026-08-13T10:43:13Z,hw295,220,NOTRUN
2026-08-13T10:43:13Z,hw295,221,NOTRUN
2026-08-13T10:43:13Z,hw295,222,FAIL
2026-08-13T10:43:13Z,hw295,223,NOTRUN
2026-08-13T10:43:13Z,hw295,227,FAIL
2026-08-13T10:43:13Z,hw295,228,FAIL
2026-08-13T10:43:13Z,hw295,229,PASS
2026-08-13T10:43:13Z,hw295,231,PASS
2026-08-13T10:43:13Z,hw295,232,PASS
2026-08-13T10:43:13Z,hw295,234,FAIL
2026-08-13T10:43:13Z,hw295,235,NOTRUN
2026-08-13T10:43:13Z,hw295,236,PASS
2026-08-13T10:43:13Z,hw295,237,PASS
2026-08-13T10:43:13Z,hw295,239,PASS
2026-08-13T10:43:13Z,hw295,240,PASS
2026-08-13T10:43:13Z,hw295,241,NOTRUN
2026-08-13T10:43:13Z,hw295,243,PASS
2026-08-13T10:43:13Z,hw295,25,NOTRUN
2026-08-13T10:43:13Z,hw295,26,PASS
2026-08-13T10:43:13Z,hw295,27,PASS
2026-08-13T10:43:13Z,hw295,28,PASS
2026-08-13T10:43:13Z,hw295,29,NOTRUN
2026-08-13T10:43:13Z,hw295,30,PASS
2026-08-13T10:43:13Z,hw295,31,PASS
2026-08-13T10:43:13Z,hw295,32,PASS
2026-08-13T10:43:13Z,hw295,33,PASS
2026-08-13T10:43:13Z,hw295,34,PASS
2026-08-13T10:43:13Z,hw295,35,PASS
2026-08-13T10:43:13Z,hw295,36,PASS
2026-08-13T10:43:13Z,hw295,37,PASS
2026-08-13T10:43:13Z,hw295,38,PASS
2026-08-13T10:43:13Z,hw295,39,PASS
2026-08-13T10:43:13Z,hw295,40,PASS
2026-08-13T10:43:13Z,hw295,41,PASS
2026-08-13T10:43:13Z,hw295,42,PASS
2026-08-13T10:43:13Z,hw295,43,PASS
2026-08-13T10:43:13Z,hw295,44,PASS
2026-08-13T10:43:13Z,hw295,45,PASS
2026-08-13T10:43:13Z,hw295,51,PASS
2026-08-13T10:43:13Z,hw295,52,PASS
2026-08-13T10:43:13Z,hw295,55,PASS
2026-08-13T10:43:13Z,hw295,56,PASS
2026-08-13T10:43:13Z,hw295,57,PASS
2026-08-13T10:43:13Z,hw295,60,FAIL
2026-08-13T10:43:13Z,hw295,62,PASS
2026-08-13T10:43:13Z,hw295,64,PASS
2026-08-13T10:43:13Z,hw295,65,PASS
2026-08-13T10:43:13Z,hw295,66,PASS
2026-08-13T10:43:13Z,hw295,67,PASS
2026-08-13T10:43:13Z,hw295,69,PASS
2026-08-13T10:43:13Z,hw295,70,PASS
2026-08-13T10:43:13Z,hw295,71,PASS
2026-08-13T10:43:13Z,hw295,87,FAIL
2026-08-13T10:43:13Z,hw295,90,FAIL
2026-08-13T10:43:13Z,hw295,95,FAIL
2026-08-13T10:43:13Z,hw295,G1,PASS
2026-08-13T10:43:13Z,hw295,G11,FAIL
2026-08-13T10:43:13Z,hw295,G2,NOTRUN
2026-08-13T10:43:13Z,hw295,G3,PASS
2026-08-13T10:43:13Z,hw295,G4,PASS
2026-08-13T10:43:13Z,hw295,G5,PASS
2026-08-13T10:43:13Z,hw295,G7,FAIL
2026-08-13T10:43:13Z,hw295,G8,FAIL
2026-08-13T10:43:13Z,hw295,G9,FAIL
2026-08-13T10:43:13Z,hw295,M1,PASS
2026-08-13T10:43:13Z,hw295,R1,PASS
2026-08-13T10:43:13Z,hw295,R12,PASS
2026-08-13T10:43:13Z,hw295,R13,PASS
2026-08-13T10:43:13Z,hw295,R16,FAIL
2026-08-13T10:43:13Z,hw295,R19,FAIL
2026-08-13T10:43:13Z,hw295,R2,PASS
2026-08-13T10:43:13Z,hw295,R20,PASS
2026-08-13T10:43:13Z,hw295,R22,PASS
2026-08-13T10:43:13Z,hw295,R6,PASS
2026-08-13T10:43:13Z,hw295,W1,NOTRUN
2026-08-13T10:43:13Z,hw295,W2,NOTRUN
2026-08-13T10:43:13Z,hw295,W3,PASS
2026-08-13T16:44:11Z,hw296,184,PASS
2026-08-13T16:44:11Z,hw296,G11,FAIL
2026-08-13T16:44:11Z,hw296,R20,PASS
2026-08-13T16:44:11Z,hw296,W3,PASS
2026-08-13T18:55:00Z,hw296,106,PASS
2026-08-13T18:55:00Z,hw296,115,PASS
2026-08-13T18:55:00Z,hw296,121,PASS
2026-08-13T18:55:00Z,hw296,15,FAIL
2026-08-13T18:55:00Z,hw296,164,NOTRUN
2026-08-13T18:55:00Z,hw296,166,NOTRUN
2026-08-13T18:55:00Z,hw296,176,NOTRUN
2026-08-13T18:55:00Z,hw296,177,NOTRUN
2026-08-13T18:55:00Z,hw296,184,PASS
2026-08-13T18:55:00Z,hw296,19,FAIL
2026-08-13T18:55:00Z,hw296,192,PASS
2026-08-13T18:55:00Z,hw296,212,NOTRUN
2026-08-13T18:55:00Z,hw296,213,NOTRUN
2026-08-13T18:55:00Z,hw296,227,NOTRUN
2026-08-13T18:55:00Z,hw296,228,PASS
2026-08-13T18:55:00Z,hw296,241,PASS
2026-08-13T18:55:00Z,hw296,242,NOTRUN
2026-08-13T18:55:00Z,hw296,25,PASS
2026-08-13T18:55:00Z,hw296,4,PASS
2026-08-13T18:55:00Z,hw296,63,NOTRUN
2026-08-13T18:55:00Z,hw296,7,NOTRUN
2026-08-13T18:55:00Z,hw296,8,PASS
2026-08-13T18:55:00Z,hw296,87,FAIL
2026-08-13T18:55:00Z,hw296,90,FAIL
2026-08-13T18:55:00Z,hw296,95,FAIL
2026-08-13T18:55:00Z,hw296,G11,NOTRUN
2026-08-13T18:55:00Z,hw296,G8,FAIL
2026-08-13T18:55:00Z,hw296,G9,FAIL
2026-08-13T18:55:00Z,hw296,R16,FAIL
2026-08-13T18:55:00Z,hw296,R19,FAIL
2026-08-13T18:55:00Z,hw296,R20,PASS
2026-08-13T18:55:00Z,hw296,W3,NOTRUN
2026-08-13T22:00:00Z,hw296,106,PASS
2026-08-13T22:00:00Z,hw296,109,NOTRUN
2026-08-13T22:00:00Z,hw296,110,PASS
2026-08-13T22:00:00Z,hw296,111,PASS
2026-08-13T22:00:00Z,hw296,112,PASS
2026-08-13T22:00:00Z,hw296,113,PASS
2026-08-13T22:00:00Z,hw296,114,PASS
2026-08-13T22:00:00Z,hw296,115,PASS
2026-08-13T22:00:00Z,hw296,121,PASS
2026-08-13T22:00:00Z,hw296,15,PASS
2026-08-13T22:00:00Z,hw296,16,PASS
2026-08-13T22:00:00Z,hw296,164,NOTRUN
2026-08-13T22:00:00Z,hw296,166,NOTRUN
2026-08-13T22:00:00Z,hw296,176,PASS
2026-08-13T22:00:00Z,hw296,177,PASS
2026-08-13T22:00:00Z,hw296,184,PASS
2026-08-13T22:00:00Z,hw296,19,PASS
2026-08-13T22:00:00Z,hw296,192,PASS
2026-08-13T22:00:00Z,hw296,212,NOTRUN
2026-08-13T22:00:00Z,hw296,213,NOTRUN
2026-08-13T22:00:00Z,hw296,222,FAIL
2026-08-13T22:00:00Z,hw296,227,NOTRUN
2026-08-13T22:00:00Z,hw296,228,PASS
2026-08-13T22:00:00Z,hw296,234,FAIL
2026-08-13T22:00:00Z,hw296,241,PASS
2026-08-13T22:00:00Z,hw296,242,NOTRUN
2026-08-13T22:00:00Z,hw296,25,PASS
2026-08-13T22:00:00Z,hw296,26,PASS
2026-08-13T22:00:00Z,hw296,27,PASS
2026-08-13T22:00:00Z,hw296,28,PASS
2026-08-13T22:00:00Z,hw296,29,PASS
2026-08-13T22:00:00Z,hw296,30,PASS
2026-08-13T22:00:00Z,hw296,31,PASS
2026-08-13T22:00:00Z,hw296,32,PASS
2026-08-13T22:00:00Z,hw296,33,PASS
2026-08-13T22:00:00Z,hw296,34,PASS
2026-08-13T22:00:00Z,hw296,35,PASS
2026-08-13T22:00:00Z,hw296,36,PASS
2026-08-13T22:00:00Z,hw296,37,PASS
2026-08-13T22:00:00Z,hw296,38,PASS
2026-08-13T22:00:00Z,hw296,39,PASS
2026-08-13T22:00:00Z,hw296,4,PASS
2026-08-13T22:00:00Z,hw296,40,PASS
2026-08-13T22:00:00Z,hw296,41,PASS
2026-08-13T22:00:00Z,hw296,42,PASS
2026-08-13T22:00:00Z,hw296,43,PASS
2026-08-13T22:00:00Z,hw296,44,PASS
2026-08-13T22:00:00Z,hw296,45,PASS
2026-08-13T22:00:00Z,hw296,60,FAIL
2026-08-13T22:00:00Z,hw296,63,NOTRUN
2026-08-13T22:00:00Z,hw296,7,PASS
2026-08-13T22:00:00Z,hw296,8,PASS
2026-08-13T22:00:00Z,hw296,87,FAIL
2026-08-13T22:00:00Z,hw296,90,FAIL
2026-08-13T22:00:00Z,hw296,95,FAIL
2026-08-13T22:00:00Z,hw296,G11,NOTRUN
2026-08-13T22:00:00Z,hw296,G7,FAIL
2026-08-13T22:00:00Z,hw296,G8,FAIL
2026-08-13T22:00:00Z,hw296,G9,FAIL
2026-08-13T22:00:00Z,hw296,R16,FAIL
2026-08-13T22:00:00Z,hw296,R19,FAIL
2026-08-13T22:00:00Z,hw296,R20,PASS
2026-08-13T22:00:00Z,hw296,W3,NOTRUN
2026-08-13T22:06:00Z,hw296,106,PASS
2026-08-13T22:06:00Z,hw296,109,NOTRUN
2026-08-13T22:06:00Z,hw296,110,PASS
2026-08-13T22:06:00Z,hw296,111,PASS
2026-08-13T22:06:00Z,hw296,112,PASS
2026-08-13T22:06:00Z,hw296,113,PASS
2026-08-13T22:06:00Z,hw296,114,PASS
2026-08-13T22:06:00Z,hw296,115,PASS
2026-08-13T22:06:00Z,hw296,121,PASS
2026-08-13T22:06:00Z,hw296,15,PASS
2026-08-13T22:06:00Z,hw296,16,PASS
2026-08-13T22:06:00Z,hw296,164,NOTRUN
2026-08-13T22:06:00Z,hw296,166,NOTRUN
2026-08-13T22:06:00Z,hw296,176,PASS
2026-08-13T22:06:00Z,hw296,177,PASS
2026-08-13T22:06:00Z,hw296,184,PASS
2026-08-13T22:06:00Z,hw296,19,PASS
2026-08-13T22:06:00Z,hw296,192,PASS
2026-08-13T22:06:00Z,hw296,212,NOTRUN
2026-08-13T22:06:00Z,hw296,213,NOTRUN
2026-08-13T22:06:00Z,hw296,222,FAIL
2026-08-13T22:06:00Z,hw296,227,NOTRUN
2026-08-13T22:06:00Z,hw296,228,PASS
2026-08-13T22:06:00Z,hw296,234,FAIL
2026-08-13T22:06:00Z,hw296,241,PASS
2026-08-13T22:06:00Z,hw296,242,NOTRUN
2026-08-13T22:06:00Z,hw296,25,PASS
2026-08-13T22:06:00Z,hw296,26,PASS
2026-08-13T22:06:00Z,hw296,27,PASS
2026-08-13T22:06:00Z,hw296,28,PASS
2026-08-13T22:06:00Z,hw296,29,PASS
2026-08-13T22:06:00Z,hw296,30,PASS
2026-08-13T22:06:00Z,hw296,31,PASS
2026-08-13T22:06:00Z,hw296,32,PASS
2026-08-13T22:06:00Z,hw296,33,PASS
2026-08-13T22:06:00Z,hw296,34,PASS
2026-08-13T22:06:00Z,hw296,35,PASS
2026-08-13T22:06:00Z,hw296,36,PASS
2026-08-13T22:06:00Z,hw296,37,PASS
2026-08-13T22:06:00Z,hw296,38,PASS
2026-08-13T22:06:00Z,hw296,39,PASS
2026-08-13T22:06:00Z,hw296,4,PASS
2026-08-13T22:06:00Z,hw296,40,PASS
2026-08-13T22:06:00Z,hw296,41,PASS
2026-08-13T22:06:00Z,hw296,42,PASS
2026-08-13T22:06:00Z,hw296,43,PASS
2026-08-13T22:06:00Z,hw296,44,PASS
2026-08-13T22:06:00Z,hw296,45,PASS
2026-08-13T22:06:00Z,hw296,60,FAIL
2026-08-13T22:06:00Z,hw296,63,NOTRUN
2026-08-13T22:06:00Z,hw296,7,PASS
2026-08-13T22:06:00Z,hw296,8,PASS
2026-08-13T22:06:00Z,hw296,87,PASS
2026-08-13T22:06:00Z,hw296,90,PASS
2026-08-13T22:06:00Z,hw296,95,PASS
2026-08-13T22:06:00Z,hw296,G11,NOTRUN
2026-08-13T22:06:00Z,hw296,G7,FAIL
2026-08-13T22:06:00Z,hw296,G8,FAIL
2026-08-13T22:06:00Z,hw296,G9,FAIL
2026-08-13T22:06:00Z,hw296,R16,PASS
2026-08-13T22:06:00Z,hw296,R19,FAIL
2026-08-13T22:06:00Z,hw296,R20,PASS
2026-08-13T22:06:00Z,hw296,W3,NOTRUN
2026-08-13T23:10Z,hw296,106,PASS
2026-08-13T23:10Z,hw296,109,NOTRUN
2026-08-13T23:10Z,hw296,110,PASS
2026-08-13T23:10Z,hw296,111,PASS
2026-08-13T23:10Z,hw296,112,PASS
2026-08-13T23:10Z,hw296,113,PASS
2026-08-13T23:10Z,hw296,114,PASS
2026-08-13T23:10Z,hw296,115,PASS
2026-08-13T23:10Z,hw296,121,PASS
2026-08-13T23:10Z,hw296,15,PASS
2026-08-13T23:10Z,hw296,16,PASS
2026-08-13T23:10Z,hw296,164,NOTRUN
2026-08-13T23:10Z,hw296,166,NOTRUN
2026-08-13T23:10Z,hw296,176,PASS
2026-08-13T23:10Z,hw296,177,PASS
2026-08-13T23:10Z,hw296,184,PASS
2026-08-13T23:10Z,hw296,19,PASS
2026-08-13T23:10Z,hw296,192,PASS
2026-08-13T23:10Z,hw296,212,NOTRUN
2026-08-13T23:10Z,hw296,213,NOTRUN
2026-08-13T23:10Z,hw296,222,FAIL
2026-08-13T23:10Z,hw296,227,NOTRUN
2026-08-13T23:10Z,hw296,228,PASS
2026-08-13T23:10Z,hw296,234,PASS
2026-08-13T23:10Z,hw296,241,PASS
2026-08-13T23:10Z,hw296,242,NOTRUN
2026-08-13T23:10Z,hw296,25,PASS
2026-08-13T23:10Z,hw296,26,PASS
2026-08-13T23:10Z,hw296,27,PASS
2026-08-13T23:10Z,hw296,28,PASS
2026-08-13T23:10Z,hw296,29,PASS
2026-08-13T23:10Z,hw296,30,PASS
2026-08-13T23:10Z,hw296,31,PASS
2026-08-13T23:10Z,hw296,32,PASS
2026-08-13T23:10Z,hw296,33,PASS
2026-08-13T23:10Z,hw296,34,PASS
2026-08-13T23:10Z,hw296,35,PASS
2026-08-13T23:10Z,hw296,36,PASS
2026-08-13T23:10Z,hw296,37,PASS
2026-08-13T23:10Z,hw296,38,PASS
2026-08-13T23:10Z,hw296,39,PASS
2026-08-13T23:10Z,hw296,4,PASS
2026-08-13T23:10Z,hw296,40,PASS
2026-08-13T23:10Z,hw296,41,PASS
2026-08-13T23:10Z,hw296,42,PASS
2026-08-13T23:10Z,hw296,43,PASS
2026-08-13T23:10Z,hw296,44,PASS
2026-08-13T23:10Z,hw296,45,PASS
2026-08-13T23:10Z,hw296,60,FAIL
2026-08-13T23:10Z,hw296,63,NOTRUN
2026-08-13T23:10Z,hw296,7,PASS
2026-08-13T23:10Z,hw296,8,PASS
2026-08-13T23:10Z,hw296,87,PASS
2026-08-13T23:10Z,hw296,90,PASS
2026-08-13T23:10Z,hw296,95,PASS
2026-08-13T23:10Z,hw296,G11,NOTRUN
2026-08-13T23:10Z,hw296,G7,PASS
2026-08-13T23:10Z,hw296,G8,FAIL
2026-08-13T23:10Z,hw296,G9,FAIL
2026-08-13T23:10Z,hw296,R16,PASS
2026-08-13T23:10Z,hw296,R19,FAIL
2026-08-13T23:10Z,hw296,R20,PASS
2026-08-13T23:10Z,hw296,W3,NOTRUN
2026-08-13T23:25:21Z,hw296,106,PASS
2026-08-13T23:25:21Z,hw296,109,NOTRUN
2026-08-13T23:25:21Z,hw296,110,PASS
2026-08-13T23:25:21Z,hw296,111,PASS
2026-08-13T23:25:21Z,hw296,112,PASS
2026-08-13T23:25:21Z,hw296,113,PASS
2026-08-13T23:25:21Z,hw296,114,PASS
2026-08-13T23:25:21Z,hw296,115,PASS
2026-08-13T23:25:21Z,hw296,121,PASS
2026-08-13T23:25:21Z,hw296,15,PASS
2026-08-13T23:25:21Z,hw296,16,PASS
2026-08-13T23:25:21Z,hw296,164,NOTRUN
2026-08-13T23:25:21Z,hw296,166,NOTRUN
2026-08-13T23:25:21Z,hw296,176,PASS
2026-08-13T23:25:21Z,hw296,177,PASS
2026-08-13T23:25:21Z,hw296,184,PASS
2026-08-13T23:25:21Z,hw296,19,PASS
2026-08-13T23:25:21Z,hw296,192,PASS
2026-08-13T23:25:21Z,hw296,212,NOTRUN
2026-08-13T23:25:21Z,hw296,213,NOTRUN
2026-08-13T23:25:21Z,hw296,222,FAIL
2026-08-13T23:25:21Z,hw296,227,NOTRUN
2026-08-13T23:25:21Z,hw296,228,PASS
2026-08-13T23:25:21Z,hw296,234,PASS
2026-08-13T23:25:21Z,hw296,241,PASS
2026-08-13T23:25:21Z,hw296,242,NOTRUN
2026-08-13T23:25:21Z,hw296,25,PASS
2026-08-13T23:25:21Z,hw296,26,PASS
2026-08-13T23:25:21Z,hw296,27,PASS
2026-08-13T23:25:21Z,hw296,28,PASS
2026-08-13T23:25:21Z,hw296,29,PASS
2026-08-13T23:25:21Z,hw296,30,PASS
2026-08-13T23:25:21Z,hw296,31,PASS
2026-08-13T23:25:21Z,hw296,32,PASS
2026-08-13T23:25:21Z,hw296,33,PASS
2026-08-13T23:25:21Z,hw296,34,PASS
2026-08-13T23:25:21Z,hw296,35,PASS
2026-08-13T23:25:21Z,hw296,36,PASS
2026-08-13T23:25:21Z,hw296,37,PASS
2026-08-13T23:25:21Z,hw296,38,PASS
2026-08-13T23:25:21Z,hw296,39,PASS
2026-08-13T23:25:21Z,hw296,4,PASS
2026-08-13T23:25:21Z,hw296,40,PASS
2026-08-13T23:25:21Z,hw296,41,PASS
2026-08-13T23:25:21Z,hw296,42,PASS
2026-08-13T23:25:21Z,hw296,43,PASS
2026-08-13T23:25:21Z,hw296,44,PASS
2026-08-13T23:25:21Z,hw296,45,PASS
2026-08-13T23:25:21Z,hw296,60,FAIL
2026-08-13T23:25:21Z,hw296,63,NOTRUN
2026-08-13T23:25:21Z,hw296,7,PASS
2026-08-13T23:25:21Z,hw296,8,PASS
2026-08-13T23:25:21Z,hw296,87,PASS
2026-08-13T23:25:21Z,hw296,90,PASS
2026-08-13T23:25:21Z,hw296,95,PASS
2026-08-13T23:25:21Z,hw296,G11,NOTRUN
2026-08-13T23:25:21Z,hw296,G7,PASS
2026-08-13T23:25:21Z,hw296,G8,FAIL
2026-08-13T23:25:21Z,hw296,G9,FAIL
2026-08-13T23:25:21Z,hw296,R16,PASS
2026-08-13T23:25:21Z,hw296,R19,FAIL
2026-08-13T23:25:21Z,hw296,R20,PASS
2026-08-13T23:25:21Z,hw296,W3,NOTRUN
2026-08-14T00:35:00Z,hw296,106,PASS
2026-08-14T00:35:00Z,hw296,109,NOTRUN
2026-08-14T00:35:00Z,hw296,110,PASS
2026-08-14T00:35:00Z,hw296,111,PASS
2026-08-14T00:35:00Z,hw296,112,PASS
2026-08-14T00:35:00Z,hw296,113,PASS
2026-08-14T00:35:00Z,hw296,114,PASS
2026-08-14T00:35:00Z,hw296,115,PASS
2026-08-14T00:35:00Z,hw296,121,PASS
2026-08-14T00:35:00Z,hw296,15,PASS
2026-08-14T00:35:00Z,hw296,16,PASS
2026-08-14T00:35:00Z,hw296,164,NOTRUN
2026-08-14T00:35:00Z,hw296,166,NOTRUN
2026-08-14T00:35:00Z,hw296,176,PASS
2026-08-14T00:35:00Z,hw296,177,PASS
2026-08-14T00:35:00Z,hw296,184,PASS
2026-08-14T00:35:00Z,hw296,19,PASS
2026-08-14T00:35:00Z,hw296,192,PASS
2026-08-14T00:35:00Z,hw296,212,NOTRUN
2026-08-14T00:35:00Z,hw296,213,NOTRUN
2026-08-14T00:35:00Z,hw296,222,FAIL
2026-08-14T00:35:00Z,hw296,227,NOTRUN
2026-08-14T00:35:00Z,hw296,228,PASS
2026-08-14T00:35:00Z,hw296,234,PASS
2026-08-14T00:35:00Z,hw296,241,PASS
2026-08-14T00:35:00Z,hw296,242,NOTRUN
2026-08-14T00:35:00Z,hw296,25,PASS
2026-08-14T00:35:00Z,hw296,26,PASS
2026-08-14T00:35:00Z,hw296,27,PASS
2026-08-14T00:35:00Z,hw296,28,PASS
2026-08-14T00:35:00Z,hw296,29,PASS
2026-08-14T00:35:00Z,hw296,30,PASS
2026-08-14T00:35:00Z,hw296,31,PASS
2026-08-14T00:35:00Z,hw296,32,PASS
2026-08-14T00:35:00Z,hw296,33,PASS
2026-08-14T00:35:00Z,hw296,34,PASS
2026-08-14T00:35:00Z,hw296,35,PASS
2026-08-14T00:35:00Z,hw296,36,PASS
2026-08-14T00:35:00Z,hw296,37,PASS
2026-08-14T00:35:00Z,hw296,38,PASS
2026-08-14T00:35:00Z,hw296,39,PASS
2026-08-14T00:35:00Z,hw296,4,PASS
2026-08-14T00:35:00Z,hw296,40,PASS
2026-08-14T00:35:00Z,hw296,41,PASS
2026-08-14T00:35:00Z,hw296,42,PASS
2026-08-14T00:35:00Z,hw296,43,PASS
2026-08-14T00:35:00Z,hw296,44,PASS
2026-08-14T00:35:00Z,hw296,45,PASS
2026-08-14T00:35:00Z,hw296,60,FAIL
2026-08-14T00:35:00Z,hw296,63,NOTRUN
2026-08-14T00:35:00Z,hw296,7,PASS
2026-08-14T00:35:00Z,hw296,8,PASS
2026-08-14T00:35:00Z,hw296,87,PASS
2026-08-14T00:35:00Z,hw296,90,PASS
2026-08-14T00:35:00Z,hw296,95,PASS
2026-08-14T00:35:00Z,hw296,G11,NOTRUN
2026-08-14T00:35:00Z,hw296,G7,PASS
2026-08-14T00:35:00Z,hw296,G8,PASS
2026-08-14T00:35:00Z,hw296,G9,PASS
2026-08-14T00:35:00Z,hw296,R16,PASS
2026-08-14T00:35:00Z,hw296,R19,PASS
2026-08-14T00:35:00Z,hw296,R20,PASS
2026-08-14T00:35:00Z,hw296,W3,NOTRUN
2026-08-14T06:55:00Z,hw296,106,PASS
2026-08-14T06:55:00Z,hw296,109,NOTRUN
2026-08-14T06:55:00Z,hw296,110,PASS
2026-08-14T06:55:00Z,hw296,111,PASS
2026-08-14T06:55:00Z,hw296,112,PASS
2026-08-14T06:55:00Z,hw296,113,PASS
2026-08-14T06:55:00Z,hw296,114,PASS
2026-08-14T06:55:00Z,hw296,115,PASS
2026-08-14T06:55:00Z,hw296,121,PASS
2026-08-14T06:55:00Z,hw296,15,PASS
2026-08-14T06:55:00Z,hw296,16,PASS
2026-08-14T06:55:00Z,hw296,164,PASS
2026-08-14T06:55:00Z,hw296,166,NOTRUN
2026-08-14T06:55:00Z,hw296,176,PASS
2026-08-14T06:55:00Z,hw296,177,PASS
2026-08-14T06:55:00Z,hw296,184,PASS
2026-08-14T06:55:00Z,hw296,188,PASS
2026-08-14T06:55:00Z,hw296,19,PASS
2026-08-14T06:55:00Z,hw296,192,PASS
2026-08-14T06:55:00Z,hw296,212,PASS
2026-08-14T06:55:00Z,hw296,213,PASS
2026-08-14T06:55:00Z,hw296,218,PASS
2026-08-14T06:55:00Z,hw296,219,FAIL
2026-08-14T06:55:00Z,hw296,220,FAIL
2026-08-14T06:55:00Z,hw296,221,FAIL
2026-08-14T06:55:00Z,hw296,222,FAIL
2026-08-14T06:55:00Z,hw296,223,PASS
2026-08-14T06:55:00Z,hw296,227,NOTRUN
2026-08-14T06:55:00Z,hw296,228,PASS
2026-08-14T06:55:00Z,hw296,234,PASS
2026-08-14T06:55:00Z,hw296,241,PASS
2026-08-14T06:55:00Z,hw296,242,NOTRUN
2026-08-14T06:55:00Z,hw296,25,PASS
2026-08-14T06:55:00Z,hw296,26,PASS
2026-08-14T06:55:00Z,hw296,27,PASS
2026-08-14T06:55:00Z,hw296,28,PASS
2026-08-14T06:55:00Z,hw296,29,PASS
2026-08-14T06:55:00Z,hw296,30,PASS
2026-08-14T06:55:00Z,hw296,31,PASS
2026-08-14T06:55:00Z,hw296,32,PASS
2026-08-14T06:55:00Z,hw296,33,PASS
2026-08-14T06:55:00Z,hw296,34,PASS
2026-08-14T06:55:00Z,hw296,35,PASS
2026-08-14T06:55:00Z,hw296,36,PASS
2026-08-14T06:55:00Z,hw296,37,PASS
2026-08-14T06:55:00Z,hw296,38,PASS
2026-08-14T06:55:00Z,hw296,39,PASS
2026-08-14T06:55:00Z,hw296,4,PASS
2026-08-14T06:55:00Z,hw296,40,PASS
2026-08-14T06:55:00Z,hw296,41,PASS
2026-08-14T06:55:00Z,hw296,42,PASS
2026-08-14T06:55:00Z,hw296,43,PASS
2026-08-14T06:55:00Z,hw296,44,PASS
2026-08-14T06:55:00Z,hw296,45,PASS
2026-08-14T06:55:00Z,hw296,55,PASS
2026-08-14T06:55:00Z,hw296,57,PASS
2026-08-14T06:55:00Z,hw296,60,FAIL
2026-08-14T06:55:00Z,hw296,62,PASS
2026-08-14T06:55:00Z,hw296,63,PASS
2026-08-14T06:55:00Z,hw296,67,PASS
2026-08-14T06:55:00Z,hw296,69,PASS
2026-08-14T06:55:00Z,hw296,7,PASS
2026-08-14T06:55:00Z,hw296,71,PASS
2026-08-14T06:55:00Z,hw296,8,PASS
2026-08-14T06:55:00Z,hw296,87,PASS
2026-08-14T06:55:00Z,hw296,90,PASS
2026-08-14T06:55:00Z,hw296,95,PASS
2026-08-14T06:55:00Z,hw296,G11,FAIL
2026-08-14T06:55:00Z,hw296,G7,PASS
2026-08-14T06:55:00Z,hw296,G8,PASS
2026-08-14T06:55:00Z,hw296,G9,PASS
2026-08-14T06:55:00Z,hw296,R16,PASS
2026-08-14T06:55:00Z,hw296,R19,PASS
2026-08-14T06:55:00Z,hw296,R20,PASS
2026-08-14T06:55:00Z,hw296,W3,PASS
2026-08-14 09:22:00,hw296,106,PASS
2026-08-14 09:22:00,hw296,109,PASS
2026-08-14 09:22:00,hw296,110,PASS
2026-08-14 09:22:00,hw296,111,PASS
2026-08-14 09:22:00,hw296,112,PASS
2026-08-14 09:22:00,hw296,113,PASS
2026-08-14 09:22:00,hw296,114,PASS
2026-08-14 09:22:00,hw296,115,PASS
2026-08-14 09:22:00,hw296,121,PASS
2026-08-14 09:22:00,hw296,15,PASS
2026-08-14 09:22:00,hw296,16,PASS
2026-08-14 09:22:00,hw296,164,PASS
2026-08-14 09:22:00,hw296,166,NOTRUN
2026-08-14 09:22:00,hw296,176,PASS
2026-08-14 09:22:00,hw296,177,PASS
2026-08-14 09:22:00,hw296,184,PASS
2026-08-14 09:22:00,hw296,188,PASS
2026-08-14 09:22:00,hw296,19,PASS
2026-08-14 09:22:00,hw296,192,PASS
2026-08-14 09:22:00,hw296,212,PASS
2026-08-14 09:22:00,hw296,213,PASS
2026-08-14 09:22:00,hw296,218,PASS
2026-08-14 09:22:00,hw296,219,FAIL
2026-08-14 09:22:00,hw296,220,FAIL
2026-08-14 09:22:00,hw296,221,FAIL
2026-08-14 09:22:00,hw296,222,FAIL
2026-08-14 09:22:00,hw296,223,PASS
2026-08-14 09:22:00,hw296,227,NOTRUN
2026-08-14 09:22:00,hw296,228,PASS
2026-08-14 09:22:00,hw296,234,PASS
2026-08-14 09:22:00,hw296,235,PASS
2026-08-14 09:22:00,hw296,241,PASS
2026-08-14 09:22:00,hw296,242,PASS
2026-08-14 09:22:00,hw296,25,PASS
2026-08-14 09:22:00,hw296,26,PASS
2026-08-14 09:22:00,hw296,27,PASS
2026-08-14 09:22:00,hw296,28,PASS
2026-08-14 09:22:00,hw296,29,PASS
2026-08-14 09:22:00,hw296,30,PASS
2026-08-14 09:22:00,hw296,31,PASS
2026-08-14 09:22:00,hw296,32,PASS
2026-08-14 09:22:00,hw296,33,PASS
2026-08-14 09:22:00,hw296,34,PASS
2026-08-14 09:22:00,hw296,35,PASS
2026-08-14 09:22:00,hw296,36,PASS
2026-08-14 09:22:00,hw296,37,PASS
2026-08-14 09:22:00,hw296,38,PASS
2026-08-14 09:22:00,hw296,39,PASS
2026-08-14 09:22:00,hw296,4,PASS
2026-08-14 09:22:00,hw296,40,PASS
2026-08-14 09:22:00,hw296,41,PASS
2026-08-14 09:22:00,hw296,42,PASS
2026-08-14 09:22:00,hw296,43,PASS
2026-08-14 09:22:00,hw296,44,PASS
2026-08-14 09:22:00,hw296,45,PASS
2026-08-14 09:22:00,hw296,55,PASS
2026-08-14 09:22:00,hw296,57,PASS
2026-08-14 09:22:00,hw296,60,FAIL
2026-08-14 09:22:00,hw296,62,PASS
2026-08-14 09:22:00,hw296,63,PASS
2026-08-14 09:22:00,hw296,67,PASS
2026-08-14 09:22:00,hw296,69,PASS
2026-08-14 09:22:00,hw296,7,PASS
2026-08-14 09:22:00,hw296,71,PASS
2026-08-14 09:22:00,hw296,8,PASS
2026-08-14 09:22:00,hw296,87,PASS
2026-08-14 09:22:00,hw296,90,PASS
2026-08-14 09:22:00,hw296,95,PASS
2026-08-14 09:22:00,hw296,G11,FAIL
2026-08-14 09:22:00,hw296,G2,PASS
2026-08-14 09:22:00,hw296,G7,PASS
2026-08-14 09:22:00,hw296,G8,PASS
2026-08-14 09:22:00,hw296,G9,PASS
2026-08-14 09:22:00,hw296,R16,PASS
2026-08-14 09:22:00,hw296,R19,PASS
2026-08-14 09:22:00,hw296,R20,PASS
2026-08-14 09:22:00,hw296,W2,PASS
2026-08-14 09:22:00,hw296,W3,PASS
2026-08-14 09:22:00,hw296,W5,PASS
2026-08-14 10:44:53,hw296,106,PASS
2026-08-14 10:44:53,hw296,109,PASS
2026-08-14 10:44:53,hw296,110,PASS
2026-08-14 10:44:53,hw296,111,PASS
2026-08-14 10:44:53,hw296,112,PASS
2026-08-14 10:44:53,hw296,113,PASS
2026-08-14 10:44:53,hw296,114,PASS
2026-08-14 10:44:53,hw296,115,PASS
2026-08-14 10:44:53,hw296,121,PASS
2026-08-14 10:44:53,hw296,15,PASS
2026-08-14 10:44:53,hw296,16,PASS
2026-08-14 10:44:53,hw296,164,PASS
2026-08-14 10:44:53,hw296,166,NOTRUN
2026-08-14 10:44:53,hw296,176,PASS
2026-08-14 10:44:53,hw296,177,PASS
2026-08-14 10:44:53,hw296,184,PASS
2026-08-14 10:44:53,hw296,188,PASS
2026-08-14 10:44:53,hw296,19,PASS
2026-08-14 10:44:53,hw296,192,PASS
2026-08-14 10:44:53,hw296,212,PASS
2026-08-14 10:44:53,hw296,213,PASS
2026-08-14 10:44:53,hw296,218,PASS
2026-08-14 10:44:53,hw296,219,FAIL
2026-08-14 10:44:53,hw296,220,FAIL
2026-08-14 10:44:53,hw296,221,FAIL
2026-08-14 10:44:53,hw296,222,FAIL
2026-08-14 10:44:53,hw296,223,PASS
2026-08-14 10:44:53,hw296,227,NOTRUN
2026-08-14 10:44:53,hw296,228,PASS
2026-08-14 10:44:53,hw296,234,PASS
2026-08-14 10:44:53,hw296,235,PASS
2026-08-14 10:44:53,hw296,241,PASS
2026-08-14 10:44:53,hw296,242,PASS
2026-08-14 10:44:53,hw296,25,PASS
2026-08-14 10:44:53,hw296,26,PASS
2026-08-14 10:44:53,hw296,27,PASS
2026-08-14 10:44:53,hw296,28,PASS
2026-08-14 10:44:53,hw296,29,PASS
2026-08-14 10:44:53,hw296,30,PASS
2026-08-14 10:44:53,hw296,31,PASS
2026-08-14 10:44:53,hw296,32,PASS
2026-08-14 10:44:53,hw296,33,PASS
2026-08-14 10:44:53,hw296,34,PASS
2026-08-14 10:44:53,hw296,35,PASS
2026-08-14 10:44:53,hw296,36,PASS
2026-08-14 10:44:53,hw296,37,PASS
2026-08-14 10:44:53,hw296,38,PASS
2026-08-14 10:44:53,hw296,39,PASS
2026-08-14 10:44:53,hw296,4,PASS
2026-08-14 10:44:53,hw296,40,PASS
2026-08-14 10:44:53,hw296,41,PASS
2026-08-14 10:44:53,hw296,42,PASS
2026-08-14 10:44:53,hw296,43,PASS
2026-08-14 10:44:53,hw296,44,PASS
2026-08-14 10:44:53,hw296,45,PASS
2026-08-14 10:44:53,hw296,55,PASS
2026-08-14 10:44:53,hw296,57,PASS
2026-08-14 10:44:53,hw296,60,FAIL
2026-08-14 10:44:53,hw296,62,PASS
2026-08-14 10:44:53,hw296,63,PASS
2026-08-14 10:44:53,hw296,67,PASS
2026-08-14 10:44:53,hw296,69,PASS
2026-08-14 10:44:53,hw296,7,PASS
2026-08-14 10:44:53,hw296,71,PASS
2026-08-14 10:44:53,hw296,8,PASS
2026-08-14 10:44:53,hw296,87,PASS
2026-08-14 10:44:53,hw296,90,PASS
2026-08-14 10:44:53,hw296,95,PASS
2026-08-14 10:44:53,hw296,G11,FAIL
2026-08-14 10:44:53,hw296,G2,PASS
2026-08-14 10:44:53,hw296,G7,PASS
2026-08-14 10:44:53,hw296,G8,PASS
2026-08-14 10:44:53,hw296,G9,PASS
2026-08-14 10:44:53,hw296,R16,PASS
2026-08-14 10:44:53,hw296,R19,PASS
2026-08-14 10:44:53,hw296,R20,PASS
2026-08-14 10:44:53,hw296,W2,PASS
2026-08-14 10:44:53,hw296,W3,PASS
2026-08-14 10:44:53,hw296,W5,PASS
